as_of_date,ts_code,name,industry,market,exchange,theme,sub_theme,source,confidence,evidence,valid_from,valid_to
20250101,000020.SZ,深华发Ａ,元器件,主板,SZSE,AI算力,CPO/光模块,stock_basic_keyword,0.75,industry:元器件,20250101,
20250101,000021.SZ,深科技,元器件,主板,SZSE,AI算力,CPO/光模块,stock_basic_keyword,0.75,industry:元器件,20250101,
20250101,000045.SZ,深纺织Ａ,元器件,主板,SZSE,AI算力,CPO/光模块,stock_basic_keyword,0.75,industry:元器件,20250101,
20250101,000050.SZ,深天马Ａ,元器件,主板,SZSE,AI算力,CPO/光模块,stock_basic_keyword,0.75,industry:元器件,20250101,
20250101,000062.SZ,深圳华强,元器件,主板,SZSE,AI算力,CPO/光模块,stock_basic_keyword,0.75,industry:元器件,20250101,
20250101,000063.SZ,中兴通讯,通信设备,主板,SZSE,AI算力,CPO/光模块,stock_basic_keyword,0.75,industry:通信设备,20250101,
20250101,000070.SZ,特发信息,通信设备,主板,SZSE,AI算力,CPO/光模块,stock_basic_keyword,0.75,industry:通信设备,20250101,
20250101,000100.SZ,TCL科技,元器件,主板,SZSE,AI算力,CPO/光模块,stock_basic_keyword,0.75,industry:元器件,20250101,
20250101,000509.SZ,华塑控股,元器件,主板,SZSE,AI算力,CPO/光模块,stock_basic_keyword,0.75,industry:元器件,20250101,
20250101,000536.SZ,华映科技,元器件,主板,SZSE,AI算力,CPO/光模块,stock_basic_keyword,0.75,industry:元器件,20250101,
20250101,000547.SZ,航天发展,通信设备,主板,SZSE,AI算力,CPO/光模块,stock_basic_keyword,0.75,industry:通信设备,20250101,
20250101,000561.SZ,烽火电子,通信设备,主板,SZSE,AI算力,CPO/光模块,stock_basic_keyword,0.75,industry:通信设备,20250101,
20250101,000586.SZ,汇源通信,通信设备,主板,SZSE,AI算力,CPO/光模块,stock_basic_keyword,0.75,industry:通信设备,20250101,
20250101,000636.SZ,风华高科,元器件,主板,SZSE,AI算力,CPO/光模块,stock_basic_keyword,0.75,industry:元器件,20250101,
20250101,000670.SZ,盈方微,元器件,主板,SZSE,AI算力,CPO/光模块,stock_basic_keyword,0.75,industry:元器件,20250101,
20250101,000725.SZ,京东方Ａ,元器件,主板,SZSE,AI算力,CPO/光模块,stock_basic_keyword,0.75,industry:元器件,20250101,
20250101,000727.SZ,冠捷科技,元器件,主板,SZSE,AI算力,CPO/光模块,stock_basic_keyword,0.75,industry:元器件,20250101,
20250101,000733.SZ,振华科技,元器件,主板,SZSE,AI算力,CPO/光模块,stock_basic_keyword,0.75,industry:元器件,20250101,
20250101,000815.SZ,美利云,通信设备,主板,SZSE,AI算力,CPO/光模块,stock_basic_keyword,0.75,industry:通信设备,20250101,
20250101,000823.SZ,超声电子,元器件,主板,SZSE,AI算力,CPO/光模块,stock_basic_keyword,0.75,industry:元器件,20250101,
20250101,000889.SZ,中嘉博创,通信设备,主板,SZSE,AI算力,CPO/光模块,stock_basic_keyword,0.75,industry:通信设备,20250101,
20250101,001267.SZ,汇绿生态,通信设备,主板,SZSE,AI算力,CPO/光模块,stock_basic_keyword,0.75,industry:通信设备,20250101,
20250101,001287.SZ,中电港,元器件,主板,SZSE,AI算力,CPO/光模块,stock_basic_keyword,0.75,industry:元器件,20250101,
20250101,001298.SZ,好上好,元器件,主板,SZSE,AI算力,CPO/光模块,stock_basic_keyword,0.75,industry:元器件,20250101,
20250101,001308.SZ,康冠科技,元器件,主板,SZSE,AI算力,CPO/光模块,stock_basic_keyword,0.75,industry:元器件,20250101,
20250101,001314.SZ,亿道信息,元器件,主板,SZSE,AI算力,CPO/光模块,stock_basic_keyword,0.75,industry:元器件,20250101,
20250101,001373.SZ,翔腾新材,元器件,主板,SZSE,AI算力,CPO/光模块,stock_basic_keyword,0.75,industry:元器件,20250101,
20250101,001389.SZ,广合科技,元器件,主板,SZSE,AI算力,CPO/光模块,stock_basic_keyword,0.75,industry:元器件,20250101,
20250101,002017.SZ,东信和平,通信设备,主板,SZSE,AI算力,CPO/光模块,stock_basic_keyword,0.75,industry:通信设备,20250101,
20250101,002025.SZ,航天电器,元器件,主板,SZSE,AI算力,CPO/光模块,stock_basic_keyword,0.75,industry:元器件,20250101,
20250101,002036.SZ,联创电子,元器件,主板,SZSE,AI算力,CPO/光模块,stock_basic_keyword,0.75,industry:元器件,20250101,
20250101,002045.SZ,国光电器,元器件,主板,SZSE,AI算力,CPO/光模块,stock_basic_keyword,0.75,industry:元器件,20250101,
20250101,002055.SZ,ST得润,元器件,主板,SZSE,AI算力,CPO/光模块,stock_basic_keyword,0.75,industry:元器件,20250101,
20250101,002104.SZ,恒宝股份,通信设备,主板,SZSE,AI算力,CPO/光模块,stock_basic_keyword,0.75,industry:通信设备,20250101,
20250101,002106.SZ,莱宝高科,元器件,主板,SZSE,AI算力,CPO/光模块,stock_basic_keyword,0.75,industry:元器件,20250101,
20250101,002134.SZ,天津普林,元器件,主板,SZSE,AI算力,CPO/光模块,stock_basic_keyword,0.75,industry:元器件,20250101,
20250101,002137.SZ,实益达,元器件,主板,SZSE,AI算力,CPO/光模块,stock_basic_keyword,0.75,industry:元器件,20250101,
20250101,002138.SZ,顺络电子,元器件,主板,SZSE,AI算力,CPO/光模块,stock_basic_keyword,0.75,industry:元器件,20250101,
20250101,002139.SZ,拓邦股份,元器件,主板,SZSE,AI算力,CPO/光模块,stock_basic_keyword,0.75,industry:元器件,20250101,
20250101,002151.SZ,北斗星通,通信设备,主板,SZSE,AI算力,CPO/光模块,stock_basic_keyword,0.75,industry:通信设备,20250101,
20250101,002161.SZ,远望谷,通信设备,主板,SZSE,AI算力,CPO/光模块,stock_basic_keyword,0.75,industry:通信设备,20250101,
20250101,002179.SZ,中航光电,元器件,主板,SZSE,AI算力,CPO/光模块,stock_basic_keyword,0.75,industry:元器件,20250101,
20250101,002189.SZ,中光学,元器件,主板,SZSE,AI算力,CPO/光模块,stock_basic_keyword,0.75,industry:元器件,20250101,
20250101,002194.SZ,武汉凡谷,通信设备,主板,SZSE,AI算力,CPO/光模块,stock_basic_keyword,0.75,industry:通信设备,20250101,
20250101,002199.SZ,*ST东晶,元器件,主板,SZSE,AI算力,CPO/光模块,stock_basic_keyword,0.75,industry:元器件,20250101,
20250101,002217.SZ,合力泰,元器件,主板,SZSE,AI算力,CPO/光模块,stock_basic_keyword,0.75,industry:元器件,20250101,
20250101,002222.SZ,福晶科技,元器件,主板,SZSE,AI算力,CPO/光模块,stock_basic_keyword,0.75,industry:元器件,20250101,
20250101,002241.SZ,歌尔股份,元器件,主板,SZSE,AI算力,CPO/光模块,stock_basic_keyword,0.75,industry:元器件,20250101,
20250101,002273.SZ,水晶光电,元器件,主板,SZSE,AI算力,CPO/光模块,stock_basic_keyword,0.75,industry:元器件,20250101,
20250101,002281.SZ,光迅科技,通信设备,主板,SZSE,AI算力,CPO/光模块,stock_basic_keyword,0.75,industry:通信设备;name:光迅,20250101,
20250101,002289.SZ,*ST宇顺,元器件,主板,SZSE,AI算力,CPO/光模块,stock_basic_keyword,0.75,industry:元器件,20250101,
20250101,002296.SZ,辉煌科技,通信设备,主板,SZSE,AI算力,CPO/光模块,stock_basic_keyword,0.75,industry:通信设备,20250101,
20250101,002313.SZ,日海智能,通信设备,主板,SZSE,AI算力,CPO/光模块,stock_basic_keyword,0.75,industry:通信设备,20250101,
20250101,002369.SZ,卓翼科技,通信设备,主板,SZSE,AI算力,CPO/光模块,stock_basic_keyword,0.75,industry:通信设备,20250101,
20250101,002383.SZ,合众思壮,通信设备,主板,SZSE,AI算力,CPO/光模块,stock_basic_keyword,0.75,industry:通信设备,20250101,
20250101,002384.SZ,东山精密,元器件,主板,SZSE,AI算力,CPO/光模块,stock_basic_keyword,0.75,industry:元器件,20250101,
20250101,002387.SZ,维信诺,元器件,主板,SZSE,AI算力,CPO/光模块,stock_basic_keyword,0.75,industry:元器件,20250101,
20250101,002388.SZ,新亚制程,元器件,主板,SZSE,AI算力,CPO/光模块,stock_basic_keyword,0.75,industry:元器件,20250101,
20250101,002396.SZ,星网锐捷,通信设备,主板,SZSE,AI算力,CPO/光模块,stock_basic_keyword,0.75,industry:通信设备,20250101,
20250101,002402.SZ,和而泰,元器件,主板,SZSE,AI算力,CPO/光模块,stock_basic_keyword,0.75,industry:元器件,20250101,
20250101,002413.SZ,雷科防务,通信设备,主板,SZSE,AI算力,CPO/光模块,stock_basic_keyword,0.75,industry:通信设备,20250101,
20250101,002426.SZ,胜利精密,元器件,主板,SZSE,AI算力,CPO/光模块,stock_basic_keyword,0.75,industry:元器件,20250101,
20250101,002436.SZ,兴森科技,元器件,主板,SZSE,AI算力,CPO/光模块,stock_basic_keyword,0.75,industry:元器件,20250101,
20250101,002446.SZ,盛路通信,通信设备,主板,SZSE,AI算力,CPO/光模块,stock_basic_keyword,0.75,industry:通信设备,20250101,
20250101,002456.SZ,欧菲光,元器件,主板,SZSE,AI算力,CPO/光模块,stock_basic_keyword,0.75,industry:元器件,20250101,
20250101,002463.SZ,沪电股份,元器件,主板,SZSE,AI算力,CPO/光模块,stock_basic_keyword,0.75,industry:元器件,20250101,
20250101,002465.SZ,海格通信,通信设备,主板,SZSE,AI算力,CPO/光模块,stock_basic_keyword,0.75,industry:通信设备,20250101,
20250101,002475.SZ,立讯精密,元器件,主板,SZSE,AI算力,CPO/光模块,stock_basic_keyword,0.75,industry:元器件,20250101,
20250101,002484.SZ,江海股份,元器件,主板,SZSE,AI算力,CPO/光模块,stock_basic_keyword,0.75,industry:元器件,20250101,
20250101,002491.SZ,通鼎互联,通信设备,主板,SZSE,AI算力,CPO/光模块,stock_basic_keyword,0.75,industry:通信设备,20250101,
20250101,002519.SZ,银河电子,通信设备,主板,SZSE,AI算力,CPO/光模块,stock_basic_keyword,0.75,industry:通信设备,20250101,
20250101,002544.SZ,普天科技,通信设备,主板,SZSE,AI算力,CPO/光模块,stock_basic_keyword,0.75,industry:通信设备,20250101,
20250101,002552.SZ,宝鼎科技,元器件,主板,SZSE,AI算力,CPO/光模块,stock_basic_keyword,0.75,industry:元器件,20250101,
20250101,002579.SZ,中京电子,元器件,主板,SZSE,AI算力,CPO/光模块,stock_basic_keyword,0.75,industry:元器件,20250101,
20250101,002583.SZ,海能达,通信设备,主板,SZSE,AI算力,CPO/光模块,stock_basic_keyword,0.75,industry:通信设备,20250101,
20250101,002587.SZ,奥拓电子,元器件,主板,SZSE,AI算力,CPO/光模块,stock_basic_keyword,0.75,industry:元器件,20250101,
20250101,002600.SZ,领益智造,元器件,主板,SZSE,AI算力,CPO/光模块,stock_basic_keyword,0.75,industry:元器件,20250101,
20250101,002635.SZ,安洁科技,元器件,主板,SZSE,AI算力,CPO/光模块,stock_basic_keyword,0.75,industry:元器件,20250101,
20250101,002636.SZ,金安国纪,元器件,主板,SZSE,AI算力,CPO/光模块,stock_basic_keyword,0.75,industry:元器件,20250101,
20250101,002655.SZ,共达电声,元器件,主板,SZSE,AI算力,CPO/光模块,stock_basic_keyword,0.75,industry:元器件,20250101,
20250101,002681.SZ,奋达科技,元器件,主板,SZSE,AI算力,CPO/光模块,stock_basic_keyword,0.75,industry:元器件,20250101,
20250101,002724.SZ,海洋王,元器件,主板,SZSE,AI算力,CPO/光模块,stock_basic_keyword,0.75,industry:元器件,20250101,
20250101,002729.SZ,好利科技,元器件,主板,SZSE,AI算力,CPO/光模块,stock_basic_keyword,0.75,industry:元器件,20250101,
20250101,002745.SZ,木林森,元器件,主板,SZSE,AI算力,CPO/光模块,stock_basic_keyword,0.75,industry:元器件,20250101,
20250101,002765.SZ,蓝黛科技,元器件,主板,SZSE,AI算力,CPO/光模块,stock_basic_keyword,0.75,industry:元器件,20250101,
20250101,002782.SZ,可立克,元器件,主板,SZSE,AI算力,CPO/光模块,stock_basic_keyword,0.75,industry:元器件,20250101,
20250101,002792.SZ,通宇通讯,通信设备,主板,SZSE,AI算力,CPO/光模块,stock_basic_keyword,0.75,industry:通信设备,20250101,
20250101,002796.SZ,世嘉科技,通信设备,主板,SZSE,AI算力,CPO/光模块,stock_basic_keyword,0.75,industry:通信设备,20250101,
20250101,002808.SZ,*ST恒久,元器件,主板,SZSE,AI算力,CPO/光模块,stock_basic_keyword,0.75,industry:元器件,20250101,
20250101,002815.SZ,崇达技术,元器件,主板,SZSE,AI算力,CPO/光模块,stock_basic_keyword,0.75,industry:元器件,20250101,
20250101,002841.SZ,视源股份,元器件,主板,SZSE,AI算力,CPO/光模块,stock_basic_keyword,0.75,industry:元器件,20250101,
20250101,002845.SZ,同兴达,元器件,主板,SZSE,AI算力,CPO/光模块,stock_basic_keyword,0.75,industry:元器件,20250101,
20250101,002855.SZ,捷荣技术,元器件,主板,SZSE,AI算力,CPO/光模块,stock_basic_keyword,0.75,industry:元器件,20250101,
20250101,002859.SZ,洁美科技,元器件,主板,SZSE,AI算力,CPO/光模块,stock_basic_keyword,0.75,industry:元器件,20250101,
20250101,002861.SZ,瀛通通讯,元器件,主板,SZSE,AI算力,CPO/光模块,stock_basic_keyword,0.75,industry:元器件,20250101,
20250101,002869.SZ,金溢科技,通信设备,主板,SZSE,AI算力,CPO/光模块,stock_basic_keyword,0.75,industry:通信设备,20250101,
20250101,002876.SZ,三利谱,元器件,主板,SZSE,AI算力,CPO/光模块,stock_basic_keyword,0.75,industry:元器件,20250101,
20250101,002881.SZ,美格智能,元器件,主板,SZSE,AI算力,CPO/光模块,stock_basic_keyword,0.75,industry:元器件,20250101,
20250101,002885.SZ,京泉华,元器件,主板,SZSE,AI算力,CPO/光模块,stock_basic_keyword,0.75,industry:元器件,20250101,
20250101,002888.SZ,惠威科技,元器件,主板,SZSE,AI算力,CPO/光模块,stock_basic_keyword,0.75,industry:元器件,20250101,
20250101,002897.SZ,意华股份,元器件,主板,SZSE,AI算力,CPO/光模块,stock_basic_keyword,0.75,industry:元器件,20250101,
20250101,002902.SZ,铭普光磁,通信设备,主板,SZSE,AI算力,CPO/光模块,stock_basic_keyword,0.75,industry:通信设备,20250101,
20250101,002913.SZ,奥士康,元器件,主板,SZSE,AI算力,CPO/光模块,stock_basic_keyword,0.75,industry:元器件,20250101,
20250101,002916.SZ,深南电路,元器件,主板,SZSE,AI算力,CPO/光模块,stock_basic_keyword,0.75,industry:元器件,20250101,
20250101,002925.SZ,盈趣科技,元器件,主板,SZSE,AI算力,CPO/光模块,stock_basic_keyword,0.75,industry:元器件,20250101,
20250101,002929.SZ,润建股份,通信设备,主板,SZSE,AI算力,CPO/光模块,stock_basic_keyword,0.75,industry:通信设备,20250101,
20250101,002937.SZ,兴瑞科技,元器件,主板,SZSE,AI算力,CPO/光模块,stock_basic_keyword,0.75,industry:元器件,20250101,
20250101,002938.SZ,鹏鼎控股,元器件,主板,SZSE,AI算力,CPO/光模块,stock_basic_keyword,0.75,industry:元器件,20250101,
20250101,002947.SZ,恒铭达,元器件,主板,SZSE,AI算力,CPO/光模块,stock_basic_keyword,0.75,industry:元器件,20250101,
20250101,002952.SZ,亚世光电,元器件,主板,SZSE,AI算力,CPO/光模块,stock_basic_keyword,0.75,industry:元器件,20250101,
20250101,002962.SZ,五方光电,元器件,主板,SZSE,AI算力,CPO/光模块,stock_basic_keyword,0.75,industry:元器件,20250101,
20250101,002977.SZ,天箭科技,通信设备,主板,SZSE,AI算力,CPO/光模块,stock_basic_keyword,0.75,industry:通信设备,20250101,
20250101,002981.SZ,朝阳科技,元器件,主板,SZSE,AI算力,CPO/光模块,stock_basic_keyword,0.75,industry:元器件,20250101,
20250101,002983.SZ,芯瑞达,元器件,主板,SZSE,AI算力,CPO/光模块,stock_basic_keyword,0.75,industry:元器件,20250101,
20250101,002992.SZ,宝明科技,元器件,主板,SZSE,AI算力,CPO/光模块,stock_basic_keyword,0.75,industry:元器件,20250101,
20250101,002993.SZ,奥海科技,元器件,主板,SZSE,AI算力,CPO/光模块,stock_basic_keyword,0.75,industry:元器件,20250101,
20250101,003015.SZ,日久光电,元器件,主板,SZSE,AI算力,CPO/光模块,stock_basic_keyword,0.75,industry:元器件,20250101,
20250101,003019.SZ,宸展光电,元器件,主板,SZSE,AI算力,CPO/光模块,stock_basic_keyword,0.75,industry:元器件,20250101,
20250101,003021.SZ,兆威机电,元器件,主板,SZSE,AI算力,CPO/光模块,stock_basic_keyword,0.75,industry:元器件,20250101,
20250101,003028.SZ,振邦智能,元器件,主板,SZSE,AI算力,CPO/光模块,stock_basic_keyword,0.75,industry:元器件,20250101,
20250101,003031.SZ,中瓷电子,元器件,主板,SZSE,AI算力,CPO/光模块,stock_basic_keyword,0.75,industry:元器件,20250101,
20250101,003040.SZ,楚天龙,通信设备,主板,SZSE,AI算力,CPO/光模块,stock_basic_keyword,0.75,industry:通信设备,20250101,
20250101,300025.SZ,华星创业,通信设备,创业板,SZSE,AI算力,CPO/光模块,stock_basic_keyword,0.75,industry:通信设备,20250101,
20250101,300032.SZ,金龙机电,元器件,创业板,SZSE,AI算力,CPO/光模块,stock_basic_keyword,0.75,industry:元器件,20250101,
20250101,300050.SZ,世纪鼎利,通信设备,创业板,SZSE,AI算力,CPO/光模块,stock_basic_keyword,0.75,industry:通信设备,20250101,
20250101,300088.SZ,长信科技,元器件,创业板,SZSE,AI算力,CPO/光模块,stock_basic_keyword,0.75,industry:元器件,20250101,
20250101,300101.SZ,振芯科技,通信设备,创业板,SZSE,AI算力,CPO/光模块,stock_basic_keyword,0.75,industry:通信设备,20250101,
20250101,300115.SZ,长盈精密,元器件,创业板,SZSE,AI算力,CPO/光模块,stock_basic_keyword,0.75,industry:元器件,20250101,
20250101,300120.SZ,经纬辉开,元器件,创业板,SZSE,AI算力,CPO/光模块,stock_basic_keyword,0.75,industry:元器件,20250101,
20250101,300128.SZ,锦富技术,元器件,创业板,SZSE,AI算力,CPO/光模块,stock_basic_keyword,0.75,industry:元器件,20250101,
20250101,300131.SZ,英唐智控,元器件,创业板,SZSE,AI算力,CPO/光模块,stock_basic_keyword,0.75,industry:元器件,20250101,
20250101,300134.SZ,大富科技,通信设备,创业板,SZSE,AI算力,CPO/光模块,stock_basic_keyword,0.75,industry:通信设备,20250101,
20250101,300136.SZ,信维通信,元器件,创业板,SZSE,AI算力,CPO/光模块,stock_basic_keyword,0.75,industry:元器件,20250101,
20250101,300162.SZ,雷曼光电,元器件,创业板,SZSE,AI算力,CPO/光模块,stock_basic_keyword,0.75,industry:元器件,20250101,
20250101,300177.SZ,中海达,通信设备,创业板,SZSE,AI算力,CPO/光模块,stock_basic_keyword,0.75,industry:通信设备,20250101,
20250101,300183.SZ,东软载波,通信设备,创业板,SZSE,AI算力,CPO/光模块,stock_basic_keyword,0.75,industry:通信设备,20250101,
20250101,300184.SZ,力源信息,元器件,创业板,SZSE,AI算力,CPO/光模块,stock_basic_keyword,0.75,industry:元器件,20250101,
20250101,300205.SZ,*ST天喻,通信设备,创业板,SZSE,AI算力,CPO/光模块,stock_basic_keyword,0.75,industry:通信设备,20250101,
20250101,300211.SZ,*ST亿通,通信设备,创业板,SZSE,AI算力,CPO/光模块,stock_basic_keyword,0.75,industry:通信设备,20250101,
20250101,300213.SZ,佳讯飞鸿,通信设备,创业板,SZSE,AI算力,CPO/光模块,stock_basic_keyword,0.75,industry:通信设备,20250101,
20250101,300219.SZ,鸿利智汇,元器件,创业板,SZSE,AI算力,CPO/光模块,stock_basic_keyword,0.75,industry:元器件,20250101,
20250101,300232.SZ,洲明科技,元器件,创业板,SZSE,AI算力,CPO/光模块,stock_basic_keyword,0.75,industry:元器件,20250101,
20250101,300252.SZ,金信诺,通信设备,创业板,SZSE,AI算力,CPO/光模块,stock_basic_keyword,0.75,industry:通信设备,20250101,
20250101,300256.SZ,星星科技,元器件,创业板,SZSE,AI算力,CPO/光模块,stock_basic_keyword,0.75,industry:元器件,20250101,
20250101,300269.SZ,联建光电,元器件,创业板,SZSE,AI算力,CPO/光模块,stock_basic_keyword,0.75,industry:元器件,20250101,
20250101,300279.SZ,和晶科技,元器件,创业板,SZSE,AI算力,CPO/光模块,stock_basic_keyword,0.75,industry:元器件,20250101,
20250101,300296.SZ,利亚德,元器件,创业板,SZSE,AI算力,CPO/光模块,stock_basic_keyword,0.75,industry:元器件,20250101,
20250101,300308.SZ,中际旭创,通信设备,创业板,SZSE,AI算力,CPO/光模块,stock_basic_keyword,0.75,industry:通信设备;name:中际,20250101,
20250101,300310.SZ,宜通世纪,通信设备,创业板,SZSE,AI算力,CPO/光模块,stock_basic_keyword,0.75,industry:通信设备,20250101,
20250101,300319.SZ,麦捷科技,元器件,创业板,SZSE,AI算力,CPO/光模块,stock_basic_keyword,0.75,industry:元器件,20250101,
20250101,300322.SZ,硕贝德,元器件,创业板,SZSE,AI算力,CPO/光模块,stock_basic_keyword,0.75,industry:元器件,20250101,
20250101,300331.SZ,苏大维格,元器件,创业板,SZSE,AI算力,CPO/光模块,stock_basic_keyword,0.75,industry:元器件,20250101,
20250101,300353.SZ,东土科技,通信设备,创业板,SZSE,AI算力,CPO/光模块,stock_basic_keyword,0.75,industry:通信设备,20250101,
20250101,300389.SZ,艾比森,元器件,创业板,SZSE,AI算力,CPO/光模块,stock_basic_keyword,0.75,industry:元器件,20250101,
20250101,300394.SZ,天孚通信,通信设备,创业板,SZSE,AI算力,CPO/光模块,stock_basic_keyword,0.75,industry:通信设备;name:天孚,20250101,
20250101,300397.SZ,天和防务,通信设备,创业板,SZSE,AI算力,CPO/光模块,stock_basic_keyword,0.75,industry:通信设备,20250101,
20250101,300408.SZ,三环集团,元器件,创业板,SZSE,AI算力,CPO/光模块,stock_basic_keyword,0.75,industry:元器件,20250101,
20250101,300414.SZ,中光防雷,通信设备,创业板,SZSE,AI算力,CPO/光模块,stock_basic_keyword,0.75,industry:通信设备,20250101,
20250101,300433.SZ,蓝思科技,元器件,创业板,SZSE,AI算力,CPO/光模块,stock_basic_keyword,0.75,industry:元器件,20250101,
20250101,300460.SZ,ST惠伦,元器件,创业板,SZSE,AI算力,CPO/光模块,stock_basic_keyword,0.75,industry:元器件,20250101,
20250101,300474.SZ,景嘉微,元器件,创业板,SZSE,AI算力,CPO/光模块,stock_basic_keyword,0.75,industry:元器件,20250101,
20250101,300475.SZ,香农芯创,元器件,创业板,SZSE,AI算力,CPO/光模块,stock_basic_keyword,0.75,industry:元器件,20250101,
20250101,300476.SZ,胜宏科技,元器件,创业板,SZSE,AI算力,CPO/光模块,stock_basic_keyword,0.75,industry:元器件,20250101,
20250101,300493.SZ,润欣科技,元器件,创业板,SZSE,AI算力,CPO/光模块,stock_basic_keyword,0.75,industry:元器件,20250101,
20250101,300502.SZ,新易盛,通信设备,创业板,SZSE,AI算力,CPO/光模块,stock_basic_keyword,0.75,industry:通信设备;name:新易盛,20250101,
20250101,300504.SZ,天邑股份,通信设备,创业板,SZSE,AI算力,CPO/光模块,stock_basic_keyword,0.75,industry:通信设备,20250101,
20250101,300543.SZ,朗科智能,元器件,创业板,SZSE,AI算力,CPO/光模块,stock_basic_keyword,0.75,industry:元器件,20250101,
20250101,300548.SZ,长芯博创,通信设备,创业板,SZSE,AI算力,CPO/光模块,stock_basic_keyword,0.75,industry:通信设备,20250101,
20250101,300555.SZ,ST路通,通信设备,创业板,SZSE,AI算力,CPO/光模块,stock_basic_keyword,0.75,industry:通信设备,20250101,
20250101,300560.SZ,中富通,通信设备,创业板,SZSE,AI算力,CPO/光模块,stock_basic_keyword,0.75,industry:通信设备,20250101,
20250101,300563.SZ,神宇股份,通信设备,创业板,SZSE,AI算力,CPO/光模块,stock_basic_keyword,0.75,industry:通信设备,20250101,
20250101,300565.SZ,科信技术,通信设备,创业板,SZSE,AI算力,CPO/光模块,stock_basic_keyword,0.75,industry:通信设备,20250101,
20250101,300566.SZ,激智科技,元器件,创业板,SZSE,AI算力,CPO/光模块,stock_basic_keyword,0.75,industry:元器件,20250101,
20250101,300570.SZ,太辰光,通信设备,创业板,SZSE,AI算力,CPO/光模块,stock_basic_keyword,0.75,industry:通信设备,20250101,
20250101,300578.SZ,会畅科技,通信设备,创业板,SZSE,AI算力,CPO/光模块,stock_basic_keyword,0.75,industry:通信设备,20250101,
20250101,300582.SZ,英飞特,元器件,创业板,SZSE,AI算力,CPO/光模块,stock_basic_keyword,0.75,industry:元器件,20250101,
20250101,300590.SZ,移为通信,通信设备,创业板,SZSE,AI算力,CPO/光模块,stock_basic_keyword,0.75,industry:通信设备,20250101,
20250101,300597.SZ,吉大通信,通信设备,创业板,SZSE,AI算力,CPO/光模块,stock_basic_keyword,0.75,industry:通信设备,20250101,
20250101,300602.SZ,飞荣达,元器件,创业板,SZSE,AI算力,CPO/光模块,stock_basic_keyword,0.75,industry:元器件,20250101,
20250101,300603.SZ,立昂技术,通信设备,创业板,SZSE,AI算力,CPO/光模块,stock_basic_keyword,0.75,industry:通信设备,20250101,
20250101,300615.SZ,欣天科技,通信设备,创业板,SZSE,AI算力,CPO/光模块,stock_basic_keyword,0.75,industry:通信设备,20250101,
20250101,300620.SZ,光库科技,通信设备,创业板,SZSE,AI算力,CPO/光模块,stock_basic_keyword,0.75,industry:通信设备;name:光库,20250101,
20250101,300627.SZ,华测导航,通信设备,创业板,SZSE,AI算力,CPO/光模块,stock_basic_keyword,0.75,industry:通信设备,20250101,
20250101,300628.SZ,亿联网络,通信设备,创业板,SZSE,AI算力,CPO/光模块,stock_basic_keyword,0.75,industry:通信设备,20250101,
20250101,300629.SZ,新劲刚,元器件,创业板,SZSE,AI算力,CPO/光模块,stock_basic_keyword,0.75,industry:元器件,20250101,
20250101,300638.SZ,广和通,通信设备,创业板,SZSE,AI算力,CPO/光模块,stock_basic_keyword,0.75,industry:通信设备,20250101,
20250101,300650.SZ,太龙股份,元器件,创业板,SZSE,AI算力,CPO/光模块,stock_basic_keyword,0.75,industry:元器件,20250101,
20250101,300657.SZ,弘信电子,元器件,创业板,SZSE,AI算力,CPO/光模块,stock_basic_keyword,0.75,industry:元器件,20250101,
20250101,300679.SZ,电连技术,元器件,创业板,SZSE,AI算力,CPO/光模块,stock_basic_keyword,0.75,industry:元器件,20250101,
20250101,300684.SZ,中石科技,元器件,创业板,SZSE,AI算力,CPO/光模块,stock_basic_keyword,0.75,industry:元器件,20250101,
20250101,300686.SZ,智动力,元器件,创业板,SZSE,AI算力,CPO/光模块,stock_basic_keyword,0.75,industry:元器件,20250101,
20250101,300689.SZ,澄天伟业,通信设备,创业板,SZSE,AI算力,CPO/光模块,stock_basic_keyword,0.75,industry:通信设备,20250101,
20250101,300691.SZ,联合光电,元器件,创业板,SZSE,AI算力,CPO/光模块,stock_basic_keyword,0.75,industry:元器件,20250101,
20250101,300698.SZ,万马科技,通信设备,创业板,SZSE,AI算力,CPO/光模块,stock_basic_keyword,0.75,industry:通信设备,20250101,
20250101,300701.SZ,森霸传感,元器件,创业板,SZSE,AI算力,CPO/光模块,stock_basic_keyword,0.75,industry:元器件,20250101,
20250101,300706.SZ,阿石创,元器件,创业板,SZSE,AI算力,CPO/光模块,stock_basic_keyword,0.75,industry:元器件,20250101,
20250101,300709.SZ,精研科技,元器件,创业板,SZSE,AI算力,CPO/光模块,stock_basic_keyword,0.75,industry:元器件,20250101,
20250101,300710.SZ,万隆光电,通信设备,创业板,SZSE,AI算力,CPO/光模块,stock_basic_keyword,0.75,industry:通信设备,20250101,
20250101,300711.SZ,广哈通信,通信设备,创业板,SZSE,AI算力,CPO/光模块,stock_basic_keyword,0.75,industry:通信设备,20250101,
20250101,300726.SZ,宏达电子,元器件,创业板,SZSE,AI算力,CPO/光模块,stock_basic_keyword,0.75,industry:元器件,20250101,
20250101,300735.SZ,光弘科技,元器件,创业板,SZSE,AI算力,CPO/光模块,stock_basic_keyword,0.75,industry:元器件,20250101,
20250101,300736.SZ,百邦科技,通信设备,创业板,SZSE,AI算力,CPO/光模块,stock_basic_keyword,0.75,industry:通信设备,20250101,
20250101,300739.SZ,明阳电路,元器件,创业板,SZSE,AI算力,CPO/光模块,stock_basic_keyword,0.75,industry:元器件,20250101,
20250101,300752.SZ,隆利科技,元器件,创业板,SZSE,AI算力,CPO/光模块,stock_basic_keyword,0.75,industry:元器件,20250101,
20250101,300762.SZ,上海瀚讯,通信设备,创业板,SZSE,AI算力,CPO/光模块,stock_basic_keyword,0.75,industry:通信设备,20250101,
20250101,300787.SZ,海能实业,元器件,创业板,SZSE,AI算力,CPO/光模块,stock_basic_keyword,0.75,industry:元器件,20250101,
20250101,300790.SZ,宇瞳光学,元器件,创业板,SZSE,AI算力,CPO/光模块,stock_basic_keyword,0.75,industry:元器件,20250101,
20250101,300814.SZ,中富电路,元器件,创业板,SZSE,AI算力,CPO/光模块,stock_basic_keyword,0.75,industry:元器件,20250101,
20250101,300822.SZ,贝仕达克,元器件,创业板,SZSE,AI算力,CPO/光模块,stock_basic_keyword,0.75,industry:元器件,20250101,
20250101,300843.SZ,胜蓝股份,元器件,创业板,SZSE,AI算力,CPO/光模块,stock_basic_keyword,0.75,industry:元器件,20250101,
20250101,300852.SZ,四会富仕,元器件,创业板,SZSE,AI算力,CPO/光模块,stock_basic_keyword,0.75,industry:元器件,20250101,
20250101,300866.SZ,安克创新,元器件,创业板,SZSE,AI算力,CPO/光模块,stock_basic_keyword,0.75,industry:元器件,20250101,
20250101,300868.SZ,杰美特,元器件,创业板,SZSE,AI算力,CPO/光模块,stock_basic_keyword,0.75,industry:元器件,20250101,
20250101,300903.SZ,科翔股份,元器件,创业板,SZSE,AI算力,CPO/光模块,stock_basic_keyword,0.75,industry:元器件,20250101,
20250101,300909.SZ,汇创达,元器件,创业板,SZSE,AI算力,CPO/光模块,stock_basic_keyword,0.75,industry:元器件,20250101,
20250101,300913.SZ,兆龙互连,通信设备,创业板,SZSE,AI算力,CPO/光模块,stock_basic_keyword,0.75,industry:通信设备,20250101,
20250101,300916.SZ,朗特智能,元器件,创业板,SZSE,AI算力,CPO/光模块,stock_basic_keyword,0.75,industry:元器件,20250101,
20250101,300936.SZ,中英科技,元器件,创业板,SZSE,AI算力,CPO/光模块,stock_basic_keyword,0.75,industry:元器件,20250101,
20250101,300939.SZ,秋田微,元器件,创业板,SZSE,AI算力,CPO/光模块,stock_basic_keyword,0.75,industry:元器件,20250101,
20250101,300940.SZ,南极光,元器件,创业板,SZSE,AI算力,CPO/光模块,stock_basic_keyword,0.75,industry:元器件,20250101,
20250101,300951.SZ,博硕科技,元器件,创业板,SZSE,AI算力,CPO/光模块,stock_basic_keyword,0.75,industry:元器件,20250101,
20250101,300956.SZ,英力股份,元器件,创业板,SZSE,AI算力,CPO/光模块,stock_basic_keyword,0.75,industry:元器件,20250101,
20250101,300964.SZ,本川智能,元器件,创业板,SZSE,AI算力,CPO/光模块,stock_basic_keyword,0.75,industry:元器件,20250101,
20250101,300968.SZ,格林精密,元器件,创业板,SZSE,AI算力,CPO/光模块,stock_basic_keyword,0.75,industry:元器件,20250101,
20250101,300975.SZ,商络电子,元器件,创业板,SZSE,AI算力,CPO/光模块,stock_basic_keyword,0.75,industry:元器件,20250101,
20250101,300976.SZ,达瑞电子,元器件,创业板,SZSE,AI算力,CPO/光模块,stock_basic_keyword,0.75,industry:元器件,20250101,
20250101,300991.SZ,创益通,元器件,创业板,SZSE,AI算力,CPO/光模块,stock_basic_keyword,0.75,industry:元器件,20250101,
20250101,301041.SZ,金百泽,元器件,创业板,SZSE,AI算力,CPO/光模块,stock_basic_keyword,0.75,industry:元器件,20250101,
20250101,301045.SZ,天禄科技,元器件,创业板,SZSE,AI算力,CPO/光模块,stock_basic_keyword,0.75,industry:元器件,20250101,
20250101,301051.SZ,信濠光电,元器件,创业板,SZSE,AI算力,CPO/光模块,stock_basic_keyword,0.75,industry:元器件,20250101,
20250101,301067.SZ,显盈科技,元器件,创业板,SZSE,AI算力,CPO/光模块,stock_basic_keyword,0.75,industry:元器件,20250101,
20250101,301086.SZ,鸿富瀚,元器件,创业板,SZSE,AI算力,CPO/光模块,stock_basic_keyword,0.75,industry:元器件,20250101,
20250101,301099.SZ,雅创电子,元器件,创业板,SZSE,AI算力,CPO/光模块,stock_basic_keyword,0.75,industry:元器件,20250101,
20250101,301106.SZ,骏成科技,元器件,创业板,SZSE,AI算力,CPO/光模块,stock_basic_keyword,0.75,industry:元器件,20250101,
20250101,301123.SZ,奕东电子,元器件,创业板,SZSE,AI算力,CPO/光模块,stock_basic_keyword,0.75,industry:元器件,20250101,
20250101,301132.SZ,满坤科技,元器件,创业板,SZSE,AI算力,CPO/光模块,stock_basic_keyword,0.75,industry:元器件,20250101,
20250101,301135.SZ,瑞德智能,元器件,创业板,SZSE,AI算力,CPO/光模块,stock_basic_keyword,0.75,industry:元器件,20250101,
20250101,301139.SZ,元道通信,通信设备,创业板,SZSE,AI算力,CPO/光模块,stock_basic_keyword,0.75,industry:通信设备,20250101,
20250101,301165.SZ,锐捷网络,通信设备,创业板,SZSE,AI算力,CPO/光模块,stock_basic_keyword,0.75,industry:通信设备,20250101,
20250101,301176.SZ,逸豪新材,元器件,创业板,SZSE,AI算力,CPO/光模块,stock_basic_keyword,0.75,industry:元器件,20250101,
20250101,301180.SZ,万祥科技,元器件,创业板,SZSE,AI算力,CPO/光模块,stock_basic_keyword,0.75,industry:元器件,20250101,
20250101,301182.SZ,凯旺科技,元器件,创业板,SZSE,AI算力,CPO/光模块,stock_basic_keyword,0.75,industry:元器件,20250101,
20250101,301183.SZ,东田微,元器件,创业板,SZSE,AI算力,CPO/光模块,stock_basic_keyword,0.75,industry:元器件,20250101,
20250101,301191.SZ,菲菱科思,通信设备,创业板,SZSE,AI算力,CPO/光模块,stock_basic_keyword,0.75,industry:通信设备,20250101,
20250101,301205.SZ,联特科技,通信设备,创业板,SZSE,AI算力,CPO/光模块,stock_basic_keyword,0.75,industry:通信设备,20250101,
20250101,301217.SZ,铜冠铜箔,元器件,创业板,SZSE,AI算力,CPO/光模块,stock_basic_keyword,0.75,industry:元器件,20250101,
20250101,301251.SZ,威尔高,元器件,创业板,SZSE,AI算力,CPO/光模块,stock_basic_keyword,0.75,industry:元器件,20250101,
20250101,301280.SZ,珠城科技,元器件,创业板,SZSE,AI算力,CPO/光模块,stock_basic_keyword,0.75,industry:元器件,20250101,
20250101,301282.SZ,金禄电子,元器件,创业板,SZSE,AI算力,CPO/光模块,stock_basic_keyword,0.75,industry:元器件,20250101,
20250101,301285.SZ,鸿日达,元器件,创业板,SZSE,AI算力,CPO/光模块,stock_basic_keyword,0.75,industry:元器件,20250101,
20250101,301307.SZ,美利信,通信设备,创业板,SZSE,AI算力,CPO/光模块,stock_basic_keyword,0.75,industry:通信设备,20250101,
20250101,301314.SZ,科瑞思,元器件,创业板,SZSE,AI算力,CPO/光模块,stock_basic_keyword,0.75,industry:元器件,20250101,
20250101,301319.SZ,唯特偶,元器件,创业板,SZSE,AI算力,CPO/光模块,stock_basic_keyword,0.75,industry:元器件,20250101,
20250101,301321.SZ,翰博高新,元器件,创业板,SZSE,AI算力,CPO/光模块,stock_basic_keyword,0.75,industry:元器件,20250101,
20250101,301326.SZ,捷邦科技,元器件,创业板,SZSE,AI算力,CPO/光模块,stock_basic_keyword,0.75,industry:元器件,20250101,
20250101,301328.SZ,维峰电子,元器件,创业板,SZSE,AI算力,CPO/光模块,stock_basic_keyword,0.75,industry:元器件,20250101,
20250101,301329.SZ,信音电子,元器件,创业板,SZSE,AI算力,CPO/光模块,stock_basic_keyword,0.75,industry:元器件,20250101,
20250101,301359.SZ,东南电子,元器件,创业板,SZSE,AI算力,CPO/光模块,stock_basic_keyword,0.75,industry:元器件,20250101,
20250101,301366.SZ,一博科技,元器件,创业板,SZSE,AI算力,CPO/光模块,stock_basic_keyword,0.75,industry:元器件,20250101,
20250101,301379.SZ,天山电子,元器件,创业板,SZSE,AI算力,CPO/光模块,stock_basic_keyword,0.75,industry:元器件,20250101,
20250101,301383.SZ,天键股份,元器件,创业板,SZSE,AI算力,CPO/光模块,stock_basic_keyword,0.75,industry:元器件,20250101,
20250101,301387.SZ,光大同创,元器件,创业板,SZSE,AI算力,CPO/光模块,stock_basic_keyword,0.75,industry:元器件,20250101,
20250101,301389.SZ,隆扬电子,元器件,创业板,SZSE,AI算力,CPO/光模块,stock_basic_keyword,0.75,industry:元器件,20250101,
20250101,301419.SZ,阿莱德,通信设备,创业板,SZSE,AI算力,CPO/光模块,stock_basic_keyword,0.75,industry:通信设备,20250101,
20250101,301421.SZ,波长光电,元器件,创业板,SZSE,AI算力,CPO/光模块,stock_basic_keyword,0.75,industry:元器件,20250101,
20250101,301486.SZ,致尚科技,元器件,创业板,SZSE,AI算力,CPO/光模块,stock_basic_keyword,0.75,industry:元器件,20250101,
20250101,301489.SZ,思泉新材,元器件,创业板,SZSE,AI算力,CPO/光模块,stock_basic_keyword,0.75,industry:元器件,20250101,
20250101,301517.SZ,陕西华达,元器件,创业板,SZSE,AI算力,CPO/光模块,stock_basic_keyword,0.75,industry:元器件,20250101,
20250101,301566.SZ,达利凯普,元器件,创业板,SZSE,AI算力,CPO/光模块,stock_basic_keyword,0.75,industry:元器件,20250101,
20250101,301567.SZ,贝隆精密,元器件,创业板,SZSE,AI算力,CPO/光模块,stock_basic_keyword,0.75,industry:元器件,20250101,
20250101,301571.SZ,国科天成,元器件,创业板,SZSE,AI算力,CPO/光模块,stock_basic_keyword,0.75,industry:元器件,20250101,
20250101,301577.SZ,美信科技,元器件,创业板,SZSE,AI算力,CPO/光模块,stock_basic_keyword,0.75,industry:元器件,20250101,
20250101,301600.SZ,慧翰股份,通信设备,创业板,SZSE,AI算力,CPO/光模块,stock_basic_keyword,0.75,industry:通信设备,20250101,
20250101,301606.SZ,绿联科技,元器件,创业板,SZSE,AI算力,CPO/光模块,stock_basic_keyword,0.75,industry:元器件,20250101,
20250101,301608.SZ,博实结,通信设备,创业板,SZSE,AI算力,CPO/光模块,stock_basic_keyword,0.75,industry:通信设备,20250101,
20250101,301626.SZ,苏州天脉,元器件,创业板,SZSE,AI算力,CPO/光模块,stock_basic_keyword,0.75,industry:元器件,20250101,
20250101,301628.SZ,强达电路,元器件,创业板,SZSE,AI算力,CPO/光模块,stock_basic_keyword,0.75,industry:元器件,20250101,
20250101,301631.SZ,壹连科技,元器件,创业板,SZSE,AI算力,CPO/光模块,stock_basic_keyword,0.75,industry:元器件,20250101,
20250101,600071.SH,凤凰光学,元器件,主板,SSE,AI算力,CPO/光模块,stock_basic_keyword,0.75,industry:元器件,20250101,
20250101,600105.SH,永鼎股份,通信设备,主板,SSE,AI算力,CPO/光模块,stock_basic_keyword,0.75,industry:通信设备,20250101,
20250101,600130.SH,*ST波导,元器件,主板,SSE,AI算力,CPO/光模块,stock_basic_keyword,0.75,industry:元器件,20250101,
20250101,600131.SH,国网信通,通信设备,主板,SSE,AI算力,CPO/光模块,stock_basic_keyword,0.75,industry:通信设备,20250101,
20250101,600183.SH,生益科技,元器件,主板,SSE,AI算力,CPO/光模块,stock_basic_keyword,0.75,industry:元器件,20250101,
20250101,600198.SH,大唐电信,通信设备,主板,SSE,AI算力,CPO/光模块,stock_basic_keyword,0.75,industry:通信设备,20250101,
20250101,600203.SH,福日电子,元器件,主板,SSE,AI算力,CPO/光模块,stock_basic_keyword,0.75,industry:元器件,20250101,
20250101,600237.SH,铜峰电子,元器件,主板,SSE,AI算力,CPO/光模块,stock_basic_keyword,0.75,industry:元器件,20250101,
20250101,600288.SH,大恒科技,元器件,主板,SSE,AI算力,CPO/光模块,stock_basic_keyword,0.75,industry:元器件,20250101,
20250101,600345.SH,长江通信,通信设备,主板,SSE,AI算力,CPO/光模块,stock_basic_keyword,0.75,industry:通信设备,20250101,
20250101,600353.SH,旭光电子,元器件,主板,SSE,AI算力,CPO/光模块,stock_basic_keyword,0.75,industry:元器件,20250101,
20250101,600363.SH,联创光电,元器件,主板,SSE,AI算力,CPO/光模块,stock_basic_keyword,0.75,industry:元器件,20250101,
20250101,600487.SH,亨通光电,通信设备,主板,SSE,AI算力,CPO/光模块,stock_basic_keyword,0.75,industry:通信设备,20250101,
20250101,600498.SH,烽火通信,通信设备,主板,SSE,AI算力,CPO/光模块,stock_basic_keyword,0.75,industry:通信设备,20250101,
20250101,600522.SH,中天科技,通信设备,主板,SSE,AI算力,CPO/光模块,stock_basic_keyword,0.75,industry:通信设备,20250101,
20250101,600552.SH,凯盛科技,元器件,主板,SSE,AI算力,CPO/光模块,stock_basic_keyword,0.75,industry:元器件,20250101,
20250101,600562.SH,国睿科技,通信设备,主板,SSE,AI算力,CPO/光模块,stock_basic_keyword,0.75,industry:通信设备,20250101,
20250101,600563.SH,法拉电子,元器件,主板,SSE,AI算力,CPO/光模块,stock_basic_keyword,0.75,industry:元器件,20250101,
20250101,600590.SH,泰豪科技,通信设备,主板,SSE,AI算力,CPO/光模块,stock_basic_keyword,0.75,industry:通信设备,20250101,
20250101,600601.SH,方正科技,元器件,主板,SSE,AI算力,CPO/光模块,stock_basic_keyword,0.75,industry:元器件,20250101,
20250101,600666.SH,奥瑞德,元器件,主板,SSE,AI算力,CPO/光模块,stock_basic_keyword,0.75,industry:元器件,20250101,
20250101,600707.SH,彩虹股份,元器件,主板,SSE,AI算力,CPO/光模块,stock_basic_keyword,0.75,industry:元器件,20250101,
20250101,600775.SH,南京熊猫,通信设备,主板,SSE,AI算力,CPO/光模块,stock_basic_keyword,0.75,industry:通信设备,20250101,
20250101,600776.SH,东方通信,通信设备,主板,SSE,AI算力,CPO/光模块,stock_basic_keyword,0.75,industry:通信设备,20250101,
20250101,600990.SH,四创电子,通信设备,主板,SSE,AI算力,CPO/光模块,stock_basic_keyword,0.75,industry:通信设备,20250101,
20250101,601138.SH,工业富联,通信设备,主板,SSE,AI算力,CPO/光模块,stock_basic_keyword,0.75,industry:通信设备,20250101,
20250101,601231.SH,环旭电子,元器件,主板,SSE,AI算力,CPO/光模块,stock_basic_keyword,0.75,industry:元器件,20250101,
20250101,601869.SH,长飞光纤,通信设备,主板,SSE,AI算力,CPO/光模块,stock_basic_keyword,0.75,industry:通信设备,20250101,
20250101,603042.SH,华脉科技,通信设备,主板,SSE,AI算力,CPO/光模块,stock_basic_keyword,0.75,industry:通信设备,20250101,
20250101,603052.SH,可川科技,元器件,主板,SSE,AI算力,CPO/光模块,stock_basic_keyword,0.75,industry:元器件,20250101,
20250101,603083.SH,剑桥科技,通信设备,主板,SSE,AI算力,CPO/光模块,stock_basic_keyword,0.75,industry:通信设备,20250101,
20250101,603118.SH,共进股份,通信设备,主板,SSE,AI算力,CPO/光模块,stock_basic_keyword,0.75,industry:通信设备,20250101,
20250101,603186.SH,华正新材,元器件,主板,SSE,AI算力,CPO/光模块,stock_basic_keyword,0.75,industry:元器件,20250101,
20250101,603206.SH,嘉环科技,通信设备,主板,SSE,AI算力,CPO/光模块,stock_basic_keyword,0.75,industry:通信设备,20250101,
20250101,603220.SH,中贝通信,通信设备,主板,SSE,AI算力,CPO/光模块,stock_basic_keyword,0.75,industry:通信设备,20250101,
20250101,603228.SH,景旺电子,元器件,主板,SSE,AI算力,CPO/光模块,stock_basic_keyword,0.75,industry:元器件,20250101,
20250101,603236.SH,移远通信,通信设备,主板,SSE,AI算力,CPO/光模块,stock_basic_keyword,0.75,industry:通信设备,20250101,
20250101,603267.SH,鸿远电子,元器件,主板,SSE,AI算力,CPO/光模块,stock_basic_keyword,0.75,industry:元器件,20250101,
20250101,603296.SH,华勤技术,元器件,主板,SSE,AI算力,CPO/光模块,stock_basic_keyword,0.75,industry:元器件,20250101,
20250101,603297.SH,永新光学,元器件,主板,SSE,AI算力,CPO/光模块,stock_basic_keyword,0.75,industry:元器件,20250101,
20250101,603322.SH,超讯通信,通信设备,主板,SSE,AI算力,CPO/光模块,stock_basic_keyword,0.75,industry:通信设备,20250101,
20250101,603327.SH,福蓉科技,元器件,主板,SSE,AI算力,CPO/光模块,stock_basic_keyword,0.75,industry:元器件,20250101,
20250101,603328.SH,依顿电子,元器件,主板,SSE,AI算力,CPO/光模块,stock_basic_keyword,0.75,industry:元器件,20250101,
20250101,603341.SH,龙旗科技,通信设备,主板,SSE,AI算力,CPO/光模块,stock_basic_keyword,0.75,industry:通信设备,20250101,
20250101,603380.SH,易德龙,元器件,主板,SSE,AI算力,CPO/光模块,stock_basic_keyword,0.75,industry:元器件,20250101,
20250101,603386.SH,骏亚科技,元器件,主板,SSE,AI算力,CPO/光模块,stock_basic_keyword,0.75,industry:元器件,20250101,
20250101,603421.SH,鼎信通讯,通信设备,主板,SSE,AI算力,CPO/光模块,stock_basic_keyword,0.75,industry:通信设备,20250101,
20250101,603559.SH,ST通脉,通信设备,主板,SSE,AI算力,CPO/光模块,stock_basic_keyword,0.75,industry:通信设备,20250101,
20250101,603595.SH,ST东尼,元器件,主板,SSE,AI算力,CPO/光模块,stock_basic_keyword,0.75,industry:元器件,20250101,
20250101,603602.SH,纵横通信,通信设备,主板,SSE,AI算力,CPO/光模块,stock_basic_keyword,0.75,industry:通信设备,20250101,
20250101,603626.SH,科森科技,元器件,主板,SSE,AI算力,CPO/光模块,stock_basic_keyword,0.75,industry:元器件,20250101,
20250101,603629.SH,利通电子,元器件,主板,SSE,AI算力,CPO/光模块,stock_basic_keyword,0.75,industry:元器件,20250101,
20250101,603678.SH,火炬电子,元器件,主板,SSE,AI算力,CPO/光模块,stock_basic_keyword,0.75,industry:元器件,20250101,
20250101,603703.SH,盛洋科技,元器件,主板,SSE,AI算力,CPO/光模块,stock_basic_keyword,0.75,industry:元器件,20250101,
20250101,603712.SH,七一二,通信设备,主板,SSE,AI算力,CPO/光模块,stock_basic_keyword,0.75,industry:通信设备,20250101,
20250101,603738.SH,泰晶科技,元器件,主板,SSE,AI算力,CPO/光模块,stock_basic_keyword,0.75,industry:元器件,20250101,
20250101,603773.SH,沃格光电,元器件,主板,SSE,AI算力,CPO/光模块,stock_basic_keyword,0.75,industry:元器件,20250101,
20250101,603803.SH,瑞斯康达,通信设备,主板,SSE,AI算力,CPO/光模块,stock_basic_keyword,0.75,industry:通信设备,20250101,
20250101,603890.SH,春秋电子,元器件,主板,SSE,AI算力,CPO/光模块,stock_basic_keyword,0.75,industry:元器件,20250101,
20250101,603920.SH,世运电路,元器件,主板,SSE,AI算力,CPO/光模块,stock_basic_keyword,0.75,industry:元器件,20250101,
20250101,603933.SH,睿能科技,元器件,主板,SSE,AI算力,CPO/光模块,stock_basic_keyword,0.75,industry:元器件,20250101,
20250101,603936.SH,博敏电子,元器件,主板,SSE,AI算力,CPO/光模块,stock_basic_keyword,0.75,industry:元器件,20250101,
20250101,603989.SH,艾华集团,元器件,主板,SSE,AI算力,CPO/光模块,stock_basic_keyword,0.75,industry:元器件,20250101,
20250101,605058.SH,澳弘电子,元器件,主板,SSE,AI算力,CPO/光模块,stock_basic_keyword,0.75,industry:元器件,20250101,
20250101,605118.SH,力鼎光电,元器件,主板,SSE,AI算力,CPO/光模块,stock_basic_keyword,0.75,industry:元器件,20250101,
20250101,605218.SH,伟时电子,元器件,主板,SSE,AI算力,CPO/光模块,stock_basic_keyword,0.75,industry:元器件,20250101,
20250101,605258.SH,协和电子,元器件,主板,SSE,AI算力,CPO/光模块,stock_basic_keyword,0.75,industry:元器件,20250101,
20250101,605277.SH,新亚电子,元器件,主板,SSE,AI算力,CPO/光模块,stock_basic_keyword,0.75,industry:元器件,20250101,
20250101,605305.SH,中际联合,工程机械,主板,SSE,AI算力,CPO/光模块,stock_basic_keyword,0.75,name:中际,20250101,
20250101,605588.SH,冠石科技,元器件,主板,SSE,AI算力,CPO/光模块,stock_basic_keyword,0.75,industry:元器件,20250101,
20250101,688002.SH,睿创微纳,通信设备,科创板,SSE,AI算力,CPO/光模块,stock_basic_keyword,0.75,industry:通信设备,20250101,
20250101,688007.SH,光峰科技,元器件,科创板,SSE,AI算力,CPO/光模块,stock_basic_keyword,0.75,industry:元器件,20250101,
20250101,688010.SH,福光股份,元器件,科创板,SSE,AI算力,CPO/光模块,stock_basic_keyword,0.75,industry:元器件,20250101,
20250101,688011.SH,新光光电,元器件,科创板,SSE,AI算力,CPO/光模块,stock_basic_keyword,0.75,industry:元器件,20250101,
20250101,688020.SH,方邦股份,元器件,科创板,SSE,AI算力,CPO/光模块,stock_basic_keyword,0.75,industry:元器件,20250101,
20250101,688027.SH,国盾量子,通信设备,科创板,SSE,AI算力,CPO/光模块,stock_basic_keyword,0.75,industry:通信设备,20250101,
20250101,688036.SH,传音控股,通信设备,科创板,SSE,AI算力,CPO/光模块,stock_basic_keyword,0.75,industry:通信设备,20250101,
20250101,688053.SH,ST思科瑞,元器件,科创板,SSE,AI算力,CPO/光模块,stock_basic_keyword,0.75,industry:元器件,20250101,
20250101,688055.SH,龙腾光电,元器件,科创板,SSE,AI算力,CPO/光模块,stock_basic_keyword,0.75,industry:元器件,20250101,
20250101,688079.SH,美迪凯,元器件,科创板,SSE,AI算力,CPO/光模块,stock_basic_keyword,0.75,industry:元器件,20250101,
20250101,688080.SH,映翰通,通信设备,科创板,SSE,AI算力,CPO/光模块,stock_basic_keyword,0.75,industry:通信设备,20250101,
20250101,688100.SH,威胜信息,通信设备,科创板,SSE,AI算力,CPO/光模块,stock_basic_keyword,0.75,industry:通信设备,20250101,
20250101,688103.SH,国力电子,元器件,科创板,SSE,AI算力,CPO/光模块,stock_basic_keyword,0.75,industry:元器件,20250101,
20250101,688127.SH,蓝特光学,元器件,科创板,SSE,AI算力,CPO/光模块,stock_basic_keyword,0.75,industry:元器件,20250101,
20250101,688132.SH,邦彦技术,通信设备,科创板,SSE,AI算力,CPO/光模块,stock_basic_keyword,0.75,industry:通信设备,20250101,
20250101,688143.SH,长盈通,通信设备,科创板,SSE,AI算力,CPO/光模块,stock_basic_keyword,0.75,industry:通信设备,20250101,
20250101,688150.SH,莱特光电,元器件,科创板,SSE,AI算力,CPO/光模块,stock_basic_keyword,0.75,industry:元器件,20250101,
20250101,688159.SH,有方科技,通信设备,科创板,SSE,AI算力,CPO/光模块,stock_basic_keyword,0.75,industry:通信设备,20250101,
20250101,688167.SH,炬光科技,元器件,科创板,SSE,AI算力,CPO/光模块,stock_basic_keyword,0.75,industry:元器件,20250101,
20250101,688175.SH,高凌信息,通信设备,科创板,SSE,AI算力,CPO/光模块,stock_basic_keyword,0.75,industry:通信设备,20250101,
20250101,688181.SH,八亿时空,元器件,科创板,SSE,AI算力,CPO/光模块,stock_basic_keyword,0.75,industry:元器件,20250101,
20250101,688182.SH,灿勤科技,通信设备,科创板,SSE,AI算力,CPO/光模块,stock_basic_keyword,0.75,industry:通信设备,20250101,
20250101,688183.SH,生益电子,元器件,科创板,SSE,AI算力,CPO/光模块,stock_basic_keyword,0.75,industry:元器件,20250101,
20250101,688195.SH,腾景科技,元器件,科创板,SSE,AI算力,CPO/光模块,stock_basic_keyword,0.75,industry:元器件,20250101,
20250101,688205.SH,德科立,通信设备,科创板,SSE,AI算力,CPO/光模块,stock_basic_keyword,0.75,industry:通信设备,20250101,
20250101,688210.SH,统联精密,元器件,科创板,SSE,AI算力,CPO/光模块,stock_basic_keyword,0.75,industry:元器件,20250101,
20250101,688260.SH,昀冢科技,元器件,科创板,SSE,AI算力,CPO/光模块,stock_basic_keyword,0.75,industry:元器件,20250101,
20250101,688272.SH,富吉瑞,元器件,科创板,SSE,AI算力,CPO/光模块,stock_basic_keyword,0.75,industry:元器件,20250101,
20250101,688282.SH,理工导航,通信设备,科创板,SSE,AI算力,CPO/光模块,stock_basic_keyword,0.75,industry:通信设备,20250101,
20250101,688292.SH,浩瀚深度,通信设备,科创板,SSE,AI算力,CPO/光模块,stock_basic_keyword,0.75,industry:通信设备,20250101,
20250101,688299.SH,长阳科技,元器件,科创板,SSE,AI算力,CPO/光模块,stock_basic_keyword,0.75,industry:元器件,20250101,
20250101,688307.SH,中润光学,元器件,科创板,SSE,AI算力,CPO/光模块,stock_basic_keyword,0.75,industry:元器件,20250101,
20250101,688311.SH,盟升电子,元器件,科创板,SSE,AI算力,CPO/光模块,stock_basic_keyword,0.75,industry:元器件,20250101,
20250101,688313.SH,仕佳光子,通信设备,科创板,SSE,AI算力,CPO/光模块,stock_basic_keyword,0.75,industry:通信设备,20250101,
20250101,688322.SH,奥比中光-UW,元器件,科创板,SSE,AI算力,CPO/光模块,stock_basic_keyword,0.75,industry:元器件,20250101,
20250101,688371.SH,菲沃泰,元器件,科创板,SSE,AI算力,CPO/光模块,stock_basic_keyword,0.75,industry:元器件,20250101,
20250101,688375.SH,国博电子,元器件,科创板,SSE,AI算力,CPO/光模块,stock_basic_keyword,0.75,industry:元器件,20250101,
20250101,688387.SH,信科移动-U,通信设备,科创板,SSE,AI算力,CPO/光模块,stock_basic_keyword,0.75,industry:通信设备,20250101,
20250101,688418.SH,震有科技,通信设备,科创板,SSE,AI算力,CPO/光模块,stock_basic_keyword,0.75,industry:通信设备,20250101,
20250101,688439.SH,振华风光,元器件,科创板,SSE,AI算力,CPO/光模块,stock_basic_keyword,0.75,industry:元器件,20250101,
20250101,688496.SH,清越科技,元器件,科创板,SSE,AI算力,CPO/光模块,stock_basic_keyword,0.75,industry:元器件,20250101,
20250101,688498.SH,源杰科技,半导体,科创板,SSE,AI算力,CPO/光模块,stock_basic_keyword,0.75,name:源杰,20250101,
20250101,688502.SH,茂莱光学,元器件,科创板,SSE,AI算力,CPO/光模块,stock_basic_keyword,0.75,industry:元器件,20250101,
20250101,688511.SH,DR*ST天,元器件,科创板,SSE,AI算力,CPO/光模块,stock_basic_keyword,0.75,industry:元器件,20250101,
20250101,688519.SH,南亚新材,元器件,科创板,SSE,AI算力,CPO/光模块,stock_basic_keyword,0.75,industry:元器件,20250101,
20250101,688522.SH,纳睿雷达,通信设备,科创板,SSE,AI算力,CPO/光模块,stock_basic_keyword,0.75,industry:通信设备,20250101,
20250101,688549.SH,中巨芯-U,元器件,科创板,SSE,AI算力,CPO/光模块,stock_basic_keyword,0.75,industry:元器件,20250101,
20250101,688552.SH,航天南湖,通信设备,科创板,SSE,AI算力,CPO/光模块,stock_basic_keyword,0.75,industry:通信设备,20250101,
20250101,688582.SH,芯动联科,元器件,科创板,SSE,AI算力,CPO/光模块,stock_basic_keyword,0.75,industry:元器件,20250101,
20250101,688592.SH,司南导航,通信设备,科创板,SSE,AI算力,CPO/光模块,stock_basic_keyword,0.75,industry:通信设备,20250101,
20250101,688618.SH,三旺通信,通信设备,科创板,SSE,AI算力,CPO/光模块,stock_basic_keyword,0.75,industry:通信设备,20250101,
20250101,688629.SH,华丰科技,元器件,科创板,SSE,AI算力,CPO/光模块,stock_basic_keyword,0.75,industry:元器件,20250101,
20250101,688636.SH,智明达,元器件,科创板,SSE,AI算力,CPO/光模块,stock_basic_keyword,0.75,industry:元器件,20250101,
20250101,688655.SH,迅捷兴,元器件,科创板,SSE,AI算力,CPO/光模块,stock_basic_keyword,0.75,industry:元器件,20250101,
20250101,688661.SH,和林微纳,元器件,科创板,SSE,AI算力,CPO/光模块,stock_basic_keyword,0.75,industry:元器件,20250101,
20250101,688662.SH,富信科技,元器件,科创板,SSE,AI算力,CPO/光模块,stock_basic_keyword,0.75,industry:元器件,20250101,
20250101,688668.SH,鼎通科技,通信设备,科创板,SSE,AI算力,CPO/光模块,stock_basic_keyword,0.75,industry:通信设备,20250101,
20250101,688678.SH,福立旺,元器件,科创板,SSE,AI算力,CPO/光模块,stock_basic_keyword,0.75,industry:元器件,20250101,
20250101,688683.SH,莱尔科技,元器件,科创板,SSE,AI算力,CPO/光模块,stock_basic_keyword,0.75,industry:元器件,20250101,
20250101,688776.SH,国光电气,元器件,科创板,SSE,AI算力,CPO/光模块,stock_basic_keyword,0.75,industry:元器件,20250101,
20250101,688788.SH,科思科技,通信设备,科创板,SSE,AI算力,CPO/光模块,stock_basic_keyword,0.75,industry:通信设备,20250101,
20250101,688800.SH,瑞可达,元器件,科创板,SSE,AI算力,CPO/光模块,stock_basic_keyword,0.75,industry:元器件,20250101,
20250101,920001.BJ,纬达光电,元器件,北交所,BSE,AI算力,CPO/光模块,stock_basic_keyword,0.75,industry:元器件,20250101,
20250101,920008.BJ,成电光信,通信设备,北交所,BSE,AI算力,CPO/光模块,stock_basic_keyword,0.75,industry:通信设备,20250101,
20250101,920060.BJ,万源通,元器件,北交所,BSE,AI算力,CPO/光模块,stock_basic_keyword,0.75,industry:元器件,20250101,
20250101,920128.BJ,胜业电气,元器件,北交所,BSE,AI算力,CPO/光模块,stock_basic_keyword,0.75,industry:元器件,20250101,
20250101,920212.BJ,智新电子,元器件,北交所,BSE,AI算力,CPO/光模块,stock_basic_keyword,0.75,industry:元器件,20250101,
20250101,920249.BJ,利尔达,元器件,北交所,BSE,AI算力,CPO/光模块,stock_basic_keyword,0.75,industry:元器件,20250101,
20250101,920267.BJ,鑫汇科,元器件,北交所,BSE,AI算力,CPO/光模块,stock_basic_keyword,0.75,industry:元器件,20250101,
20250101,920346.BJ,威贸电子,元器件,北交所,BSE,AI算力,CPO/光模块,stock_basic_keyword,0.75,industry:元器件,20250101,
20250101,920357.BJ,雅葆轩,元器件,北交所,BSE,AI算力,CPO/光模块,stock_basic_keyword,0.75,industry:元器件,20250101,
20250101,920374.BJ,云里物里,通信设备,北交所,BSE,AI算力,CPO/光模块,stock_basic_keyword,0.75,industry:通信设备,20250101,
20250101,920438.BJ,戈碧迦,元器件,北交所,BSE,AI算力,CPO/光模块,stock_basic_keyword,0.75,industry:元器件,20250101,
20250101,920491.BJ,奥迪威,元器件,北交所,BSE,AI算力,CPO/光模块,stock_basic_keyword,0.75,industry:元器件,20250101,
20250101,920640.BJ,富士达,通信设备,北交所,BSE,AI算力,CPO/光模块,stock_basic_keyword,0.75,industry:通信设备,20250101,
20250101,920701.BJ,豪声电子,元器件,北交所,BSE,AI算力,CPO/光模块,stock_basic_keyword,0.75,industry:元器件,20250101,
20250101,920821.BJ,则成电子,元器件,北交所,BSE,AI算力,CPO/光模块,stock_basic_keyword,0.75,industry:元器件,20250101,
20250101,920857.BJ,泓禧科技,元器件,北交所,BSE,AI算力,CPO/光模块,stock_basic_keyword,0.75,industry:元器件,20250101,
20250101,920876.BJ,慧为智能,元器件,北交所,BSE,AI算力,CPO/光模块,stock_basic_keyword,0.75,industry:元器件,20250101,
20250101,920924.BJ,广脉科技,通信设备,北交所,BSE,AI算力,CPO/光模块,stock_basic_keyword,0.75,industry:通信设备,20250101,
20250101,920950.BJ,迅安科技,元器件,北交所,BSE,AI算力,CPO/光模块,stock_basic_keyword,0.75,industry:元器件,20250101,
20250101,920976.BJ,视声智能,通信设备,北交所,BSE,AI算力,CPO/光模块,stock_basic_keyword,0.75,industry:通信设备,20250101,
20250101,920981.BJ,晶赛科技,元器件,北交所,BSE,AI算力,CPO/光模块,stock_basic_keyword,0.75,industry:元器件,20250101,
20250101,000020.SZ,深华发Ａ,元器件,主板,SZSE,AI算力,PCB/服务器/高速连接,stock_basic_keyword,0.7,industry:元器件,20250101,
20250101,000021.SZ,深科技,元器件,主板,SZSE,AI算力,PCB/服务器/高速连接,stock_basic_keyword,0.7,industry:元器件,20250101,
20250101,000037.SZ,深南电A,火力发电,主板,SZSE,AI算力,PCB/服务器/高速连接,stock_basic_keyword,0.7,name:深南,20250101,
20250101,000045.SZ,深纺织Ａ,元器件,主板,SZSE,AI算力,PCB/服务器/高速连接,stock_basic_keyword,0.7,industry:元器件,20250101,
20250101,000050.SZ,深天马Ａ,元器件,主板,SZSE,AI算力,PCB/服务器/高速连接,stock_basic_keyword,0.7,industry:元器件,20250101,
20250101,000062.SZ,深圳华强,元器件,主板,SZSE,AI算力,PCB/服务器/高速连接,stock_basic_keyword,0.7,industry:元器件,20250101,
20250101,000063.SZ,中兴通讯,通信设备,主板,SZSE,AI算力,PCB/服务器/高速连接,stock_basic_keyword,0.7,industry:通信设备,20250101,
20250101,000066.SZ,中国长城,IT设备,主板,SZSE,AI算力,PCB/服务器/高速连接,stock_basic_keyword,0.7,industry:IT设备,20250101,
20250101,000070.SZ,特发信息,通信设备,主板,SZSE,AI算力,PCB/服务器/高速连接,stock_basic_keyword,0.7,industry:通信设备,20250101,
20250101,000100.SZ,TCL科技,元器件,主板,SZSE,AI算力,PCB/服务器/高速连接,stock_basic_keyword,0.7,industry:元器件,20250101,
20250101,000509.SZ,华塑控股,元器件,主板,SZSE,AI算力,PCB/服务器/高速连接,stock_basic_keyword,0.7,industry:元器件,20250101,
20250101,000536.SZ,华映科技,元器件,主板,SZSE,AI算力,PCB/服务器/高速连接,stock_basic_keyword,0.7,industry:元器件,20250101,
20250101,000547.SZ,航天发展,通信设备,主板,SZSE,AI算力,PCB/服务器/高速连接,stock_basic_keyword,0.7,industry:通信设备,20250101,
20250101,000561.SZ,烽火电子,通信设备,主板,SZSE,AI算力,PCB/服务器/高速连接,stock_basic_keyword,0.7,industry:通信设备,20250101,
20250101,000586.SZ,汇源通信,通信设备,主板,SZSE,AI算力,PCB/服务器/高速连接,stock_basic_keyword,0.7,industry:通信设备,20250101,
20250101,000636.SZ,风华高科,元器件,主板,SZSE,AI算力,PCB/服务器/高速连接,stock_basic_keyword,0.7,industry:元器件,20250101,
20250101,000670.SZ,盈方微,元器件,主板,SZSE,AI算力,PCB/服务器/高速连接,stock_basic_keyword,0.7,industry:元器件,20250101,
20250101,000725.SZ,京东方Ａ,元器件,主板,SZSE,AI算力,PCB/服务器/高速连接,stock_basic_keyword,0.7,industry:元器件,20250101,
20250101,000727.SZ,冠捷科技,元器件,主板,SZSE,AI算力,PCB/服务器/高速连接,stock_basic_keyword,0.7,industry:元器件,20250101,
20250101,000733.SZ,振华科技,元器件,主板,SZSE,AI算力,PCB/服务器/高速连接,stock_basic_keyword,0.7,industry:元器件,20250101,
20250101,000815.SZ,美利云,通信设备,主板,SZSE,AI算力,PCB/服务器/高速连接,stock_basic_keyword,0.7,industry:通信设备,20250101,
20250101,000823.SZ,超声电子,元器件,主板,SZSE,AI算力,PCB/服务器/高速连接,stock_basic_keyword,0.7,industry:元器件,20250101,
20250101,000889.SZ,中嘉博创,通信设备,主板,SZSE,AI算力,PCB/服务器/高速连接,stock_basic_keyword,0.7,industry:通信设备,20250101,
20250101,000938.SZ,紫光股份,IT设备,主板,SZSE,AI算力,PCB/服务器/高速连接,stock_basic_keyword,0.7,industry:IT设备,20250101,
20250101,000977.SZ,浪潮信息,IT设备,主板,SZSE,AI算力,PCB/服务器/高速连接,stock_basic_keyword,0.7,industry:IT设备;name:浪潮,20250101,
20250101,000997.SZ,新大陆,IT设备,主板,SZSE,AI算力,PCB/服务器/高速连接,stock_basic_keyword,0.7,industry:IT设备,20250101,
20250101,001229.SZ,魅视科技,IT设备,主板,SZSE,AI算力,PCB/服务器/高速连接,stock_basic_keyword,0.7,industry:IT设备,20250101,
20250101,001267.SZ,汇绿生态,通信设备,主板,SZSE,AI算力,PCB/服务器/高速连接,stock_basic_keyword,0.7,industry:通信设备,20250101,
20250101,001287.SZ,中电港,元器件,主板,SZSE,AI算力,PCB/服务器/高速连接,stock_basic_keyword,0.7,industry:元器件,20250101,
20250101,001298.SZ,好上好,元器件,主板,SZSE,AI算力,PCB/服务器/高速连接,stock_basic_keyword,0.7,industry:元器件,20250101,
20250101,001308.SZ,康冠科技,元器件,主板,SZSE,AI算力,PCB/服务器/高速连接,stock_basic_keyword,0.7,industry:元器件,20250101,
20250101,001314.SZ,亿道信息,元器件,主板,SZSE,AI算力,PCB/服务器/高速连接,stock_basic_keyword,0.7,industry:元器件,20250101,
20250101,001339.SZ,智微智能,IT设备,主板,SZSE,AI算力,PCB/服务器/高速连接,stock_basic_keyword,0.7,industry:IT设备,20250101,
20250101,001373.SZ,翔腾新材,元器件,主板,SZSE,AI算力,PCB/服务器/高速连接,stock_basic_keyword,0.7,industry:元器件,20250101,
20250101,001389.SZ,广合科技,元器件,主板,SZSE,AI算力,PCB/服务器/高速连接,stock_basic_keyword,0.7,industry:元器件,20250101,
20250101,002017.SZ,东信和平,通信设备,主板,SZSE,AI算力,PCB/服务器/高速连接,stock_basic_keyword,0.7,industry:通信设备,20250101,
20250101,002025.SZ,航天电器,元器件,主板,SZSE,AI算力,PCB/服务器/高速连接,stock_basic_keyword,0.7,industry:元器件,20250101,
20250101,002036.SZ,联创电子,元器件,主板,SZSE,AI算力,PCB/服务器/高速连接,stock_basic_keyword,0.7,industry:元器件,20250101,
20250101,002045.SZ,国光电器,元器件,主板,SZSE,AI算力,PCB/服务器/高速连接,stock_basic_keyword,0.7,industry:元器件,20250101,
20250101,002055.SZ,ST得润,元器件,主板,SZSE,AI算力,PCB/服务器/高速连接,stock_basic_keyword,0.7,industry:元器件,20250101,
20250101,002104.SZ,恒宝股份,通信设备,主板,SZSE,AI算力,PCB/服务器/高速连接,stock_basic_keyword,0.7,industry:通信设备,20250101,
20250101,002106.SZ,莱宝高科,元器件,主板,SZSE,AI算力,PCB/服务器/高速连接,stock_basic_keyword,0.7,industry:元器件,20250101,
20250101,002134.SZ,天津普林,元器件,主板,SZSE,AI算力,PCB/服务器/高速连接,stock_basic_keyword,0.7,industry:元器件,20250101,
20250101,002137.SZ,实益达,元器件,主板,SZSE,AI算力,PCB/服务器/高速连接,stock_basic_keyword,0.7,industry:元器件,20250101,
20250101,002138.SZ,顺络电子,元器件,主板,SZSE,AI算力,PCB/服务器/高速连接,stock_basic_keyword,0.7,industry:元器件,20250101,
20250101,002139.SZ,拓邦股份,元器件,主板,SZSE,AI算力,PCB/服务器/高速连接,stock_basic_keyword,0.7,industry:元器件,20250101,
20250101,002151.SZ,北斗星通,通信设备,主板,SZSE,AI算力,PCB/服务器/高速连接,stock_basic_keyword,0.7,industry:通信设备,20250101,
20250101,002152.SZ,广电运通,IT设备,主板,SZSE,AI算力,PCB/服务器/高速连接,stock_basic_keyword,0.7,industry:IT设备,20250101,
20250101,002161.SZ,远望谷,通信设备,主板,SZSE,AI算力,PCB/服务器/高速连接,stock_basic_keyword,0.7,industry:通信设备,20250101,
20250101,002179.SZ,中航光电,元器件,主板,SZSE,AI算力,PCB/服务器/高速连接,stock_basic_keyword,0.7,industry:元器件,20250101,
20250101,002180.SZ,纳思达,IT设备,主板,SZSE,AI算力,PCB/服务器/高速连接,stock_basic_keyword,0.7,industry:IT设备,20250101,
20250101,002189.SZ,中光学,元器件,主板,SZSE,AI算力,PCB/服务器/高速连接,stock_basic_keyword,0.7,industry:元器件,20250101,
20250101,002194.SZ,武汉凡谷,通信设备,主板,SZSE,AI算力,PCB/服务器/高速连接,stock_basic_keyword,0.7,industry:通信设备,20250101,
20250101,002197.SZ,证通电子,IT设备,主板,SZSE,AI算力,PCB/服务器/高速连接,stock_basic_keyword,0.7,industry:IT设备,20250101,
20250101,002199.SZ,*ST东晶,元器件,主板,SZSE,AI算力,PCB/服务器/高速连接,stock_basic_keyword,0.7,industry:元器件,20250101,
20250101,002217.SZ,合力泰,元器件,主板,SZSE,AI算力,PCB/服务器/高速连接,stock_basic_keyword,0.7,industry:元器件,20250101,
20250101,002222.SZ,福晶科技,元器件,主板,SZSE,AI算力,PCB/服务器/高速连接,stock_basic_keyword,0.7,industry:元器件,20250101,
20250101,002236.SZ,大华股份,IT设备,主板,SZSE,AI算力,PCB/服务器/高速连接,stock_basic_keyword,0.7,industry:IT设备,20250101,
20250101,002241.SZ,歌尔股份,元器件,主板,SZSE,AI算力,PCB/服务器/高速连接,stock_basic_keyword,0.7,industry:元器件,20250101,
20250101,002268.SZ,电科网安,IT设备,主板,SZSE,AI算力,PCB/服务器/高速连接,stock_basic_keyword,0.7,industry:IT设备,20250101,
20250101,002273.SZ,水晶光电,元器件,主板,SZSE,AI算力,PCB/服务器/高速连接,stock_basic_keyword,0.7,industry:元器件,20250101,
20250101,002281.SZ,光迅科技,通信设备,主板,SZSE,AI算力,PCB/服务器/高速连接,stock_basic_keyword,0.7,industry:通信设备,20250101,
20250101,002289.SZ,*ST宇顺,元器件,主板,SZSE,AI算力,PCB/服务器/高速连接,stock_basic_keyword,0.7,industry:元器件,20250101,
20250101,002296.SZ,辉煌科技,通信设备,主板,SZSE,AI算力,PCB/服务器/高速连接,stock_basic_keyword,0.7,industry:通信设备,20250101,
20250101,002313.SZ,日海智能,通信设备,主板,SZSE,AI算力,PCB/服务器/高速连接,stock_basic_keyword,0.7,industry:通信设备,20250101,
20250101,002351.SZ,漫步者,IT设备,主板,SZSE,AI算力,PCB/服务器/高速连接,stock_basic_keyword,0.7,industry:IT设备,20250101,
20250101,002369.SZ,卓翼科技,通信设备,主板,SZSE,AI算力,PCB/服务器/高速连接,stock_basic_keyword,0.7,industry:通信设备,20250101,
20250101,002376.SZ,新北洋,IT设备,主板,SZSE,AI算力,PCB/服务器/高速连接,stock_basic_keyword,0.7,industry:IT设备,20250101,
20250101,002383.SZ,合众思壮,通信设备,主板,SZSE,AI算力,PCB/服务器/高速连接,stock_basic_keyword,0.7,industry:通信设备,20250101,
20250101,002384.SZ,东山精密,元器件,主板,SZSE,AI算力,PCB/服务器/高速连接,stock_basic_keyword,0.7,industry:元器件,20250101,
20250101,002387.SZ,维信诺,元器件,主板,SZSE,AI算力,PCB/服务器/高速连接,stock_basic_keyword,0.7,industry:元器件,20250101,
20250101,002388.SZ,新亚制程,元器件,主板,SZSE,AI算力,PCB/服务器/高速连接,stock_basic_keyword,0.7,industry:元器件,20250101,
20250101,002396.SZ,星网锐捷,通信设备,主板,SZSE,AI算力,PCB/服务器/高速连接,stock_basic_keyword,0.7,industry:通信设备,20250101,
20250101,002402.SZ,和而泰,元器件,主板,SZSE,AI算力,PCB/服务器/高速连接,stock_basic_keyword,0.7,industry:元器件,20250101,
20250101,002413.SZ,雷科防务,通信设备,主板,SZSE,AI算力,PCB/服务器/高速连接,stock_basic_keyword,0.7,industry:通信设备,20250101,
20250101,002415.SZ,海康威视,IT设备,主板,SZSE,AI算力,PCB/服务器/高速连接,stock_basic_keyword,0.7,industry:IT设备,20250101,
20250101,002426.SZ,胜利精密,元器件,主板,SZSE,AI算力,PCB/服务器/高速连接,stock_basic_keyword,0.7,industry:元器件,20250101,
20250101,002436.SZ,兴森科技,元器件,主板,SZSE,AI算力,PCB/服务器/高速连接,stock_basic_keyword,0.7,industry:元器件,20250101,
20250101,002446.SZ,盛路通信,通信设备,主板,SZSE,AI算力,PCB/服务器/高速连接,stock_basic_keyword,0.7,industry:通信设备,20250101,
20250101,002456.SZ,欧菲光,元器件,主板,SZSE,AI算力,PCB/服务器/高速连接,stock_basic_keyword,0.7,industry:元器件,20250101,
20250101,002463.SZ,沪电股份,元器件,主板,SZSE,AI算力,PCB/服务器/高速连接,stock_basic_keyword,0.7,industry:元器件;name:沪电,20250101,
20250101,002465.SZ,海格通信,通信设备,主板,SZSE,AI算力,PCB/服务器/高速连接,stock_basic_keyword,0.7,industry:通信设备,20250101,
20250101,002475.SZ,立讯精密,元器件,主板,SZSE,AI算力,PCB/服务器/高速连接,stock_basic_keyword,0.7,industry:元器件,20250101,
20250101,002484.SZ,江海股份,元器件,主板,SZSE,AI算力,PCB/服务器/高速连接,stock_basic_keyword,0.7,industry:元器件,20250101,
20250101,002491.SZ,通鼎互联,通信设备,主板,SZSE,AI算力,PCB/服务器/高速连接,stock_basic_keyword,0.7,industry:通信设备,20250101,
20250101,002512.SZ,ST达华,IT设备,主板,SZSE,AI算力,PCB/服务器/高速连接,stock_basic_keyword,0.7,industry:IT设备,20250101,
20250101,002519.SZ,银河电子,通信设备,主板,SZSE,AI算力,PCB/服务器/高速连接,stock_basic_keyword,0.7,industry:通信设备,20250101,
20250101,002528.SZ,ST英飞拓,IT设备,主板,SZSE,AI算力,PCB/服务器/高速连接,stock_basic_keyword,0.7,industry:IT设备,20250101,
20250101,002544.SZ,普天科技,通信设备,主板,SZSE,AI算力,PCB/服务器/高速连接,stock_basic_keyword,0.7,industry:通信设备,20250101,
20250101,002552.SZ,宝鼎科技,元器件,主板,SZSE,AI算力,PCB/服务器/高速连接,stock_basic_keyword,0.7,industry:元器件,20250101,
20250101,002577.SZ,雷柏科技,IT设备,主板,SZSE,AI算力,PCB/服务器/高速连接,stock_basic_keyword,0.7,industry:IT设备,20250101,
20250101,002579.SZ,中京电子,元器件,主板,SZSE,AI算力,PCB/服务器/高速连接,stock_basic_keyword,0.7,industry:元器件,20250101,
20250101,002583.SZ,海能达,通信设备,主板,SZSE,AI算力,PCB/服务器/高速连接,stock_basic_keyword,0.7,industry:通信设备,20250101,
20250101,002587.SZ,奥拓电子,元器件,主板,SZSE,AI算力,PCB/服务器/高速连接,stock_basic_keyword,0.7,industry:元器件,20250101,
20250101,002600.SZ,领益智造,元器件,主板,SZSE,AI算力,PCB/服务器/高速连接,stock_basic_keyword,0.7,industry:元器件,20250101,
20250101,002635.SZ,安洁科技,元器件,主板,SZSE,AI算力,PCB/服务器/高速连接,stock_basic_keyword,0.7,industry:元器件,20250101,
20250101,002636.SZ,金安国纪,元器件,主板,SZSE,AI算力,PCB/服务器/高速连接,stock_basic_keyword,0.7,industry:元器件,20250101,
20250101,002655.SZ,共达电声,元器件,主板,SZSE,AI算力,PCB/服务器/高速连接,stock_basic_keyword,0.7,industry:元器件,20250101,
20250101,002681.SZ,奋达科技,元器件,主板,SZSE,AI算力,PCB/服务器/高速连接,stock_basic_keyword,0.7,industry:元器件,20250101,
20250101,002724.SZ,海洋王,元器件,主板,SZSE,AI算力,PCB/服务器/高速连接,stock_basic_keyword,0.7,industry:元器件,20250101,
20250101,002729.SZ,好利科技,元器件,主板,SZSE,AI算力,PCB/服务器/高速连接,stock_basic_keyword,0.7,industry:元器件,20250101,
20250101,002745.SZ,木林森,元器件,主板,SZSE,AI算力,PCB/服务器/高速连接,stock_basic_keyword,0.7,industry:元器件,20250101,
20250101,002765.SZ,蓝黛科技,元器件,主板,SZSE,AI算力,PCB/服务器/高速连接,stock_basic_keyword,0.7,industry:元器件,20250101,
20250101,002782.SZ,可立克,元器件,主板,SZSE,AI算力,PCB/服务器/高速连接,stock_basic_keyword,0.7,industry:元器件,20250101,
20250101,002792.SZ,通宇通讯,通信设备,主板,SZSE,AI算力,PCB/服务器/高速连接,stock_basic_keyword,0.7,industry:通信设备,20250101,
20250101,002796.SZ,世嘉科技,通信设备,主板,SZSE,AI算力,PCB/服务器/高速连接,stock_basic_keyword,0.7,industry:通信设备,20250101,
20250101,002808.SZ,*ST恒久,元器件,主板,SZSE,AI算力,PCB/服务器/高速连接,stock_basic_keyword,0.7,industry:元器件,20250101,
20250101,002815.SZ,崇达技术,元器件,主板,SZSE,AI算力,PCB/服务器/高速连接,stock_basic_keyword,0.7,industry:元器件,20250101,
20250101,002835.SZ,同为股份,IT设备,主板,SZSE,AI算力,PCB/服务器/高速连接,stock_basic_keyword,0.7,industry:IT设备,20250101,
20250101,002841.SZ,视源股份,元器件,主板,SZSE,AI算力,PCB/服务器/高速连接,stock_basic_keyword,0.7,industry:元器件,20250101,
20250101,002845.SZ,同兴达,元器件,主板,SZSE,AI算力,PCB/服务器/高速连接,stock_basic_keyword,0.7,industry:元器件,20250101,
20250101,002855.SZ,捷荣技术,元器件,主板,SZSE,AI算力,PCB/服务器/高速连接,stock_basic_keyword,0.7,industry:元器件,20250101,
20250101,002859.SZ,洁美科技,元器件,主板,SZSE,AI算力,PCB/服务器/高速连接,stock_basic_keyword,0.7,industry:元器件,20250101,
20250101,002861.SZ,瀛通通讯,元器件,主板,SZSE,AI算力,PCB/服务器/高速连接,stock_basic_keyword,0.7,industry:元器件,20250101,
20250101,002866.SZ,传艺科技,IT设备,主板,SZSE,AI算力,PCB/服务器/高速连接,stock_basic_keyword,0.7,industry:IT设备,20250101,
20250101,002869.SZ,金溢科技,通信设备,主板,SZSE,AI算力,PCB/服务器/高速连接,stock_basic_keyword,0.7,industry:通信设备,20250101,
20250101,002876.SZ,三利谱,元器件,主板,SZSE,AI算力,PCB/服务器/高速连接,stock_basic_keyword,0.7,industry:元器件,20250101,
20250101,002881.SZ,美格智能,元器件,主板,SZSE,AI算力,PCB/服务器/高速连接,stock_basic_keyword,0.7,industry:元器件,20250101,
20250101,002885.SZ,京泉华,元器件,主板,SZSE,AI算力,PCB/服务器/高速连接,stock_basic_keyword,0.7,industry:元器件,20250101,
20250101,002888.SZ,惠威科技,元器件,主板,SZSE,AI算力,PCB/服务器/高速连接,stock_basic_keyword,0.7,industry:元器件,20250101,
20250101,002897.SZ,意华股份,元器件,主板,SZSE,AI算力,PCB/服务器/高速连接,stock_basic_keyword,0.7,industry:元器件,20250101,
20250101,002902.SZ,铭普光磁,通信设备,主板,SZSE,AI算力,PCB/服务器/高速连接,stock_basic_keyword,0.7,industry:通信设备,20250101,
20250101,002912.SZ,中新赛克,IT设备,主板,SZSE,AI算力,PCB/服务器/高速连接,stock_basic_keyword,0.7,industry:IT设备,20250101,
20250101,002913.SZ,奥士康,元器件,主板,SZSE,AI算力,PCB/服务器/高速连接,stock_basic_keyword,0.7,industry:元器件,20250101,
20250101,002916.SZ,深南电路,元器件,主板,SZSE,AI算力,PCB/服务器/高速连接,stock_basic_keyword,0.7,industry:元器件;name:电路;name:深南,20250101,
20250101,002925.SZ,盈趣科技,元器件,主板,SZSE,AI算力,PCB/服务器/高速连接,stock_basic_keyword,0.7,industry:元器件,20250101,
20250101,002929.SZ,润建股份,通信设备,主板,SZSE,AI算力,PCB/服务器/高速连接,stock_basic_keyword,0.7,industry:通信设备,20250101,
20250101,002937.SZ,兴瑞科技,元器件,主板,SZSE,AI算力,PCB/服务器/高速连接,stock_basic_keyword,0.7,industry:元器件,20250101,
20250101,002938.SZ,鹏鼎控股,元器件,主板,SZSE,AI算力,PCB/服务器/高速连接,stock_basic_keyword,0.7,industry:元器件;name:鹏鼎,20250101,
20250101,002947.SZ,恒铭达,元器件,主板,SZSE,AI算力,PCB/服务器/高速连接,stock_basic_keyword,0.7,industry:元器件,20250101,
20250101,002952.SZ,亚世光电,元器件,主板,SZSE,AI算力,PCB/服务器/高速连接,stock_basic_keyword,0.7,industry:元器件,20250101,
20250101,002955.SZ,鸿合科技,IT设备,主板,SZSE,AI算力,PCB/服务器/高速连接,stock_basic_keyword,0.7,industry:IT设备,20250101,
20250101,002962.SZ,五方光电,元器件,主板,SZSE,AI算力,PCB/服务器/高速连接,stock_basic_keyword,0.7,industry:元器件,20250101,
20250101,002970.SZ,锐明技术,IT设备,主板,SZSE,AI算力,PCB/服务器/高速连接,stock_basic_keyword,0.7,industry:IT设备,20250101,
20250101,002977.SZ,天箭科技,通信设备,主板,SZSE,AI算力,PCB/服务器/高速连接,stock_basic_keyword,0.7,industry:通信设备,20250101,
20250101,002981.SZ,朝阳科技,元器件,主板,SZSE,AI算力,PCB/服务器/高速连接,stock_basic_keyword,0.7,industry:元器件,20250101,
20250101,002983.SZ,芯瑞达,元器件,主板,SZSE,AI算力,PCB/服务器/高速连接,stock_basic_keyword,0.7,industry:元器件,20250101,
20250101,002992.SZ,宝明科技,元器件,主板,SZSE,AI算力,PCB/服务器/高速连接,stock_basic_keyword,0.7,industry:元器件,20250101,
20250101,002993.SZ,奥海科技,元器件,主板,SZSE,AI算力,PCB/服务器/高速连接,stock_basic_keyword,0.7,industry:元器件,20250101,
20250101,003004.SZ,*ST声迅,IT设备,主板,SZSE,AI算力,PCB/服务器/高速连接,stock_basic_keyword,0.7,industry:IT设备,20250101,
20250101,003015.SZ,日久光电,元器件,主板,SZSE,AI算力,PCB/服务器/高速连接,stock_basic_keyword,0.7,industry:元器件,20250101,
20250101,003019.SZ,宸展光电,元器件,主板,SZSE,AI算力,PCB/服务器/高速连接,stock_basic_keyword,0.7,industry:元器件,20250101,
20250101,003021.SZ,兆威机电,元器件,主板,SZSE,AI算力,PCB/服务器/高速连接,stock_basic_keyword,0.7,industry:元器件,20250101,
20250101,003028.SZ,振邦智能,元器件,主板,SZSE,AI算力,PCB/服务器/高速连接,stock_basic_keyword,0.7,industry:元器件,20250101,
20250101,003031.SZ,中瓷电子,元器件,主板,SZSE,AI算力,PCB/服务器/高速连接,stock_basic_keyword,0.7,industry:元器件,20250101,
20250101,003040.SZ,楚天龙,通信设备,主板,SZSE,AI算力,PCB/服务器/高速连接,stock_basic_keyword,0.7,industry:通信设备,20250101,
20250101,300025.SZ,华星创业,通信设备,创业板,SZSE,AI算力,PCB/服务器/高速连接,stock_basic_keyword,0.7,industry:通信设备,20250101,
20250101,300032.SZ,金龙机电,元器件,创业板,SZSE,AI算力,PCB/服务器/高速连接,stock_basic_keyword,0.7,industry:元器件,20250101,
20250101,300042.SZ,朗科科技,IT设备,创业板,SZSE,AI算力,PCB/服务器/高速连接,stock_basic_keyword,0.7,industry:IT设备,20250101,
20250101,300045.SZ,华力创通,IT设备,创业板,SZSE,AI算力,PCB/服务器/高速连接,stock_basic_keyword,0.7,industry:IT设备,20250101,
20250101,300050.SZ,世纪鼎利,通信设备,创业板,SZSE,AI算力,PCB/服务器/高速连接,stock_basic_keyword,0.7,industry:通信设备,20250101,
20250101,300076.SZ,GQY视讯,IT设备,创业板,SZSE,AI算力,PCB/服务器/高速连接,stock_basic_keyword,0.7,industry:IT设备,20250101,
20250101,300079.SZ,数码视讯,IT设备,创业板,SZSE,AI算力,PCB/服务器/高速连接,stock_basic_keyword,0.7,industry:IT设备,20250101,
20250101,300088.SZ,长信科技,元器件,创业板,SZSE,AI算力,PCB/服务器/高速连接,stock_basic_keyword,0.7,industry:元器件,20250101,
20250101,300101.SZ,振芯科技,通信设备,创业板,SZSE,AI算力,PCB/服务器/高速连接,stock_basic_keyword,0.7,industry:通信设备,20250101,
20250101,300115.SZ,长盈精密,元器件,创业板,SZSE,AI算力,PCB/服务器/高速连接,stock_basic_keyword,0.7,industry:元器件,20250101,
20250101,300120.SZ,经纬辉开,元器件,创业板,SZSE,AI算力,PCB/服务器/高速连接,stock_basic_keyword,0.7,industry:元器件,20250101,
20250101,300128.SZ,锦富技术,元器件,创业板,SZSE,AI算力,PCB/服务器/高速连接,stock_basic_keyword,0.7,industry:元器件,20250101,
20250101,300130.SZ,新国都,IT设备,创业板,SZSE,AI算力,PCB/服务器/高速连接,stock_basic_keyword,0.7,industry:IT设备,20250101,
20250101,300131.SZ,英唐智控,元器件,创业板,SZSE,AI算力,PCB/服务器/高速连接,stock_basic_keyword,0.7,industry:元器件,20250101,
20250101,300134.SZ,大富科技,通信设备,创业板,SZSE,AI算力,PCB/服务器/高速连接,stock_basic_keyword,0.7,industry:通信设备,20250101,
20250101,300136.SZ,信维通信,元器件,创业板,SZSE,AI算力,PCB/服务器/高速连接,stock_basic_keyword,0.7,industry:元器件,20250101,
20250101,300155.SZ,安居宝,IT设备,创业板,SZSE,AI算力,PCB/服务器/高速连接,stock_basic_keyword,0.7,industry:IT设备,20250101,
20250101,300162.SZ,雷曼光电,元器件,创业板,SZSE,AI算力,PCB/服务器/高速连接,stock_basic_keyword,0.7,industry:元器件,20250101,
20250101,300177.SZ,中海达,通信设备,创业板,SZSE,AI算力,PCB/服务器/高速连接,stock_basic_keyword,0.7,industry:通信设备,20250101,
20250101,300183.SZ,东软载波,通信设备,创业板,SZSE,AI算力,PCB/服务器/高速连接,stock_basic_keyword,0.7,industry:通信设备,20250101,
20250101,300184.SZ,力源信息,元器件,创业板,SZSE,AI算力,PCB/服务器/高速连接,stock_basic_keyword,0.7,industry:元器件,20250101,
20250101,300205.SZ,*ST天喻,通信设备,创业板,SZSE,AI算力,PCB/服务器/高速连接,stock_basic_keyword,0.7,industry:通信设备,20250101,
20250101,300211.SZ,*ST亿通,通信设备,创业板,SZSE,AI算力,PCB/服务器/高速连接,stock_basic_keyword,0.7,industry:通信设备,20250101,
20250101,300213.SZ,佳讯飞鸿,通信设备,创业板,SZSE,AI算力,PCB/服务器/高速连接,stock_basic_keyword,0.7,industry:通信设备,20250101,
20250101,300219.SZ,鸿利智汇,元器件,创业板,SZSE,AI算力,PCB/服务器/高速连接,stock_basic_keyword,0.7,industry:元器件,20250101,
20250101,300232.SZ,洲明科技,元器件,创业板,SZSE,AI算力,PCB/服务器/高速连接,stock_basic_keyword,0.7,industry:元器件,20250101,
20250101,300249.SZ,依米康,IT设备,创业板,SZSE,AI算力,PCB/服务器/高速连接,stock_basic_keyword,0.7,industry:IT设备,20250101,
20250101,300252.SZ,金信诺,通信设备,创业板,SZSE,AI算力,PCB/服务器/高速连接,stock_basic_keyword,0.7,industry:通信设备,20250101,
20250101,300256.SZ,星星科技,元器件,创业板,SZSE,AI算力,PCB/服务器/高速连接,stock_basic_keyword,0.7,industry:元器件,20250101,
20250101,300269.SZ,联建光电,元器件,创业板,SZSE,AI算力,PCB/服务器/高速连接,stock_basic_keyword,0.7,industry:元器件,20250101,
20250101,300270.SZ,中威电子,IT设备,创业板,SZSE,AI算力,PCB/服务器/高速连接,stock_basic_keyword,0.7,industry:IT设备,20250101,
20250101,300279.SZ,和晶科技,元器件,创业板,SZSE,AI算力,PCB/服务器/高速连接,stock_basic_keyword,0.7,industry:元器件,20250101,
20250101,300296.SZ,利亚德,元器件,创业板,SZSE,AI算力,PCB/服务器/高速连接,stock_basic_keyword,0.7,industry:元器件,20250101,
20250101,300302.SZ,同有科技,IT设备,创业板,SZSE,AI算力,PCB/服务器/高速连接,stock_basic_keyword,0.7,industry:IT设备,20250101,
20250101,300308.SZ,中际旭创,通信设备,创业板,SZSE,AI算力,PCB/服务器/高速连接,stock_basic_keyword,0.7,industry:通信设备,20250101,
20250101,300310.SZ,宜通世纪,通信设备,创业板,SZSE,AI算力,PCB/服务器/高速连接,stock_basic_keyword,0.7,industry:通信设备,20250101,
20250101,300319.SZ,麦捷科技,元器件,创业板,SZSE,AI算力,PCB/服务器/高速连接,stock_basic_keyword,0.7,industry:元器件,20250101,
20250101,300322.SZ,硕贝德,元器件,创业板,SZSE,AI算力,PCB/服务器/高速连接,stock_basic_keyword,0.7,industry:元器件,20250101,
20250101,300331.SZ,苏大维格,元器件,创业板,SZSE,AI算力,PCB/服务器/高速连接,stock_basic_keyword,0.7,industry:元器件,20250101,
20250101,300333.SZ,兆日科技,IT设备,创业板,SZSE,AI算力,PCB/服务器/高速连接,stock_basic_keyword,0.7,industry:IT设备,20250101,
20250101,300353.SZ,东土科技,通信设备,创业板,SZSE,AI算力,PCB/服务器/高速连接,stock_basic_keyword,0.7,industry:通信设备,20250101,
20250101,300368.SZ,汇金股份,IT设备,创业板,SZSE,AI算力,PCB/服务器/高速连接,stock_basic_keyword,0.7,industry:IT设备,20250101,
20250101,300386.SZ,飞天诚信,IT设备,创业板,SZSE,AI算力,PCB/服务器/高速连接,stock_basic_keyword,0.7,industry:IT设备,20250101,
20250101,300389.SZ,艾比森,元器件,创业板,SZSE,AI算力,PCB/服务器/高速连接,stock_basic_keyword,0.7,industry:元器件,20250101,
20250101,300394.SZ,天孚通信,通信设备,创业板,SZSE,AI算力,PCB/服务器/高速连接,stock_basic_keyword,0.7,industry:通信设备,20250101,
20250101,300397.SZ,天和防务,通信设备,创业板,SZSE,AI算力,PCB/服务器/高速连接,stock_basic_keyword,0.7,industry:通信设备,20250101,
20250101,300408.SZ,三环集团,元器件,创业板,SZSE,AI算力,PCB/服务器/高速连接,stock_basic_keyword,0.7,industry:元器件,20250101,
20250101,300414.SZ,中光防雷,通信设备,创业板,SZSE,AI算力,PCB/服务器/高速连接,stock_basic_keyword,0.7,industry:通信设备,20250101,
20250101,300433.SZ,蓝思科技,元器件,创业板,SZSE,AI算力,PCB/服务器/高速连接,stock_basic_keyword,0.7,industry:元器件,20250101,
20250101,300449.SZ,汉邦高科,IT设备,创业板,SZSE,AI算力,PCB/服务器/高速连接,stock_basic_keyword,0.7,industry:IT设备,20250101,
20250101,300455.SZ,航天智装,IT设备,创业板,SZSE,AI算力,PCB/服务器/高速连接,stock_basic_keyword,0.7,industry:IT设备,20250101,
20250101,300460.SZ,ST惠伦,元器件,创业板,SZSE,AI算力,PCB/服务器/高速连接,stock_basic_keyword,0.7,industry:元器件,20250101,
20250101,300462.SZ,ST华铭,IT设备,创业板,SZSE,AI算力,PCB/服务器/高速连接,stock_basic_keyword,0.7,industry:IT设备,20250101,
20250101,300474.SZ,景嘉微,元器件,创业板,SZSE,AI算力,PCB/服务器/高速连接,stock_basic_keyword,0.7,industry:元器件,20250101,
20250101,300475.SZ,香农芯创,元器件,创业板,SZSE,AI算力,PCB/服务器/高速连接,stock_basic_keyword,0.7,industry:元器件,20250101,
20250101,300476.SZ,胜宏科技,元器件,创业板,SZSE,AI算力,PCB/服务器/高速连接,stock_basic_keyword,0.7,industry:元器件;name:胜宏,20250101,
20250101,300493.SZ,润欣科技,元器件,创业板,SZSE,AI算力,PCB/服务器/高速连接,stock_basic_keyword,0.7,industry:元器件,20250101,
20250101,300502.SZ,新易盛,通信设备,创业板,SZSE,AI算力,PCB/服务器/高速连接,stock_basic_keyword,0.7,industry:通信设备,20250101,
20250101,300504.SZ,天邑股份,通信设备,创业板,SZSE,AI算力,PCB/服务器/高速连接,stock_basic_keyword,0.7,industry:通信设备,20250101,
20250101,300531.SZ,优博讯,IT设备,创业板,SZSE,AI算力,PCB/服务器/高速连接,stock_basic_keyword,0.7,industry:IT设备,20250101,
20250101,300543.SZ,朗科智能,元器件,创业板,SZSE,AI算力,PCB/服务器/高速连接,stock_basic_keyword,0.7,industry:元器件,20250101,
20250101,300546.SZ,雄帝科技,IT设备,创业板,SZSE,AI算力,PCB/服务器/高速连接,stock_basic_keyword,0.7,industry:IT设备,20250101,
20250101,300548.SZ,长芯博创,通信设备,创业板,SZSE,AI算力,PCB/服务器/高速连接,stock_basic_keyword,0.7,industry:通信设备,20250101,
20250101,300552.SZ,万集科技,IT设备,创业板,SZSE,AI算力,PCB/服务器/高速连接,stock_basic_keyword,0.7,industry:IT设备,20250101,
20250101,300555.SZ,ST路通,通信设备,创业板,SZSE,AI算力,PCB/服务器/高速连接,stock_basic_keyword,0.7,industry:通信设备,20250101,
20250101,300560.SZ,中富通,通信设备,创业板,SZSE,AI算力,PCB/服务器/高速连接,stock_basic_keyword,0.7,industry:通信设备,20250101,
20250101,300563.SZ,神宇股份,通信设备,创业板,SZSE,AI算力,PCB/服务器/高速连接,stock_basic_keyword,0.7,industry:通信设备,20250101,
20250101,300565.SZ,科信技术,通信设备,创业板,SZSE,AI算力,PCB/服务器/高速连接,stock_basic_keyword,0.7,industry:通信设备,20250101,
20250101,300566.SZ,激智科技,元器件,创业板,SZSE,AI算力,PCB/服务器/高速连接,stock_basic_keyword,0.7,industry:元器件,20250101,
20250101,300570.SZ,太辰光,通信设备,创业板,SZSE,AI算力,PCB/服务器/高速连接,stock_basic_keyword,0.7,industry:通信设备,20250101,
20250101,300578.SZ,会畅科技,通信设备,创业板,SZSE,AI算力,PCB/服务器/高速连接,stock_basic_keyword,0.7,industry:通信设备,20250101,
20250101,300582.SZ,英飞特,元器件,创业板,SZSE,AI算力,PCB/服务器/高速连接,stock_basic_keyword,0.7,industry:元器件,20250101,
20250101,300588.SZ,熙菱信息,IT设备,创业板,SZSE,AI算力,PCB/服务器/高速连接,stock_basic_keyword,0.7,industry:IT设备,20250101,
20250101,300590.SZ,移为通信,通信设备,创业板,SZSE,AI算力,PCB/服务器/高速连接,stock_basic_keyword,0.7,industry:通信设备,20250101,
20250101,300597.SZ,吉大通信,通信设备,创业板,SZSE,AI算力,PCB/服务器/高速连接,stock_basic_keyword,0.7,industry:通信设备,20250101,
20250101,300602.SZ,飞荣达,元器件,创业板,SZSE,AI算力,PCB/服务器/高速连接,stock_basic_keyword,0.7,industry:元器件,20250101,
20250101,300603.SZ,立昂技术,通信设备,创业板,SZSE,AI算力,PCB/服务器/高速连接,stock_basic_keyword,0.7,industry:通信设备,20250101,
20250101,300615.SZ,欣天科技,通信设备,创业板,SZSE,AI算力,PCB/服务器/高速连接,stock_basic_keyword,0.7,industry:通信设备,20250101,
20250101,300620.SZ,光库科技,通信设备,创业板,SZSE,AI算力,PCB/服务器/高速连接,stock_basic_keyword,0.7,industry:通信设备,20250101,
20250101,300627.SZ,华测导航,通信设备,创业板,SZSE,AI算力,PCB/服务器/高速连接,stock_basic_keyword,0.7,industry:通信设备,20250101,
20250101,300628.SZ,亿联网络,通信设备,创业板,SZSE,AI算力,PCB/服务器/高速连接,stock_basic_keyword,0.7,industry:通信设备,20250101,
20250101,300629.SZ,新劲刚,元器件,创业板,SZSE,AI算力,PCB/服务器/高速连接,stock_basic_keyword,0.7,industry:元器件,20250101,
20250101,300638.SZ,广和通,通信设备,创业板,SZSE,AI算力,PCB/服务器/高速连接,stock_basic_keyword,0.7,industry:通信设备,20250101,
20250101,300650.SZ,太龙股份,元器件,创业板,SZSE,AI算力,PCB/服务器/高速连接,stock_basic_keyword,0.7,industry:元器件,20250101,
20250101,300656.SZ,民德电子,IT设备,创业板,SZSE,AI算力,PCB/服务器/高速连接,stock_basic_keyword,0.7,industry:IT设备,20250101,
20250101,300657.SZ,弘信电子,元器件,创业板,SZSE,AI算力,PCB/服务器/高速连接,stock_basic_keyword,0.7,industry:元器件,20250101,
20250101,300659.SZ,中孚信息,IT设备,创业板,SZSE,AI算力,PCB/服务器/高速连接,stock_basic_keyword,0.7,industry:IT设备,20250101,
20250101,300679.SZ,电连技术,元器件,创业板,SZSE,AI算力,PCB/服务器/高速连接,stock_basic_keyword,0.7,industry:元器件,20250101,
20250101,300684.SZ,中石科技,元器件,创业板,SZSE,AI算力,PCB/服务器/高速连接,stock_basic_keyword,0.7,industry:元器件,20250101,
20250101,300686.SZ,智动力,元器件,创业板,SZSE,AI算力,PCB/服务器/高速连接,stock_basic_keyword,0.7,industry:元器件,20250101,
20250101,300689.SZ,澄天伟业,通信设备,创业板,SZSE,AI算力,PCB/服务器/高速连接,stock_basic_keyword,0.7,industry:通信设备,20250101,
20250101,300691.SZ,联合光电,元器件,创业板,SZSE,AI算力,PCB/服务器/高速连接,stock_basic_keyword,0.7,industry:元器件,20250101,
20250101,300698.SZ,万马科技,通信设备,创业板,SZSE,AI算力,PCB/服务器/高速连接,stock_basic_keyword,0.7,industry:通信设备,20250101,
20250101,300701.SZ,森霸传感,元器件,创业板,SZSE,AI算力,PCB/服务器/高速连接,stock_basic_keyword,0.7,industry:元器件,20250101,
20250101,300706.SZ,阿石创,元器件,创业板,SZSE,AI算力,PCB/服务器/高速连接,stock_basic_keyword,0.7,industry:元器件,20250101,
20250101,300709.SZ,精研科技,元器件,创业板,SZSE,AI算力,PCB/服务器/高速连接,stock_basic_keyword,0.7,industry:元器件,20250101,
20250101,300710.SZ,万隆光电,通信设备,创业板,SZSE,AI算力,PCB/服务器/高速连接,stock_basic_keyword,0.7,industry:通信设备,20250101,
20250101,300711.SZ,广哈通信,通信设备,创业板,SZSE,AI算力,PCB/服务器/高速连接,stock_basic_keyword,0.7,industry:通信设备,20250101,
20250101,300726.SZ,宏达电子,元器件,创业板,SZSE,AI算力,PCB/服务器/高速连接,stock_basic_keyword,0.7,industry:元器件,20250101,
20250101,300735.SZ,光弘科技,元器件,创业板,SZSE,AI算力,PCB/服务器/高速连接,stock_basic_keyword,0.7,industry:元器件,20250101,
20250101,300736.SZ,百邦科技,通信设备,创业板,SZSE,AI算力,PCB/服务器/高速连接,stock_basic_keyword,0.7,industry:通信设备,20250101,
20250101,300739.SZ,明阳电路,元器件,创业板,SZSE,AI算力,PCB/服务器/高速连接,stock_basic_keyword,0.7,industry:元器件;name:电路,20250101,
20250101,300743.SZ,天地数码,IT设备,创业板,SZSE,AI算力,PCB/服务器/高速连接,stock_basic_keyword,0.7,industry:IT设备,20250101,
20250101,300752.SZ,隆利科技,元器件,创业板,SZSE,AI算力,PCB/服务器/高速连接,stock_basic_keyword,0.7,industry:元器件,20250101,
20250101,300762.SZ,上海瀚讯,通信设备,创业板,SZSE,AI算力,PCB/服务器/高速连接,stock_basic_keyword,0.7,industry:通信设备,20250101,
20250101,300771.SZ,智莱科技,IT设备,创业板,SZSE,AI算力,PCB/服务器/高速连接,stock_basic_keyword,0.7,industry:IT设备,20250101,
20250101,300787.SZ,海能实业,元器件,创业板,SZSE,AI算力,PCB/服务器/高速连接,stock_basic_keyword,0.7,industry:元器件,20250101,
20250101,300790.SZ,宇瞳光学,元器件,创业板,SZSE,AI算力,PCB/服务器/高速连接,stock_basic_keyword,0.7,industry:元器件,20250101,
20250101,300793.SZ,佳禾智能,IT设备,创业板,SZSE,AI算力,PCB/服务器/高速连接,stock_basic_keyword,0.7,industry:IT设备,20250101,
20250101,300814.SZ,中富电路,元器件,创业板,SZSE,AI算力,PCB/服务器/高速连接,stock_basic_keyword,0.7,industry:元器件;name:电路,20250101,
20250101,300822.SZ,贝仕达克,元器件,创业板,SZSE,AI算力,PCB/服务器/高速连接,stock_basic_keyword,0.7,industry:元器件,20250101,
20250101,300843.SZ,胜蓝股份,元器件,创业板,SZSE,AI算力,PCB/服务器/高速连接,stock_basic_keyword,0.7,industry:元器件,20250101,
20250101,300852.SZ,四会富仕,元器件,创业板,SZSE,AI算力,PCB/服务器/高速连接,stock_basic_keyword,0.7,industry:元器件,20250101,
20250101,300857.SZ,协创数据,IT设备,创业板,SZSE,AI算力,PCB/服务器/高速连接,stock_basic_keyword,0.7,industry:IT设备,20250101,
20250101,300866.SZ,安克创新,元器件,创业板,SZSE,AI算力,PCB/服务器/高速连接,stock_basic_keyword,0.7,industry:元器件,20250101,
20250101,300868.SZ,杰美特,元器件,创业板,SZSE,AI算力,PCB/服务器/高速连接,stock_basic_keyword,0.7,industry:元器件,20250101,
20250101,300884.SZ,狄耐克,IT设备,创业板,SZSE,AI算力,PCB/服务器/高速连接,stock_basic_keyword,0.7,industry:IT设备,20250101,
20250101,300903.SZ,科翔股份,元器件,创业板,SZSE,AI算力,PCB/服务器/高速连接,stock_basic_keyword,0.7,industry:元器件,20250101,
20250101,300909.SZ,汇创达,元器件,创业板,SZSE,AI算力,PCB/服务器/高速连接,stock_basic_keyword,0.7,industry:元器件,20250101,
20250101,300913.SZ,兆龙互连,通信设备,创业板,SZSE,AI算力,PCB/服务器/高速连接,stock_basic_keyword,0.7,industry:通信设备,20250101,
20250101,300916.SZ,朗特智能,元器件,创业板,SZSE,AI算力,PCB/服务器/高速连接,stock_basic_keyword,0.7,industry:元器件,20250101,
20250101,300936.SZ,中英科技,元器件,创业板,SZSE,AI算力,PCB/服务器/高速连接,stock_basic_keyword,0.7,industry:元器件,20250101,
20250101,300939.SZ,秋田微,元器件,创业板,SZSE,AI算力,PCB/服务器/高速连接,stock_basic_keyword,0.7,industry:元器件,20250101,
20250101,300940.SZ,南极光,元器件,创业板,SZSE,AI算力,PCB/服务器/高速连接,stock_basic_keyword,0.7,industry:元器件,20250101,
20250101,300941.SZ,创识科技,IT设备,创业板,SZSE,AI算力,PCB/服务器/高速连接,stock_basic_keyword,0.7,industry:IT设备,20250101,
20250101,300951.SZ,博硕科技,元器件,创业板,SZSE,AI算力,PCB/服务器/高速连接,stock_basic_keyword,0.7,industry:元器件,20250101,
20250101,300956.SZ,英力股份,元器件,创业板,SZSE,AI算力,PCB/服务器/高速连接,stock_basic_keyword,0.7,industry:元器件,20250101,
20250101,300964.SZ,本川智能,元器件,创业板,SZSE,AI算力,PCB/服务器/高速连接,stock_basic_keyword,0.7,industry:元器件,20250101,
20250101,300968.SZ,格林精密,元器件,创业板,SZSE,AI算力,PCB/服务器/高速连接,stock_basic_keyword,0.7,industry:元器件,20250101,
20250101,300975.SZ,商络电子,元器件,创业板,SZSE,AI算力,PCB/服务器/高速连接,stock_basic_keyword,0.7,industry:元器件,20250101,
20250101,300976.SZ,达瑞电子,元器件,创业板,SZSE,AI算力,PCB/服务器/高速连接,stock_basic_keyword,0.7,industry:元器件,20250101,
20250101,300991.SZ,创益通,元器件,创业板,SZSE,AI算力,PCB/服务器/高速连接,stock_basic_keyword,0.7,industry:元器件,20250101,
20250101,301041.SZ,金百泽,元器件,创业板,SZSE,AI算力,PCB/服务器/高速连接,stock_basic_keyword,0.7,industry:元器件,20250101,
20250101,301042.SZ,安联锐视,IT设备,创业板,SZSE,AI算力,PCB/服务器/高速连接,stock_basic_keyword,0.7,industry:IT设备,20250101,
20250101,301045.SZ,天禄科技,元器件,创业板,SZSE,AI算力,PCB/服务器/高速连接,stock_basic_keyword,0.7,industry:元器件,20250101,
20250101,301051.SZ,信濠光电,元器件,创业板,SZSE,AI算力,PCB/服务器/高速连接,stock_basic_keyword,0.7,industry:元器件,20250101,
20250101,301067.SZ,显盈科技,元器件,创业板,SZSE,AI算力,PCB/服务器/高速连接,stock_basic_keyword,0.7,industry:元器件,20250101,
20250101,301086.SZ,鸿富瀚,元器件,创业板,SZSE,AI算力,PCB/服务器/高速连接,stock_basic_keyword,0.7,industry:元器件,20250101,
20250101,301099.SZ,雅创电子,元器件,创业板,SZSE,AI算力,PCB/服务器/高速连接,stock_basic_keyword,0.7,industry:元器件,20250101,
20250101,301106.SZ,骏成科技,元器件,创业板,SZSE,AI算力,PCB/服务器/高速连接,stock_basic_keyword,0.7,industry:元器件,20250101,
20250101,301123.SZ,奕东电子,元器件,创业板,SZSE,AI算力,PCB/服务器/高速连接,stock_basic_keyword,0.7,industry:元器件,20250101,
20250101,301132.SZ,满坤科技,元器件,创业板,SZSE,AI算力,PCB/服务器/高速连接,stock_basic_keyword,0.7,industry:元器件,20250101,
20250101,301135.SZ,瑞德智能,元器件,创业板,SZSE,AI算力,PCB/服务器/高速连接,stock_basic_keyword,0.7,industry:元器件,20250101,
20250101,301139.SZ,元道通信,通信设备,创业板,SZSE,AI算力,PCB/服务器/高速连接,stock_basic_keyword,0.7,industry:通信设备,20250101,
20250101,301165.SZ,锐捷网络,通信设备,创业板,SZSE,AI算力,PCB/服务器/高速连接,stock_basic_keyword,0.7,industry:通信设备,20250101,
20250101,301176.SZ,逸豪新材,元器件,创业板,SZSE,AI算力,PCB/服务器/高速连接,stock_basic_keyword,0.7,industry:元器件,20250101,
20250101,301180.SZ,万祥科技,元器件,创业板,SZSE,AI算力,PCB/服务器/高速连接,stock_basic_keyword,0.7,industry:元器件,20250101,
20250101,301182.SZ,凯旺科技,元器件,创业板,SZSE,AI算力,PCB/服务器/高速连接,stock_basic_keyword,0.7,industry:元器件,20250101,
20250101,301183.SZ,东田微,元器件,创业板,SZSE,AI算力,PCB/服务器/高速连接,stock_basic_keyword,0.7,industry:元器件,20250101,
20250101,301189.SZ,奥尼电子,IT设备,创业板,SZSE,AI算力,PCB/服务器/高速连接,stock_basic_keyword,0.7,industry:IT设备,20250101,
20250101,301191.SZ,菲菱科思,通信设备,创业板,SZSE,AI算力,PCB/服务器/高速连接,stock_basic_keyword,0.7,industry:通信设备,20250101,
20250101,301205.SZ,联特科技,通信设备,创业板,SZSE,AI算力,PCB/服务器/高速连接,stock_basic_keyword,0.7,industry:通信设备,20250101,
20250101,301217.SZ,铜冠铜箔,元器件,创业板,SZSE,AI算力,PCB/服务器/高速连接,stock_basic_keyword,0.7,industry:元器件,20250101,
20250101,301251.SZ,威尔高,元器件,创业板,SZSE,AI算力,PCB/服务器/高速连接,stock_basic_keyword,0.7,industry:元器件,20250101,
20250101,301280.SZ,珠城科技,元器件,创业板,SZSE,AI算力,PCB/服务器/高速连接,stock_basic_keyword,0.7,industry:元器件,20250101,
20250101,301282.SZ,金禄电子,元器件,创业板,SZSE,AI算力,PCB/服务器/高速连接,stock_basic_keyword,0.7,industry:元器件,20250101,
20250101,301285.SZ,鸿日达,元器件,创业板,SZSE,AI算力,PCB/服务器/高速连接,stock_basic_keyword,0.7,industry:元器件,20250101,
20250101,301307.SZ,美利信,通信设备,创业板,SZSE,AI算力,PCB/服务器/高速连接,stock_basic_keyword,0.7,industry:通信设备,20250101,
20250101,301314.SZ,科瑞思,元器件,创业板,SZSE,AI算力,PCB/服务器/高速连接,stock_basic_keyword,0.7,industry:元器件,20250101,
20250101,301318.SZ,维海德,IT设备,创业板,SZSE,AI算力,PCB/服务器/高速连接,stock_basic_keyword,0.7,industry:IT设备,20250101,
20250101,301319.SZ,唯特偶,元器件,创业板,SZSE,AI算力,PCB/服务器/高速连接,stock_basic_keyword,0.7,industry:元器件,20250101,
20250101,301321.SZ,翰博高新,元器件,创业板,SZSE,AI算力,PCB/服务器/高速连接,stock_basic_keyword,0.7,industry:元器件,20250101,
20250101,301326.SZ,捷邦科技,元器件,创业板,SZSE,AI算力,PCB/服务器/高速连接,stock_basic_keyword,0.7,industry:元器件,20250101,
20250101,301328.SZ,维峰电子,元器件,创业板,SZSE,AI算力,PCB/服务器/高速连接,stock_basic_keyword,0.7,industry:元器件,20250101,
20250101,301329.SZ,信音电子,元器件,创业板,SZSE,AI算力,PCB/服务器/高速连接,stock_basic_keyword,0.7,industry:元器件,20250101,
20250101,301330.SZ,熵基科技,IT设备,创业板,SZSE,AI算力,PCB/服务器/高速连接,stock_basic_keyword,0.7,industry:IT设备,20250101,
20250101,301339.SZ,通行宝,IT设备,创业板,SZSE,AI算力,PCB/服务器/高速连接,stock_basic_keyword,0.7,industry:IT设备,20250101,
20250101,301359.SZ,东南电子,元器件,创业板,SZSE,AI算力,PCB/服务器/高速连接,stock_basic_keyword,0.7,industry:元器件,20250101,
20250101,301366.SZ,一博科技,元器件,创业板,SZSE,AI算力,PCB/服务器/高速连接,stock_basic_keyword,0.7,industry:元器件,20250101,
20250101,301379.SZ,天山电子,元器件,创业板,SZSE,AI算力,PCB/服务器/高速连接,stock_basic_keyword,0.7,industry:元器件,20250101,
20250101,301383.SZ,天键股份,元器件,创业板,SZSE,AI算力,PCB/服务器/高速连接,stock_basic_keyword,0.7,industry:元器件,20250101,
20250101,301387.SZ,光大同创,元器件,创业板,SZSE,AI算力,PCB/服务器/高速连接,stock_basic_keyword,0.7,industry:元器件,20250101,
20250101,301389.SZ,隆扬电子,元器件,创业板,SZSE,AI算力,PCB/服务器/高速连接,stock_basic_keyword,0.7,industry:元器件,20250101,
20250101,301391.SZ,卡莱特,IT设备,创业板,SZSE,AI算力,PCB/服务器/高速连接,stock_basic_keyword,0.7,industry:IT设备,20250101,
20250101,301419.SZ,阿莱德,通信设备,创业板,SZSE,AI算力,PCB/服务器/高速连接,stock_basic_keyword,0.7,industry:通信设备,20250101,
20250101,301421.SZ,波长光电,元器件,创业板,SZSE,AI算力,PCB/服务器/高速连接,stock_basic_keyword,0.7,industry:元器件,20250101,
20250101,301486.SZ,致尚科技,元器件,创业板,SZSE,AI算力,PCB/服务器/高速连接,stock_basic_keyword,0.7,industry:元器件,20250101,
20250101,301489.SZ,思泉新材,元器件,创业板,SZSE,AI算力,PCB/服务器/高速连接,stock_basic_keyword,0.7,industry:元器件,20250101,
20250101,301503.SZ,智迪科技,IT设备,创业板,SZSE,AI算力,PCB/服务器/高速连接,stock_basic_keyword,0.7,industry:IT设备,20250101,
20250101,301517.SZ,陕西华达,元器件,创业板,SZSE,AI算力,PCB/服务器/高速连接,stock_basic_keyword,0.7,industry:元器件,20250101,
20250101,301566.SZ,达利凯普,元器件,创业板,SZSE,AI算力,PCB/服务器/高速连接,stock_basic_keyword,0.7,industry:元器件,20250101,
20250101,301567.SZ,贝隆精密,元器件,创业板,SZSE,AI算力,PCB/服务器/高速连接,stock_basic_keyword,0.7,industry:元器件,20250101,
20250101,301571.SZ,国科天成,元器件,创业板,SZSE,AI算力,PCB/服务器/高速连接,stock_basic_keyword,0.7,industry:元器件,20250101,
20250101,301577.SZ,美信科技,元器件,创业板,SZSE,AI算力,PCB/服务器/高速连接,stock_basic_keyword,0.7,industry:元器件,20250101,
20250101,301578.SZ,辰奕智能,IT设备,创业板,SZSE,AI算力,PCB/服务器/高速连接,stock_basic_keyword,0.7,industry:IT设备,20250101,
20250101,301589.SZ,诺瓦星云,IT设备,创业板,SZSE,AI算力,PCB/服务器/高速连接,stock_basic_keyword,0.7,industry:IT设备,20250101,
20250101,301600.SZ,慧翰股份,通信设备,创业板,SZSE,AI算力,PCB/服务器/高速连接,stock_basic_keyword,0.7,industry:通信设备,20250101,
20250101,301606.SZ,绿联科技,元器件,创业板,SZSE,AI算力,PCB/服务器/高速连接,stock_basic_keyword,0.7,industry:元器件,20250101,
20250101,301608.SZ,博实结,通信设备,创业板,SZSE,AI算力,PCB/服务器/高速连接,stock_basic_keyword,0.7,industry:通信设备,20250101,
20250101,301626.SZ,苏州天脉,元器件,创业板,SZSE,AI算力,PCB/服务器/高速连接,stock_basic_keyword,0.7,industry:元器件,20250101,
20250101,301628.SZ,强达电路,元器件,创业板,SZSE,AI算力,PCB/服务器/高速连接,stock_basic_keyword,0.7,industry:元器件;name:电路,20250101,
20250101,301631.SZ,壹连科技,元器件,创业板,SZSE,AI算力,PCB/服务器/高速连接,stock_basic_keyword,0.7,industry:元器件,20250101,
20250101,600071.SH,凤凰光学,元器件,主板,SSE,AI算力,PCB/服务器/高速连接,stock_basic_keyword,0.7,industry:元器件,20250101,
20250101,600100.SH,同方股份,IT设备,主板,SSE,AI算力,PCB/服务器/高速连接,stock_basic_keyword,0.7,industry:IT设备,20250101,
20250101,600105.SH,永鼎股份,通信设备,主板,SSE,AI算力,PCB/服务器/高速连接,stock_basic_keyword,0.7,industry:通信设备,20250101,
20250101,600130.SH,*ST波导,元器件,主板,SSE,AI算力,PCB/服务器/高速连接,stock_basic_keyword,0.7,industry:元器件,20250101,
20250101,600131.SH,国网信通,通信设备,主板,SSE,AI算力,PCB/服务器/高速连接,stock_basic_keyword,0.7,industry:通信设备,20250101,
20250101,600183.SH,生益科技,元器件,主板,SSE,AI算力,PCB/服务器/高速连接,stock_basic_keyword,0.7,industry:元器件,20250101,
20250101,600198.SH,大唐电信,通信设备,主板,SSE,AI算力,PCB/服务器/高速连接,stock_basic_keyword,0.7,industry:通信设备,20250101,
20250101,600203.SH,福日电子,元器件,主板,SSE,AI算力,PCB/服务器/高速连接,stock_basic_keyword,0.7,industry:元器件,20250101,
20250101,600237.SH,铜峰电子,元器件,主板,SSE,AI算力,PCB/服务器/高速连接,stock_basic_keyword,0.7,industry:元器件,20250101,
20250101,600288.SH,大恒科技,元器件,主板,SSE,AI算力,PCB/服务器/高速连接,stock_basic_keyword,0.7,industry:元器件,20250101,
20250101,600345.SH,长江通信,通信设备,主板,SSE,AI算力,PCB/服务器/高速连接,stock_basic_keyword,0.7,industry:通信设备,20250101,
20250101,600353.SH,旭光电子,元器件,主板,SSE,AI算力,PCB/服务器/高速连接,stock_basic_keyword,0.7,industry:元器件,20250101,
20250101,600363.SH,联创光电,元器件,主板,SSE,AI算力,PCB/服务器/高速连接,stock_basic_keyword,0.7,industry:元器件,20250101,
20250101,600487.SH,亨通光电,通信设备,主板,SSE,AI算力,PCB/服务器/高速连接,stock_basic_keyword,0.7,industry:通信设备,20250101,
20250101,600498.SH,烽火通信,通信设备,主板,SSE,AI算力,PCB/服务器/高速连接,stock_basic_keyword,0.7,industry:通信设备,20250101,
20250101,600522.SH,中天科技,通信设备,主板,SSE,AI算力,PCB/服务器/高速连接,stock_basic_keyword,0.7,industry:通信设备,20250101,
20250101,600552.SH,凯盛科技,元器件,主板,SSE,AI算力,PCB/服务器/高速连接,stock_basic_keyword,0.7,industry:元器件,20250101,
20250101,600562.SH,国睿科技,通信设备,主板,SSE,AI算力,PCB/服务器/高速连接,stock_basic_keyword,0.7,industry:通信设备,20250101,
20250101,600563.SH,法拉电子,元器件,主板,SSE,AI算力,PCB/服务器/高速连接,stock_basic_keyword,0.7,industry:元器件,20250101,
20250101,600590.SH,泰豪科技,通信设备,主板,SSE,AI算力,PCB/服务器/高速连接,stock_basic_keyword,0.7,industry:通信设备,20250101,
20250101,600601.SH,方正科技,元器件,主板,SSE,AI算力,PCB/服务器/高速连接,stock_basic_keyword,0.7,industry:元器件,20250101,
20250101,600666.SH,奥瑞德,元器件,主板,SSE,AI算力,PCB/服务器/高速连接,stock_basic_keyword,0.7,industry:元器件,20250101,
20250101,600707.SH,彩虹股份,元器件,主板,SSE,AI算力,PCB/服务器/高速连接,stock_basic_keyword,0.7,industry:元器件,20250101,
20250101,600756.SH,浪潮软件,软件服务,主板,SSE,AI算力,PCB/服务器/高速连接,stock_basic_keyword,0.7,name:浪潮,20250101,
20250101,600775.SH,南京熊猫,通信设备,主板,SSE,AI算力,PCB/服务器/高速连接,stock_basic_keyword,0.7,industry:通信设备,20250101,
20250101,600776.SH,东方通信,通信设备,主板,SSE,AI算力,PCB/服务器/高速连接,stock_basic_keyword,0.7,industry:通信设备,20250101,
20250101,600990.SH,四创电子,通信设备,主板,SSE,AI算力,PCB/服务器/高速连接,stock_basic_keyword,0.7,industry:通信设备,20250101,
20250101,601138.SH,工业富联,通信设备,主板,SSE,AI算力,PCB/服务器/高速连接,stock_basic_keyword,0.7,industry:通信设备,20250101,
20250101,601231.SH,环旭电子,元器件,主板,SSE,AI算力,PCB/服务器/高速连接,stock_basic_keyword,0.7,industry:元器件,20250101,
20250101,601869.SH,长飞光纤,通信设备,主板,SSE,AI算力,PCB/服务器/高速连接,stock_basic_keyword,0.7,industry:通信设备,20250101,
20250101,603019.SH,中科曙光,IT设备,主板,SSE,AI算力,PCB/服务器/高速连接,stock_basic_keyword,0.7,industry:IT设备,20250101,
20250101,603042.SH,华脉科技,通信设备,主板,SSE,AI算力,PCB/服务器/高速连接,stock_basic_keyword,0.7,industry:通信设备,20250101,
20250101,603052.SH,可川科技,元器件,主板,SSE,AI算力,PCB/服务器/高速连接,stock_basic_keyword,0.7,industry:元器件,20250101,
20250101,603083.SH,剑桥科技,通信设备,主板,SSE,AI算力,PCB/服务器/高速连接,stock_basic_keyword,0.7,industry:通信设备,20250101,
20250101,603106.SH,恒银科技,IT设备,主板,SSE,AI算力,PCB/服务器/高速连接,stock_basic_keyword,0.7,industry:IT设备,20250101,
20250101,603118.SH,共进股份,通信设备,主板,SSE,AI算力,PCB/服务器/高速连接,stock_basic_keyword,0.7,industry:通信设备,20250101,
20250101,603186.SH,华正新材,元器件,主板,SSE,AI算力,PCB/服务器/高速连接,stock_basic_keyword,0.7,industry:元器件,20250101,
20250101,603206.SH,嘉环科技,通信设备,主板,SSE,AI算力,PCB/服务器/高速连接,stock_basic_keyword,0.7,industry:通信设备,20250101,
20250101,603220.SH,中贝通信,通信设备,主板,SSE,AI算力,PCB/服务器/高速连接,stock_basic_keyword,0.7,industry:通信设备,20250101,
20250101,603228.SH,景旺电子,元器件,主板,SSE,AI算力,PCB/服务器/高速连接,stock_basic_keyword,0.7,industry:元器件,20250101,
20250101,603236.SH,移远通信,通信设备,主板,SSE,AI算力,PCB/服务器/高速连接,stock_basic_keyword,0.7,industry:通信设备,20250101,
20250101,603267.SH,鸿远电子,元器件,主板,SSE,AI算力,PCB/服务器/高速连接,stock_basic_keyword,0.7,industry:元器件,20250101,
20250101,603296.SH,华勤技术,元器件,主板,SSE,AI算力,PCB/服务器/高速连接,stock_basic_keyword,0.7,industry:元器件,20250101,
20250101,603297.SH,永新光学,元器件,主板,SSE,AI算力,PCB/服务器/高速连接,stock_basic_keyword,0.7,industry:元器件,20250101,
20250101,603322.SH,超讯通信,通信设备,主板,SSE,AI算力,PCB/服务器/高速连接,stock_basic_keyword,0.7,industry:通信设备,20250101,
20250101,603327.SH,福蓉科技,元器件,主板,SSE,AI算力,PCB/服务器/高速连接,stock_basic_keyword,0.7,industry:元器件,20250101,
20250101,603328.SH,依顿电子,元器件,主板,SSE,AI算力,PCB/服务器/高速连接,stock_basic_keyword,0.7,industry:元器件,20250101,
20250101,603341.SH,龙旗科技,通信设备,主板,SSE,AI算力,PCB/服务器/高速连接,stock_basic_keyword,0.7,industry:通信设备,20250101,
20250101,603380.SH,易德龙,元器件,主板,SSE,AI算力,PCB/服务器/高速连接,stock_basic_keyword,0.7,industry:元器件,20250101,
20250101,603386.SH,骏亚科技,元器件,主板,SSE,AI算力,PCB/服务器/高速连接,stock_basic_keyword,0.7,industry:元器件,20250101,
20250101,603421.SH,鼎信通讯,通信设备,主板,SSE,AI算力,PCB/服务器/高速连接,stock_basic_keyword,0.7,industry:通信设备,20250101,
20250101,603496.SH,恒为科技,IT设备,主板,SSE,AI算力,PCB/服务器/高速连接,stock_basic_keyword,0.7,industry:IT设备,20250101,
20250101,603508.SH,思维列控,IT设备,主板,SSE,AI算力,PCB/服务器/高速连接,stock_basic_keyword,0.7,industry:IT设备,20250101,
20250101,603516.SH,淳中科技,IT设备,主板,SSE,AI算力,PCB/服务器/高速连接,stock_basic_keyword,0.7,industry:IT设备,20250101,
20250101,603559.SH,ST通脉,通信设备,主板,SSE,AI算力,PCB/服务器/高速连接,stock_basic_keyword,0.7,industry:通信设备,20250101,
20250101,603595.SH,ST东尼,元器件,主板,SSE,AI算力,PCB/服务器/高速连接,stock_basic_keyword,0.7,industry:元器件,20250101,
20250101,603602.SH,纵横通信,通信设备,主板,SSE,AI算力,PCB/服务器/高速连接,stock_basic_keyword,0.7,industry:通信设备,20250101,
20250101,603626.SH,科森科技,元器件,主板,SSE,AI算力,PCB/服务器/高速连接,stock_basic_keyword,0.7,industry:元器件,20250101,
20250101,603629.SH,利通电子,元器件,主板,SSE,AI算力,PCB/服务器/高速连接,stock_basic_keyword,0.7,industry:元器件,20250101,
20250101,603660.SH,苏州科达,IT设备,主板,SSE,AI算力,PCB/服务器/高速连接,stock_basic_keyword,0.7,industry:IT设备,20250101,
20250101,603678.SH,火炬电子,元器件,主板,SSE,AI算力,PCB/服务器/高速连接,stock_basic_keyword,0.7,industry:元器件,20250101,
20250101,603703.SH,盛洋科技,元器件,主板,SSE,AI算力,PCB/服务器/高速连接,stock_basic_keyword,0.7,industry:元器件,20250101,
20250101,603712.SH,七一二,通信设备,主板,SSE,AI算力,PCB/服务器/高速连接,stock_basic_keyword,0.7,industry:通信设备,20250101,
20250101,603738.SH,泰晶科技,元器件,主板,SSE,AI算力,PCB/服务器/高速连接,stock_basic_keyword,0.7,industry:元器件,20250101,
20250101,603773.SH,沃格光电,元器件,主板,SSE,AI算力,PCB/服务器/高速连接,stock_basic_keyword,0.7,industry:元器件,20250101,
20250101,603803.SH,瑞斯康达,通信设备,主板,SSE,AI算力,PCB/服务器/高速连接,stock_basic_keyword,0.7,industry:通信设备,20250101,
20250101,603890.SH,春秋电子,元器件,主板,SSE,AI算力,PCB/服务器/高速连接,stock_basic_keyword,0.7,industry:元器件,20250101,
20250101,603920.SH,世运电路,元器件,主板,SSE,AI算力,PCB/服务器/高速连接,stock_basic_keyword,0.7,industry:元器件;name:电路,20250101,
20250101,603933.SH,睿能科技,元器件,主板,SSE,AI算力,PCB/服务器/高速连接,stock_basic_keyword,0.7,industry:元器件,20250101,
20250101,603936.SH,博敏电子,元器件,主板,SSE,AI算力,PCB/服务器/高速连接,stock_basic_keyword,0.7,industry:元器件,20250101,
20250101,603989.SH,艾华集团,元器件,主板,SSE,AI算力,PCB/服务器/高速连接,stock_basic_keyword,0.7,industry:元器件,20250101,
20250101,605058.SH,澳弘电子,元器件,主板,SSE,AI算力,PCB/服务器/高速连接,stock_basic_keyword,0.7,industry:元器件,20250101,
20250101,605118.SH,力鼎光电,元器件,主板,SSE,AI算力,PCB/服务器/高速连接,stock_basic_keyword,0.7,industry:元器件,20250101,
20250101,605218.SH,伟时电子,元器件,主板,SSE,AI算力,PCB/服务器/高速连接,stock_basic_keyword,0.7,industry:元器件,20250101,
20250101,605258.SH,协和电子,元器件,主板,SSE,AI算力,PCB/服务器/高速连接,stock_basic_keyword,0.7,industry:元器件,20250101,
20250101,605277.SH,新亚电子,元器件,主板,SSE,AI算力,PCB/服务器/高速连接,stock_basic_keyword,0.7,industry:元器件,20250101,
20250101,605588.SH,冠石科技,元器件,主板,SSE,AI算力,PCB/服务器/高速连接,stock_basic_keyword,0.7,industry:元器件,20250101,
20250101,688002.SH,睿创微纳,通信设备,科创板,SSE,AI算力,PCB/服务器/高速连接,stock_basic_keyword,0.7,industry:通信设备,20250101,
20250101,688007.SH,光峰科技,元器件,科创板,SSE,AI算力,PCB/服务器/高速连接,stock_basic_keyword,0.7,industry:元器件,20250101,
20250101,688010.SH,福光股份,元器件,科创板,SSE,AI算力,PCB/服务器/高速连接,stock_basic_keyword,0.7,industry:元器件,20250101,
20250101,688011.SH,新光光电,元器件,科创板,SSE,AI算力,PCB/服务器/高速连接,stock_basic_keyword,0.7,industry:元器件,20250101,
20250101,688020.SH,方邦股份,元器件,科创板,SSE,AI算力,PCB/服务器/高速连接,stock_basic_keyword,0.7,industry:元器件,20250101,
20250101,688027.SH,国盾量子,通信设备,科创板,SSE,AI算力,PCB/服务器/高速连接,stock_basic_keyword,0.7,industry:通信设备,20250101,
20250101,688036.SH,传音控股,通信设备,科创板,SSE,AI算力,PCB/服务器/高速连接,stock_basic_keyword,0.7,industry:通信设备,20250101,
20250101,688053.SH,ST思科瑞,元器件,科创板,SSE,AI算力,PCB/服务器/高速连接,stock_basic_keyword,0.7,industry:元器件,20250101,
20250101,688055.SH,龙腾光电,元器件,科创板,SSE,AI算力,PCB/服务器/高速连接,stock_basic_keyword,0.7,industry:元器件,20250101,
20250101,688060.SH,云涌科技,IT设备,科创板,SSE,AI算力,PCB/服务器/高速连接,stock_basic_keyword,0.7,industry:IT设备,20250101,
20250101,688079.SH,美迪凯,元器件,科创板,SSE,AI算力,PCB/服务器/高速连接,stock_basic_keyword,0.7,industry:元器件,20250101,
20250101,688080.SH,映翰通,通信设备,科创板,SSE,AI算力,PCB/服务器/高速连接,stock_basic_keyword,0.7,industry:通信设备,20250101,
20250101,688100.SH,威胜信息,通信设备,科创板,SSE,AI算力,PCB/服务器/高速连接,stock_basic_keyword,0.7,industry:通信设备,20250101,
20250101,688103.SH,国力电子,元器件,科创板,SSE,AI算力,PCB/服务器/高速连接,stock_basic_keyword,0.7,industry:元器件,20250101,
20250101,688127.SH,蓝特光学,元器件,科创板,SSE,AI算力,PCB/服务器/高速连接,stock_basic_keyword,0.7,industry:元器件,20250101,
20250101,688132.SH,邦彦技术,通信设备,科创板,SSE,AI算力,PCB/服务器/高速连接,stock_basic_keyword,0.7,industry:通信设备,20250101,
20250101,688143.SH,长盈通,通信设备,科创板,SSE,AI算力,PCB/服务器/高速连接,stock_basic_keyword,0.7,industry:通信设备,20250101,
20250101,688150.SH,莱特光电,元器件,科创板,SSE,AI算力,PCB/服务器/高速连接,stock_basic_keyword,0.7,industry:元器件,20250101,
20250101,688159.SH,有方科技,通信设备,科创板,SSE,AI算力,PCB/服务器/高速连接,stock_basic_keyword,0.7,industry:通信设备,20250101,
20250101,688167.SH,炬光科技,元器件,科创板,SSE,AI算力,PCB/服务器/高速连接,stock_basic_keyword,0.7,industry:元器件,20250101,
20250101,688175.SH,高凌信息,通信设备,科创板,SSE,AI算力,PCB/服务器/高速连接,stock_basic_keyword,0.7,industry:通信设备,20250101,
20250101,688181.SH,八亿时空,元器件,科创板,SSE,AI算力,PCB/服务器/高速连接,stock_basic_keyword,0.7,industry:元器件,20250101,
20250101,688182.SH,灿勤科技,通信设备,科创板,SSE,AI算力,PCB/服务器/高速连接,stock_basic_keyword,0.7,industry:通信设备,20250101,
20250101,688183.SH,生益电子,元器件,科创板,SSE,AI算力,PCB/服务器/高速连接,stock_basic_keyword,0.7,industry:元器件,20250101,
20250101,688195.SH,腾景科技,元器件,科创板,SSE,AI算力,PCB/服务器/高速连接,stock_basic_keyword,0.7,industry:元器件,20250101,
20250101,688205.SH,德科立,通信设备,科创板,SSE,AI算力,PCB/服务器/高速连接,stock_basic_keyword,0.7,industry:通信设备,20250101,
20250101,688208.SH,道通科技,IT设备,科创板,SSE,AI算力,PCB/服务器/高速连接,stock_basic_keyword,0.7,industry:IT设备,20250101,
20250101,688210.SH,统联精密,元器件,科创板,SSE,AI算力,PCB/服务器/高速连接,stock_basic_keyword,0.7,industry:元器件,20250101,
20250101,688260.SH,昀冢科技,元器件,科创板,SSE,AI算力,PCB/服务器/高速连接,stock_basic_keyword,0.7,industry:元器件,20250101,
20250101,688272.SH,富吉瑞,元器件,科创板,SSE,AI算力,PCB/服务器/高速连接,stock_basic_keyword,0.7,industry:元器件,20250101,
20250101,688282.SH,理工导航,通信设备,科创板,SSE,AI算力,PCB/服务器/高速连接,stock_basic_keyword,0.7,industry:通信设备,20250101,
20250101,688288.SH,鸿泉技术,IT设备,科创板,SSE,AI算力,PCB/服务器/高速连接,stock_basic_keyword,0.7,industry:IT设备,20250101,
20250101,688292.SH,浩瀚深度,通信设备,科创板,SSE,AI算力,PCB/服务器/高速连接,stock_basic_keyword,0.7,industry:通信设备,20250101,
20250101,688299.SH,长阳科技,元器件,科创板,SSE,AI算力,PCB/服务器/高速连接,stock_basic_keyword,0.7,industry:元器件,20250101,
20250101,688307.SH,中润光学,元器件,科创板,SSE,AI算力,PCB/服务器/高速连接,stock_basic_keyword,0.7,industry:元器件,20250101,
20250101,688311.SH,盟升电子,元器件,科创板,SSE,AI算力,PCB/服务器/高速连接,stock_basic_keyword,0.7,industry:元器件,20250101,
20250101,688313.SH,仕佳光子,通信设备,科创板,SSE,AI算力,PCB/服务器/高速连接,stock_basic_keyword,0.7,industry:通信设备,20250101,
20250101,688322.SH,奥比中光-UW,元器件,科创板,SSE,AI算力,PCB/服务器/高速连接,stock_basic_keyword,0.7,industry:元器件,20250101,
20250101,688371.SH,菲沃泰,元器件,科创板,SSE,AI算力,PCB/服务器/高速连接,stock_basic_keyword,0.7,industry:元器件,20250101,
20250101,688375.SH,国博电子,元器件,科创板,SSE,AI算力,PCB/服务器/高速连接,stock_basic_keyword,0.7,industry:元器件,20250101,
20250101,688387.SH,信科移动-U,通信设备,科创板,SSE,AI算力,PCB/服务器/高速连接,stock_basic_keyword,0.7,industry:通信设备,20250101,
20250101,688418.SH,震有科技,通信设备,科创板,SSE,AI算力,PCB/服务器/高速连接,stock_basic_keyword,0.7,industry:通信设备,20250101,
20250101,688439.SH,振华风光,元器件,科创板,SSE,AI算力,PCB/服务器/高速连接,stock_basic_keyword,0.7,industry:元器件,20250101,
20250101,688475.SH,萤石网络,IT设备,科创板,SSE,AI算力,PCB/服务器/高速连接,stock_basic_keyword,0.7,industry:IT设备,20250101,
20250101,688489.SH,三未信安,IT设备,科创板,SSE,AI算力,PCB/服务器/高速连接,stock_basic_keyword,0.7,industry:IT设备,20250101,
20250101,688496.SH,清越科技,元器件,科创板,SSE,AI算力,PCB/服务器/高速连接,stock_basic_keyword,0.7,industry:元器件,20250101,
20250101,688502.SH,茂莱光学,元器件,科创板,SSE,AI算力,PCB/服务器/高速连接,stock_basic_keyword,0.7,industry:元器件,20250101,
20250101,688511.SH,DR*ST天,元器件,科创板,SSE,AI算力,PCB/服务器/高速连接,stock_basic_keyword,0.7,industry:元器件,20250101,
20250101,688519.SH,南亚新材,元器件,科创板,SSE,AI算力,PCB/服务器/高速连接,stock_basic_keyword,0.7,industry:元器件,20250101,
20250101,688522.SH,纳睿雷达,通信设备,科创板,SSE,AI算力,PCB/服务器/高速连接,stock_basic_keyword,0.7,industry:通信设备,20250101,
20250101,688549.SH,中巨芯-U,元器件,科创板,SSE,AI算力,PCB/服务器/高速连接,stock_basic_keyword,0.7,industry:元器件,20250101,
20250101,688552.SH,航天南湖,通信设备,科创板,SSE,AI算力,PCB/服务器/高速连接,stock_basic_keyword,0.7,industry:通信设备,20250101,
20250101,688582.SH,芯动联科,元器件,科创板,SSE,AI算力,PCB/服务器/高速连接,stock_basic_keyword,0.7,industry:元器件,20250101,
20250101,688592.SH,司南导航,通信设备,科创板,SSE,AI算力,PCB/服务器/高速连接,stock_basic_keyword,0.7,industry:通信设备,20250101,
20250101,688618.SH,三旺通信,通信设备,科创板,SSE,AI算力,PCB/服务器/高速连接,stock_basic_keyword,0.7,industry:通信设备,20250101,
20250101,688629.SH,华丰科技,元器件,科创板,SSE,AI算力,PCB/服务器/高速连接,stock_basic_keyword,0.7,industry:元器件,20250101,
20250101,688636.SH,智明达,元器件,科创板,SSE,AI算力,PCB/服务器/高速连接,stock_basic_keyword,0.7,industry:元器件,20250101,
20250101,688655.SH,迅捷兴,元器件,科创板,SSE,AI算力,PCB/服务器/高速连接,stock_basic_keyword,0.7,industry:元器件,20250101,
20250101,688661.SH,和林微纳,元器件,科创板,SSE,AI算力,PCB/服务器/高速连接,stock_basic_keyword,0.7,industry:元器件,20250101,
20250101,688662.SH,富信科技,元器件,科创板,SSE,AI算力,PCB/服务器/高速连接,stock_basic_keyword,0.7,industry:元器件,20250101,
20250101,688668.SH,鼎通科技,通信设备,科创板,SSE,AI算力,PCB/服务器/高速连接,stock_basic_keyword,0.7,industry:通信设备,20250101,
20250101,688678.SH,福立旺,元器件,科创板,SSE,AI算力,PCB/服务器/高速连接,stock_basic_keyword,0.7,industry:元器件,20250101,
20250101,688683.SH,莱尔科技,元器件,科创板,SSE,AI算力,PCB/服务器/高速连接,stock_basic_keyword,0.7,industry:元器件,20250101,
20250101,688776.SH,国光电气,元器件,科创板,SSE,AI算力,PCB/服务器/高速连接,stock_basic_keyword,0.7,industry:元器件,20250101,
20250101,688788.SH,科思科技,通信设备,科创板,SSE,AI算力,PCB/服务器/高速连接,stock_basic_keyword,0.7,industry:通信设备,20250101,
20250101,688800.SH,瑞可达,元器件,科创板,SSE,AI算力,PCB/服务器/高速连接,stock_basic_keyword,0.7,industry:元器件,20250101,
20250101,920001.BJ,纬达光电,元器件,北交所,BSE,AI算力,PCB/服务器/高速连接,stock_basic_keyword,0.7,industry:元器件,20250101,
20250101,920008.BJ,成电光信,通信设备,北交所,BSE,AI算力,PCB/服务器/高速连接,stock_basic_keyword,0.7,industry:通信设备,20250101,
20250101,920060.BJ,万源通,元器件,北交所,BSE,AI算力,PCB/服务器/高速连接,stock_basic_keyword,0.7,industry:元器件,20250101,
20250101,920090.BJ,同辉信息,IT设备,北交所,BSE,AI算力,PCB/服务器/高速连接,stock_basic_keyword,0.7,industry:IT设备,20250101,
20250101,920128.BJ,胜业电气,元器件,北交所,BSE,AI算力,PCB/服务器/高速连接,stock_basic_keyword,0.7,industry:元器件,20250101,
20250101,920190.BJ,雷神科技,IT设备,北交所,BSE,AI算力,PCB/服务器/高速连接,stock_basic_keyword,0.7,industry:IT设备,20250101,
20250101,920198.BJ,微创光电,IT设备,北交所,BSE,AI算力,PCB/服务器/高速连接,stock_basic_keyword,0.7,industry:IT设备,20250101,
20250101,920212.BJ,智新电子,元器件,北交所,BSE,AI算力,PCB/服务器/高速连接,stock_basic_keyword,0.7,industry:元器件,20250101,
20250101,920249.BJ,利尔达,元器件,北交所,BSE,AI算力,PCB/服务器/高速连接,stock_basic_keyword,0.7,industry:元器件,20250101,
20250101,920267.BJ,鑫汇科,元器件,北交所,BSE,AI算力,PCB/服务器/高速连接,stock_basic_keyword,0.7,industry:元器件,20250101,
20250101,920346.BJ,威贸电子,元器件,北交所,BSE,AI算力,PCB/服务器/高速连接,stock_basic_keyword,0.7,industry:元器件,20250101,
20250101,920357.BJ,雅葆轩,元器件,北交所,BSE,AI算力,PCB/服务器/高速连接,stock_basic_keyword,0.7,industry:元器件,20250101,
20250101,920374.BJ,云里物里,通信设备,北交所,BSE,AI算力,PCB/服务器/高速连接,stock_basic_keyword,0.7,industry:通信设备,20250101,
20250101,920395.BJ,朗鸿科技,IT设备,北交所,BSE,AI算力,PCB/服务器/高速连接,stock_basic_keyword,0.7,industry:IT设备,20250101,
20250101,920438.BJ,戈碧迦,元器件,北交所,BSE,AI算力,PCB/服务器/高速连接,stock_basic_keyword,0.7,industry:元器件,20250101,
20250101,920491.BJ,奥迪威,元器件,北交所,BSE,AI算力,PCB/服务器/高速连接,stock_basic_keyword,0.7,industry:元器件,20250101,
20250101,920640.BJ,富士达,通信设备,北交所,BSE,AI算力,PCB/服务器/高速连接,stock_basic_keyword,0.7,industry:通信设备,20250101,
20250101,920701.BJ,豪声电子,元器件,北交所,BSE,AI算力,PCB/服务器/高速连接,stock_basic_keyword,0.7,industry:元器件,20250101,
20250101,920808.BJ,曙光数创,IT设备,北交所,BSE,AI算力,PCB/服务器/高速连接,stock_basic_keyword,0.7,industry:IT设备,20250101,
20250101,920821.BJ,则成电子,元器件,北交所,BSE,AI算力,PCB/服务器/高速连接,stock_basic_keyword,0.7,industry:元器件,20250101,
20250101,920857.BJ,泓禧科技,元器件,北交所,BSE,AI算力,PCB/服务器/高速连接,stock_basic_keyword,0.7,industry:元器件,20250101,
20250101,920876.BJ,慧为智能,元器件,北交所,BSE,AI算力,PCB/服务器/高速连接,stock_basic_keyword,0.7,industry:元器件,20250101,
20250101,920924.BJ,广脉科技,通信设备,北交所,BSE,AI算力,PCB/服务器/高速连接,stock_basic_keyword,0.7,industry:通信设备,20250101,
20250101,920950.BJ,迅安科技,元器件,北交所,BSE,AI算力,PCB/服务器/高速连接,stock_basic_keyword,0.7,industry:元器件,20250101,
20250101,920976.BJ,视声智能,通信设备,北交所,BSE,AI算力,PCB/服务器/高速连接,stock_basic_keyword,0.7,industry:通信设备,20250101,
20250101,920981.BJ,晶赛科技,元器件,北交所,BSE,AI算力,PCB/服务器/高速连接,stock_basic_keyword,0.7,industry:元器件,20250101,
20250101,000510.SZ,新金路,化工原料,主板,SZSE,半导体国产替代,半导体设备/材料,stock_basic_keyword,0.75,industry:化工原料,20250101,
20250101,000519.SZ,中兵红箭,专用机械,主板,SZSE,半导体国产替代,半导体设备/材料,stock_basic_keyword,0.75,industry:专用机械,20250101,
20250101,000545.SZ,金浦钛业,化工原料,主板,SZSE,半导体国产替代,半导体设备/材料,stock_basic_keyword,0.75,industry:化工原料,20250101,
20250101,000551.SZ,创元科技,专用机械,主板,SZSE,半导体国产替代,半导体设备/材料,stock_basic_keyword,0.75,industry:专用机械,20250101,
20250101,000635.SZ,英力特,化工原料,主板,SZSE,半导体国产替代,半导体设备/材料,stock_basic_keyword,0.75,industry:化工原料,20250101,
20250101,000683.SZ,博源化工,化工原料,主板,SZSE,半导体国产替代,半导体设备/材料,stock_basic_keyword,0.75,industry:化工原料,20250101,
20250101,000691.SZ,*ST亚太,化工原料,主板,SZSE,半导体国产替代,半导体设备/材料,stock_basic_keyword,0.75,industry:化工原料,20250101,
20250101,000695.SZ,滨海能源,化工原料,主板,SZSE,半导体国产替代,半导体设备/材料,stock_basic_keyword,0.75,industry:化工原料,20250101,
20250101,000707.SZ,双环科技,化工原料,主板,SZSE,半导体国产替代,半导体设备/材料,stock_basic_keyword,0.75,industry:化工原料,20250101,
20250101,000818.SZ,航锦科技,化工原料,主板,SZSE,半导体国产替代,半导体设备/材料,stock_basic_keyword,0.75,industry:化工原料,20250101,
20250101,000822.SZ,山东海化,化工原料,主板,SZSE,半导体国产替代,半导体设备/材料,stock_basic_keyword,0.75,industry:化工原料,20250101,
20250101,000830.SZ,鲁西化工,化工原料,主板,SZSE,半导体国产替代,半导体设备/材料,stock_basic_keyword,0.75,industry:化工原料,20250101,
20250101,000856.SZ,冀东装备,专用机械,主板,SZSE,半导体国产替代,半导体设备/材料,stock_basic_keyword,0.75,industry:专用机械,20250101,
20250101,000880.SZ,潍柴重机,专用机械,主板,SZSE,半导体国产替代,半导体设备/材料,stock_basic_keyword,0.75,industry:专用机械,20250101,
20250101,000881.SZ,中广核技,化工原料,主板,SZSE,半导体国产替代,半导体设备/材料,stock_basic_keyword,0.75,industry:化工原料,20250101,
20250101,000985.SZ,大庆华科,化工原料,主板,SZSE,半导体国产替代,半导体设备/材料,stock_basic_keyword,0.75,industry:化工原料,20250101,
20250101,000988.SZ,华工科技,专用机械,主板,SZSE,半导体国产替代,半导体设备/材料,stock_basic_keyword,0.75,industry:专用机械,20250101,
20250101,000990.SZ,诚志股份,化工原料,主板,SZSE,半导体国产替代,半导体设备/材料,stock_basic_keyword,0.75,industry:化工原料,20250101,
20250101,001207.SZ,联科科技,化工原料,主板,SZSE,半导体国产替代,半导体设备/材料,stock_basic_keyword,0.75,industry:化工原料,20250101,
20250101,001217.SZ,华尔泰,化工原料,主板,SZSE,半导体国产替代,半导体设备/材料,stock_basic_keyword,0.75,industry:化工原料,20250101,
20250101,001218.SZ,丽臣实业,化工原料,主板,SZSE,半导体国产替代,半导体设备/材料,stock_basic_keyword,0.75,industry:化工原料,20250101,
20250101,001223.SZ,欧克科技,专用机械,主板,SZSE,半导体国产替代,半导体设备/材料,stock_basic_keyword,0.75,industry:专用机械,20250101,
20250101,001225.SZ,和泰机电,专用机械,主板,SZSE,半导体国产替代,半导体设备/材料,stock_basic_keyword,0.75,industry:专用机械,20250101,
20250101,001270.SZ,*ST铖昌,半导体,主板,SZSE,半导体国产替代,半导体设备/材料,stock_basic_keyword,0.75,industry:半导体,20250101,
20250101,001277.SZ,速达股份,专用机械,主板,SZSE,半导体国产替代,半导体设备/材料,stock_basic_keyword,0.75,industry:专用机械,20250101,
20250101,001288.SZ,运机集团,专用机械,主板,SZSE,半导体国产替代,半导体设备/材料,stock_basic_keyword,0.75,industry:专用机械,20250101,
20250101,001309.SZ,德明利,半导体,主板,SZSE,半导体国产替代,半导体设备/材料,stock_basic_keyword,0.75,industry:半导体,20250101,
20250101,001332.SZ,锡装股份,专用机械,主板,SZSE,半导体国产替代,半导体设备/材料,stock_basic_keyword,0.75,industry:专用机械,20250101,
20250101,001333.SZ,光华股份,化工原料,主板,SZSE,半导体国产替代,半导体设备/材料,stock_basic_keyword,0.75,industry:化工原料,20250101,
20250101,001336.SZ,楚环科技,专用机械,主板,SZSE,半导体国产替代,半导体设备/材料,stock_basic_keyword,0.75,industry:专用机械,20250101,
20250101,001358.SZ,兴欣新材,化工原料,主板,SZSE,半导体国产替代,半导体设备/材料,stock_basic_keyword,0.75,industry:化工原料,20250101,
20250101,002006.SZ,精工科技,专用机械,主板,SZSE,半导体国产替代,半导体设备/材料,stock_basic_keyword,0.75,industry:专用机械,20250101,
20250101,002008.SZ,大族激光,专用机械,主板,SZSE,半导体国产替代,半导体设备/材料,stock_basic_keyword,0.75,industry:专用机械,20250101,
20250101,002037.SZ,保利联合,化工原料,主板,SZSE,半导体国产替代,半导体设备/材料,stock_basic_keyword,0.75,industry:化工原料,20250101,
20250101,002049.SZ,紫光国微,半导体,主板,SZSE,半导体国产替代,半导体设备/材料,stock_basic_keyword,0.75,industry:半导体,20250101,
20250101,002068.SZ,黑猫股份,化工原料,主板,SZSE,半导体国产替代,半导体设备/材料,stock_basic_keyword,0.75,industry:化工原料,20250101,
20250101,002073.SZ,软控股份,专用机械,主板,SZSE,半导体国产替代,半导体设备/材料,stock_basic_keyword,0.75,industry:专用机械,20250101,
20250101,002077.SZ,大港股份,半导体,主板,SZSE,半导体国产替代,半导体设备/材料,stock_basic_keyword,0.75,industry:半导体,20250101,
20250101,002092.SZ,中泰化学,化工原料,主板,SZSE,半导体国产替代,半导体设备/材料,stock_basic_keyword,0.75,industry:化工原料,20250101,
20250101,002096.SZ,易普力,化工原料,主板,SZSE,半导体国产替代,半导体设备/材料,stock_basic_keyword,0.75,industry:化工原料,20250101,
20250101,002109.SZ,兴化股份,化工原料,主板,SZSE,半导体国产替代,半导体设备/材料,stock_basic_keyword,0.75,industry:化工原料,20250101,
20250101,002119.SZ,康强电子,半导体,主板,SZSE,半导体国产替代,半导体设备/材料,stock_basic_keyword,0.75,industry:半导体,20250101,
20250101,002125.SZ,湘潭电化,化工原料,主板,SZSE,半导体国产替代,半导体设备/材料,stock_basic_keyword,0.75,industry:化工原料,20250101,
20250101,002136.SZ,安纳达,化工原料,主板,SZSE,半导体国产替代,半导体设备/材料,stock_basic_keyword,0.75,industry:化工原料,20250101,
20250101,002145.SZ,钛能化学,化工原料,主板,SZSE,半导体国产替代,半导体设备/材料,stock_basic_keyword,0.75,industry:化工原料,20250101,
20250101,002156.SZ,通富微电,半导体,主板,SZSE,半导体国产替代,半导体设备/材料,stock_basic_keyword,0.75,industry:半导体,20250101,
20250101,002165.SZ,红宝丽,化工原料,主板,SZSE,半导体国产替代,半导体设备/材料,stock_basic_keyword,0.75,industry:化工原料,20250101,
20250101,002185.SZ,华天科技,半导体,主板,SZSE,半导体国产替代,半导体设备/材料,stock_basic_keyword,0.75,industry:半导体,20250101,
20250101,002204.SZ,大连重工,专用机械,主板,SZSE,半导体国产替代,半导体设备/材料,stock_basic_keyword,0.75,industry:专用机械,20250101,
20250101,002213.SZ,大为股份,半导体,主板,SZSE,半导体国产替代,半导体设备/材料,stock_basic_keyword,0.75,industry:半导体,20250101,
20250101,002226.SZ,江南化工,化工原料,主板,SZSE,半导体国产替代,半导体设备/材料,stock_basic_keyword,0.75,industry:化工原料,20250101,
20250101,002246.SZ,北化股份,化工原料,主板,SZSE,半导体国产替代,半导体设备/材料,stock_basic_keyword,0.75,industry:化工原料,20250101,
20250101,002250.SZ,联化科技,化工原料,主板,SZSE,半导体国产替代,半导体设备/材料,stock_basic_keyword,0.75,industry:化工原料,20250101,
20250101,002255.SZ,海陆重工,专用机械,主板,SZSE,半导体国产替代,半导体设备/材料,stock_basic_keyword,0.75,industry:专用机械,20250101,
20250101,002265.SZ,建设工业,专用机械,主板,SZSE,半导体国产替代,半导体设备/材料,stock_basic_keyword,0.75,industry:专用机械,20250101,
20250101,002312.SZ,川发龙蟒,化工原料,主板,SZSE,半导体国产替代,半导体设备/材料,stock_basic_keyword,0.75,industry:化工原料,20250101,
20250101,002326.SZ,永太科技,化工原料,主板,SZSE,半导体国产替代,半导体设备/材料,stock_basic_keyword,0.75,industry:化工原料,20250101,
20250101,002360.SZ,同德化工,化工原料,主板,SZSE,半导体国产替代,半导体设备/材料,stock_basic_keyword,0.75,industry:化工原料,20250101,
20250101,002361.SZ,神剑股份,化工原料,主板,SZSE,半导体国产替代,半导体设备/材料,stock_basic_keyword,0.75,industry:化工原料,20250101,
20250101,002366.SZ,融发核电,专用机械,主板,SZSE,半导体国产替代,半导体设备/材料,stock_basic_keyword,0.75,industry:专用机械,20250101,
20250101,002371.SZ,北方华创,半导体,主板,SZSE,半导体国产替代,半导体设备/材料,stock_basic_keyword,0.75,industry:半导体;name:北方华创,20250101,
20250101,002386.SZ,天原股份,化工原料,主板,SZSE,半导体国产替代,半导体设备/材料,stock_basic_keyword,0.75,industry:化工原料,20250101,
20250101,002407.SZ,多氟多,化工原料,主板,SZSE,半导体国产替代,半导体设备/材料,stock_basic_keyword,0.75,industry:化工原料,20250101,
20250101,002408.SZ,齐翔腾达,化工原料,主板,SZSE,半导体国产替代,半导体设备/材料,stock_basic_keyword,0.75,industry:化工原料,20250101,
20250101,002409.SZ,雅克科技,半导体,主板,SZSE,半导体国产替代,半导体设备/材料,stock_basic_keyword,0.75,industry:半导体;name:雅克,20250101,
20250101,002442.SZ,龙星科技,化工原料,主板,SZSE,半导体国产替代,半导体设备/材料,stock_basic_keyword,0.75,industry:化工原料,20250101,
20250101,002449.SZ,国星光电,半导体,主板,SZSE,半导体国产替代,半导体设备/材料,stock_basic_keyword,0.75,industry:半导体,20250101,
20250101,002453.SZ,华软科技,化工原料,主板,SZSE,半导体国产替代,半导体设备/材料,stock_basic_keyword,0.75,industry:化工原料,20250101,
20250101,002455.SZ,百川股份,化工原料,主板,SZSE,半导体国产替代,半导体设备/材料,stock_basic_keyword,0.75,industry:化工原料,20250101,
20250101,002469.SZ,三维化学,化工原料,主板,SZSE,半导体国产替代,半导体设备/材料,stock_basic_keyword,0.75,industry:化工原料,20250101,
20250101,002476.SZ,宝莫股份,化工原料,主板,SZSE,半导体国产替代,半导体设备/材料,stock_basic_keyword,0.75,industry:化工原料,20250101,
20250101,002483.SZ,润邦股份,专用机械,主板,SZSE,半导体国产替代,半导体设备/材料,stock_basic_keyword,0.75,industry:专用机械,20250101,
20250101,002523.SZ,天桥起重,专用机械,主板,SZSE,半导体国产替代,半导体设备/材料,stock_basic_keyword,0.75,industry:专用机械,20250101,
20250101,002529.SZ,*ST海源,专用机械,主板,SZSE,半导体国产替代,半导体设备/材料,stock_basic_keyword,0.75,industry:专用机械,20250101,
20250101,002530.SZ,金财互联,专用机械,主板,SZSE,半导体国产替代,半导体设备/材料,stock_basic_keyword,0.75,industry:专用机械,20250101,
20250101,002534.SZ,西子洁能,专用机械,主板,SZSE,半导体国产替代,半导体设备/材料,stock_basic_keyword,0.75,industry:专用机械,20250101,
20250101,002584.SZ,西陇科学,化工原料,主板,SZSE,半导体国产替代,半导体设备/材料,stock_basic_keyword,0.75,industry:化工原料,20250101,
20250101,002595.SZ,豪迈科技,专用机械,主板,SZSE,半导体国产替代,半导体设备/材料,stock_basic_keyword,0.75,industry:专用机械,20250101,
20250101,002601.SZ,龙佰集团,化工原料,主板,SZSE,半导体国产替代,半导体设备/材料,stock_basic_keyword,0.75,industry:化工原料,20250101,
20250101,002613.SZ,北玻股份,专用机械,主板,SZSE,半导体国产替代,半导体设备/材料,stock_basic_keyword,0.75,industry:专用机械,20250101,
20250101,002630.SZ,ST华西,专用机械,主板,SZSE,半导体国产替代,半导体设备/材料,stock_basic_keyword,0.75,industry:专用机械,20250101,
20250101,002639.SZ,雪人集团,专用机械,主板,SZSE,半导体国产替代,半导体设备/材料,stock_basic_keyword,0.75,industry:专用机械,20250101,
20250101,002643.SZ,万润股份,化工原料,主板,SZSE,半导体国产替代,半导体设备/材料,stock_basic_keyword,0.75,industry:化工原料,20250101,
20250101,002645.SZ,华宏科技,专用机械,主板,SZSE,半导体国产替代,半导体设备/材料,stock_basic_keyword,0.75,industry:专用机械,20250101,
20250101,002648.SZ,卫星化学,化工原料,主板,SZSE,半导体国产替代,半导体设备/材料,stock_basic_keyword,0.75,industry:化工原料,20250101,
20250101,002666.SZ,德联集团,化工原料,主板,SZSE,半导体国产替代,半导体设备/材料,stock_basic_keyword,0.75,industry:化工原料,20250101,
20250101,002669.SZ,康达新材,化工原料,主板,SZSE,半导体国产替代,半导体设备/材料,stock_basic_keyword,0.75,industry:化工原料,20250101,
20250101,002683.SZ,广东宏大,化工原料,主板,SZSE,半导体国产替代,半导体设备/材料,stock_basic_keyword,0.75,industry:化工原料,20250101,
20250101,002686.SZ,亿利达,专用机械,主板,SZSE,半导体国产替代,半导体设备/材料,stock_basic_keyword,0.75,industry:专用机械,20250101,
20250101,002690.SZ,美亚光电,专用机械,主板,SZSE,半导体国产替代,半导体设备/材料,stock_basic_keyword,0.75,industry:专用机械,20250101,
20250101,002691.SZ,冀凯股份,专用机械,主板,SZSE,半导体国产替代,半导体设备/材料,stock_basic_keyword,0.75,industry:专用机械,20250101,
20250101,002709.SZ,天赐材料,化工原料,主板,SZSE,半导体国产替代,半导体设备/材料,stock_basic_keyword,0.75,industry:化工原料,20250101,
20250101,002730.SZ,电光科技,专用机械,主板,SZSE,半导体国产替代,半导体设备/材料,stock_basic_keyword,0.75,industry:专用机械,20250101,
20250101,002741.SZ,光华科技,化工原料,主板,SZSE,半导体国产替代,半导体设备/材料,stock_basic_keyword,0.75,industry:化工原料,20250101,
20250101,002748.SZ,世龙实业,化工原料,主板,SZSE,半导体国产替代,半导体设备/材料,stock_basic_keyword,0.75,industry:化工原料,20250101,
20250101,002753.SZ,永东股份,化工原料,主板,SZSE,半导体国产替代,半导体设备/材料,stock_basic_keyword,0.75,industry:化工原料,20250101,
20250101,002757.SZ,南兴股份,专用机械,主板,SZSE,半导体国产替代,半导体设备/材料,stock_basic_keyword,0.75,industry:专用机械,20250101,
20250101,002783.SZ,凯龙股份,化工原料,主板,SZSE,半导体国产替代,半导体设备/材料,stock_basic_keyword,0.75,industry:化工原料,20250101,
20250101,002786.SZ,银宝山新,专用机械,主板,SZSE,半导体国产替代,半导体设备/材料,stock_basic_keyword,0.75,industry:专用机械,20250101,
20250101,002802.SZ,洪汇新材,化工原料,主板,SZSE,半导体国产替代,半导体设备/材料,stock_basic_keyword,0.75,industry:化工原料,20250101,
20250101,002809.SZ,红墙股份,化工原料,主板,SZSE,半导体国产替代,半导体设备/材料,stock_basic_keyword,0.75,industry:化工原料,20250101,
20250101,002810.SZ,山东赫达,化工原料,主板,SZSE,半导体国产替代,半导体设备/材料,stock_basic_keyword,0.75,industry:化工原料,20250101,
20250101,002816.SZ,*ST和科,专用机械,主板,SZSE,半导体国产替代,半导体设备/材料,stock_basic_keyword,0.75,industry:专用机械,20250101,
20250101,002825.SZ,纳尔股份,化工原料,主板,SZSE,半导体国产替代,半导体设备/材料,stock_basic_keyword,0.75,industry:化工原料,20250101,
20250101,002827.SZ,高争民爆,化工原料,主板,SZSE,半导体国产替代,半导体设备/材料,stock_basic_keyword,0.75,industry:化工原料,20250101,
20250101,002833.SZ,弘亚数控,专用机械,主板,SZSE,半导体国产替代,半导体设备/材料,stock_basic_keyword,0.75,industry:专用机械,20250101,
20250101,002837.SZ,英维克,专用机械,主板,SZSE,半导体国产替代,半导体设备/材料,stock_basic_keyword,0.75,industry:专用机械,20250101,
20250101,002895.SZ,川恒股份,化工原料,主板,SZSE,半导体国产替代,半导体设备/材料,stock_basic_keyword,0.75,industry:化工原料,20250101,
20250101,002909.SZ,集泰股份,化工原料,主板,SZSE,半导体国产替代,半导体设备/材料,stock_basic_keyword,0.75,industry:化工原料,20250101,
20250101,002915.SZ,中欣氟材,化工原料,主板,SZSE,半导体国产替代,半导体设备/材料,stock_basic_keyword,0.75,industry:化工原料,20250101,
20250101,002917.SZ,金奥博,化工原料,主板,SZSE,半导体国产替代,半导体设备/材料,stock_basic_keyword,0.75,industry:化工原料,20250101,
20250101,002957.SZ,科瑞技术,专用机械,主板,SZSE,半导体国产替代,半导体设备/材料,stock_basic_keyword,0.75,industry:专用机械,20250101,
20250101,002960.SZ,青鸟消防,专用机械,主板,SZSE,半导体国产替代,半导体设备/材料,stock_basic_keyword,0.75,industry:专用机械,20250101,
20250101,002971.SZ,和远气体,化工原料,主板,SZSE,半导体国产替代,半导体设备/材料,stock_basic_keyword,0.75,industry:化工原料,20250101,
20250101,002975.SZ,博杰股份,专用机械,主板,SZSE,半导体国产替代,半导体设备/材料,stock_basic_keyword,0.75,industry:专用机械,20250101,
20250101,002979.SZ,雷赛智能,专用机械,主板,SZSE,半导体国产替代,半导体设备/材料,stock_basic_keyword,0.75,industry:专用机械,20250101,
20250101,002986.SZ,宇新股份,化工原料,主板,SZSE,半导体国产替代,半导体设备/材料,stock_basic_keyword,0.75,industry:化工原料,20250101,
20250101,003002.SZ,壶化股份,化工原料,主板,SZSE,半导体国产替代,半导体设备/材料,stock_basic_keyword,0.75,industry:化工原料,20250101,
20250101,003017.SZ,大洋生物,化工原料,主板,SZSE,半导体国产替代,半导体设备/材料,stock_basic_keyword,0.75,industry:化工原料,20250101,
20250101,003022.SZ,联泓新科,化工原料,主板,SZSE,半导体国产替代,半导体设备/材料,stock_basic_keyword,0.75,industry:化工原料,20250101,
20250101,003026.SZ,中晶科技,半导体,主板,SZSE,半导体国产替代,半导体设备/材料,stock_basic_keyword,0.75,industry:半导体,20250101,
20250101,003043.SZ,华亚智能,半导体,主板,SZSE,半导体国产替代,半导体设备/材料,stock_basic_keyword,0.75,industry:半导体,20250101,
20250101,300019.SZ,硅宝科技,化工原料,创业板,SZSE,半导体国产替代,半导体设备/材料,stock_basic_keyword,0.75,industry:化工原料,20250101,
20250101,300024.SZ,机器人,专用机械,创业板,SZSE,半导体国产替代,半导体设备/材料,stock_basic_keyword,0.75,industry:专用机械,20250101,
20250101,300037.SZ,新宙邦,化工原料,创业板,SZSE,半导体国产替代,半导体设备/材料,stock_basic_keyword,0.75,industry:化工原料,20250101,
20250101,300041.SZ,回天新材,化工原料,创业板,SZSE,半导体国产替代,半导体设备/材料,stock_basic_keyword,0.75,industry:化工原料,20250101,
20250101,300046.SZ,台基股份,半导体,创业板,SZSE,半导体国产替代,半导体设备/材料,stock_basic_keyword,0.75,industry:半导体,20250101,
20250101,300053.SZ,航宇微,半导体,创业板,SZSE,半导体国产替代,半导体设备/材料,stock_basic_keyword,0.75,industry:半导体,20250101,
20250101,300054.SZ,鼎龙股份,化工原料,创业板,SZSE,半导体国产替代,半导体设备/材料,stock_basic_keyword,0.75,industry:化工原料;name:鼎龙,20250101,
20250101,300072.SZ,海新能科,化工原料,创业板,SZSE,半导体国产替代,半导体设备/材料,stock_basic_keyword,0.75,industry:化工原料,20250101,
20250101,300077.SZ,国民技术,半导体,创业板,SZSE,半导体国产替代,半导体设备/材料,stock_basic_keyword,0.75,industry:半导体,20250101,
20250101,300082.SZ,奥克股份,化工原料,创业板,SZSE,半导体国产替代,半导体设备/材料,stock_basic_keyword,0.75,industry:化工原料,20250101,
20250101,300084.SZ,海默科技,专用机械,创业板,SZSE,半导体国产替代,半导体设备/材料,stock_basic_keyword,0.75,industry:专用机械,20250101,
20250101,300092.SZ,科新机电,专用机械,创业板,SZSE,半导体国产替代,半导体设备/材料,stock_basic_keyword,0.75,industry:专用机械,20250101,
20250101,300095.SZ,华伍股份,专用机械,创业板,SZSE,半导体国产替代,半导体设备/材料,stock_basic_keyword,0.75,industry:专用机械,20250101,
20250101,300097.SZ,智云股份,专用机械,创业板,SZSE,半导体国产替代,半导体设备/材料,stock_basic_keyword,0.75,industry:专用机械,20250101,
20250101,300102.SZ,乾照光电,半导体,创业板,SZSE,半导体国产替代,半导体设备/材料,stock_basic_keyword,0.75,industry:半导体,20250101,
20250101,300103.SZ,达刚控股,专用机械,创业板,SZSE,半导体国产替代,半导体设备/材料,stock_basic_keyword,0.75,industry:专用机械,20250101,
20250101,300107.SZ,建新股份,化工原料,创业板,SZSE,半导体国产替代,半导体设备/材料,stock_basic_keyword,0.75,industry:化工原料,20250101,
20250101,300109.SZ,新开源,化工原料,创业板,SZSE,半导体国产替代,半导体设备/材料,stock_basic_keyword,0.75,industry:化工原料,20250101,
20250101,300121.SZ,阳谷华泰,化工原料,创业板,SZSE,半导体国产替代,半导体设备/材料,stock_basic_keyword,0.75,industry:化工原料,20250101,
20250101,300123.SZ,亚光科技,半导体,创业板,SZSE,半导体国产替代,半导体设备/材料,stock_basic_keyword,0.75,industry:半导体,20250101,
20250101,300132.SZ,青松股份,化工原料,创业板,SZSE,半导体国产替代,半导体设备/材料,stock_basic_keyword,0.75,industry:化工原料,20250101,
20250101,300151.SZ,昌红科技,专用机械,创业板,SZSE,半导体国产替代,半导体设备/材料,stock_basic_keyword,0.75,industry:专用机械,20250101,
20250101,300157.SZ,新锦动力,专用机械,创业板,SZSE,半导体国产替代,半导体设备/材料,stock_basic_keyword,0.75,industry:专用机械,20250101,
20250101,300174.SZ,元力股份,化工原料,创业板,SZSE,半导体国产替代,半导体设备/材料,stock_basic_keyword,0.75,industry:化工原料,20250101,
20250101,300193.SZ,佳士科技,专用机械,创业板,SZSE,半导体国产替代,半导体设备/材料,stock_basic_keyword,0.75,industry:专用机械,20250101,
20250101,300200.SZ,高盟新材,化工原料,创业板,SZSE,半导体国产替代,半导体设备/材料,stock_basic_keyword,0.75,industry:化工原料,20250101,
20250101,300210.SZ,森远股份,专用机械,创业板,SZSE,半导体国产替代,半导体设备/材料,stock_basic_keyword,0.75,industry:专用机械,20250101,
20250101,300214.SZ,日科化学,化工原料,创业板,SZSE,半导体国产替代,半导体设备/材料,stock_basic_keyword,0.75,industry:化工原料,20250101,
20250101,300220.SZ,金运激光,专用机械,创业板,SZSE,半导体国产替代,半导体设备/材料,stock_basic_keyword,0.75,industry:专用机械,20250101,
20250101,300223.SZ,北京君正,半导体,创业板,SZSE,半导体国产替代,半导体设备/材料,stock_basic_keyword,0.75,industry:半导体,20250101,
20250101,300227.SZ,光韵达,专用机械,创业板,SZSE,半导体国产替代,半导体设备/材料,stock_basic_keyword,0.75,industry:专用机械,20250101,
20250101,300236.SZ,上海新阳,半导体,创业板,SZSE,半导体国产替代,半导体设备/材料,stock_basic_keyword,0.75,industry:半导体,20250101,
20250101,300241.SZ,瑞丰光电,半导体,创业板,SZSE,半导体国产替代,半导体设备/材料,stock_basic_keyword,0.75,industry:半导体,20250101,
20250101,300243.SZ,瑞丰高材,化工原料,创业板,SZSE,半导体国产替代,半导体设备/材料,stock_basic_keyword,0.75,industry:化工原料,20250101,
20250101,300263.SZ,隆华科技,专用机械,创业板,SZSE,半导体国产替代,半导体设备/材料,stock_basic_keyword,0.75,industry:专用机械,20250101,
20250101,300276.SZ,三丰智能,专用机械,创业板,SZSE,半导体国产替代,半导体设备/材料,stock_basic_keyword,0.75,industry:专用机械,20250101,
20250101,300278.SZ,华昌达,专用机械,创业板,SZSE,半导体国产替代,半导体设备/材料,stock_basic_keyword,0.75,industry:专用机械,20250101,
20250101,300281.SZ,金明精机,专用机械,创业板,SZSE,半导体国产替代,半导体设备/材料,stock_basic_keyword,0.75,industry:专用机械,20250101,
20250101,300293.SZ,蓝英装备,专用机械,创业板,SZSE,半导体国产替代,半导体设备/材料,stock_basic_keyword,0.75,industry:专用机械,20250101,
20250101,300301.SZ,ST长方,半导体,创业板,SZSE,半导体国产替代,半导体设备/材料,stock_basic_keyword,0.75,industry:半导体,20250101,
20250101,300303.SZ,聚飞光电,半导体,创业板,SZSE,半导体国产替代,半导体设备/材料,stock_basic_keyword,0.75,industry:半导体,20250101,
20250101,300316.SZ,晶盛机电,专用机械,创业板,SZSE,半导体国产替代,半导体设备/材料,stock_basic_keyword,0.75,industry:专用机械,20250101,
20250101,300323.SZ,华灿光电,半导体,创业板,SZSE,半导体国产替代,半导体设备/材料,stock_basic_keyword,0.75,industry:半导体,20250101,
20250101,300327.SZ,中颖电子,半导体,创业板,SZSE,半导体国产替代,半导体设备/材料,stock_basic_keyword,0.75,industry:半导体,20250101,
20250101,300334.SZ,津膜科技,专用机械,创业板,SZSE,半导体国产替代,半导体设备/材料,stock_basic_keyword,0.75,industry:专用机械,20250101,
20250101,300343.SZ,ST联创,化工原料,创业板,SZSE,半导体国产替代,半导体设备/材料,stock_basic_keyword,0.75,industry:化工原料,20250101,
20250101,300346.SZ,南大光电,半导体,创业板,SZSE,半导体国产替代,半导体设备/材料,stock_basic_keyword,0.75,industry:半导体,20250101,
20250101,300373.SZ,扬杰科技,半导体,创业板,SZSE,半导体国产替代,半导体设备/材料,stock_basic_keyword,0.75,industry:半导体,20250101,
20250101,300382.SZ,斯莱克,专用机械,创业板,SZSE,半导体国产替代,半导体设备/材料,stock_basic_keyword,0.75,industry:专用机械,20250101,
20250101,300398.SZ,飞凯材料,化工原料,创业板,SZSE,半导体国产替代,半导体设备/材料,stock_basic_keyword,0.75,industry:化工原料,20250101,
20250101,300400.SZ,劲拓股份,专用机械,创业板,SZSE,半导体国产替代,半导体设备/材料,stock_basic_keyword,0.75,industry:专用机械,20250101,
20250101,300402.SZ,宝色股份,专用机械,创业板,SZSE,半导体国产替代,半导体设备/材料,stock_basic_keyword,0.75,industry:专用机械,20250101,
20250101,300405.SZ,科隆股份,化工原料,创业板,SZSE,半导体国产替代,半导体设备/材料,stock_basic_keyword,0.75,industry:化工原料,20250101,
20250101,300410.SZ,正业科技,专用机械,创业板,SZSE,半导体国产替代,半导体设备/材料,stock_basic_keyword,0.75,industry:专用机械,20250101,
20250101,300411.SZ,金盾股份,专用机械,创业板,SZSE,半导体国产替代,半导体设备/材料,stock_basic_keyword,0.75,industry:专用机械,20250101,
20250101,300415.SZ,伊之密,专用机械,创业板,SZSE,半导体国产替代,半导体设备/材料,stock_basic_keyword,0.75,industry:专用机械,20250101,
20250101,300429.SZ,强力新材,化工原料,创业板,SZSE,半导体国产替代,半导体设备/材料,stock_basic_keyword,0.75,industry:化工原料,20250101,
20250101,300437.SZ,清水源,化工原料,创业板,SZSE,半导体国产替代,半导体设备/材料,stock_basic_keyword,0.75,industry:化工原料,20250101,
20250101,300450.SZ,先导智能,专用机械,创业板,SZSE,半导体国产替代,半导体设备/材料,stock_basic_keyword,0.75,industry:专用机械,20250101,
20250101,300456.SZ,赛微电子,半导体,创业板,SZSE,半导体国产替代,半导体设备/材料,stock_basic_keyword,0.75,industry:半导体,20250101,
20250101,300457.SZ,赢合科技,专用机械,创业板,SZSE,半导体国产替代,半导体设备/材料,stock_basic_keyword,0.75,industry:专用机械,20250101,
20250101,300458.SZ,全志科技,半导体,创业板,SZSE,半导体国产替代,半导体设备/材料,stock_basic_keyword,0.75,industry:半导体,20250101,
20250101,300461.SZ,田中精机,专用机械,创业板,SZSE,半导体国产替代,半导体设备/材料,stock_basic_keyword,0.75,industry:专用机械,20250101,
20250101,300471.SZ,厚普股份,专用机械,创业板,SZSE,半导体国产替代,半导体设备/材料,stock_basic_keyword,0.75,industry:专用机械,20250101,
20250101,300472.SZ,*ST新元,专用机械,创业板,SZSE,半导体国产替代,半导体设备/材料,stock_basic_keyword,0.75,industry:专用机械,20250101,
20250101,300480.SZ,光力科技,专用机械,创业板,SZSE,半导体国产替代,半导体设备/材料,stock_basic_keyword,0.75,industry:专用机械,20250101,
20250101,300481.SZ,濮阳惠成,化工原料,创业板,SZSE,半导体国产替代,半导体设备/材料,stock_basic_keyword,0.75,industry:化工原料,20250101,
20250101,300486.SZ,东杰智能,专用机械,创业板,SZSE,半导体国产替代,半导体设备/材料,stock_basic_keyword,0.75,industry:专用机械,20250101,
20250101,300487.SZ,蓝晓科技,化工原料,创业板,SZSE,半导体国产替代,半导体设备/材料,stock_basic_keyword,0.75,industry:化工原料,20250101,
20250101,300489.SZ,光智科技,专用机械,创业板,SZSE,半导体国产替代,半导体设备/材料,stock_basic_keyword,0.75,industry:专用机械,20250101,
20250101,300490.SZ,华自科技,专用机械,创业板,SZSE,半导体国产替代,半导体设备/材料,stock_basic_keyword,0.75,industry:专用机械,20250101,
20250101,300499.SZ,高澜股份,专用机械,创业板,SZSE,半导体国产替代,半导体设备/材料,stock_basic_keyword,0.75,industry:专用机械,20250101,
20250101,300509.SZ,新美星,专用机械,创业板,SZSE,半导体国产替代,半导体设备/材料,stock_basic_keyword,0.75,industry:专用机械,20250101,
20250101,300512.SZ,中亚股份,专用机械,创业板,SZSE,半导体国产替代,半导体设备/材料,stock_basic_keyword,0.75,industry:专用机械,20250101,
20250101,300521.SZ,爱司凯,专用机械,创业板,SZSE,半导体国产替代,半导体设备/材料,stock_basic_keyword,0.75,industry:专用机械,20250101,
20250101,300527.SZ,ST应急,专用机械,创业板,SZSE,半导体国产替代,半导体设备/材料,stock_basic_keyword,0.75,industry:专用机械,20250101,
20250101,300535.SZ,达威股份,化工原料,创业板,SZSE,半导体国产替代,半导体设备/材料,stock_basic_keyword,0.75,industry:化工原料,20250101,
20250101,300540.SZ,蜀道装备,专用机械,创业板,SZSE,半导体国产替代,半导体设备/材料,stock_basic_keyword,0.75,industry:专用机械,20250101,
20250101,300545.SZ,联得装备,专用机械,创业板,SZSE,半导体国产替代,半导体设备/材料,stock_basic_keyword,0.75,industry:专用机械,20250101,
20250101,300549.SZ,优德精密,专用机械,创业板,SZSE,半导体国产替代,半导体设备/材料,stock_basic_keyword,0.75,industry:专用机械,20250101,
20250101,300568.SZ,星源材质,化工原料,创业板,SZSE,半导体国产替代,半导体设备/材料,stock_basic_keyword,0.75,industry:化工原料,20250101,
20250101,300586.SZ,美联新材,化工原料,创业板,SZSE,半导体国产替代,半导体设备/材料,stock_basic_keyword,0.75,industry:化工原料,20250101,
20250101,300596.SZ,利安隆,化工原料,创业板,SZSE,半导体国产替代,半导体设备/材料,stock_basic_keyword,0.75,industry:化工原料,20250101,
20250101,300604.SZ,长川科技,半导体,创业板,SZSE,半导体国产替代,半导体设备/材料,stock_basic_keyword,0.75,industry:半导体,20250101,
20250101,300607.SZ,拓斯达,专用机械,创业板,SZSE,半导体国产替代,半导体设备/材料,stock_basic_keyword,0.75,industry:专用机械,20250101,
20250101,300610.SZ,晨化股份,化工原料,创业板,SZSE,半导体国产替代,半导体设备/材料,stock_basic_keyword,0.75,industry:化工原料,20250101,
20250101,300613.SZ,富瀚微,半导体,创业板,SZSE,半导体国产替代,半导体设备/材料,stock_basic_keyword,0.75,industry:半导体,20250101,
20250101,300619.SZ,金银河,专用机械,创业板,SZSE,半导体国产替代,半导体设备/材料,stock_basic_keyword,0.75,industry:专用机械,20250101,
20250101,300623.SZ,捷捷微电,半导体,创业板,SZSE,半导体国产替代,半导体设备/材料,stock_basic_keyword,0.75,industry:半导体,20250101,
20250101,300632.SZ,光莆股份,半导体,创业板,SZSE,半导体国产替代,半导体设备/材料,stock_basic_keyword,0.75,industry:半导体,20250101,
20250101,300637.SZ,扬帆新材,化工原料,创业板,SZSE,半导体国产替代,半导体设备/材料,stock_basic_keyword,0.75,industry:化工原料,20250101,
20250101,300641.SZ,正丹股份,化工原料,创业板,SZSE,半导体国产替代,半导体设备/材料,stock_basic_keyword,0.75,industry:化工原料,20250101,
20250101,300647.SZ,超频三,化工原料,创业板,SZSE,半导体国产替代,半导体设备/材料,stock_basic_keyword,0.75,industry:化工原料,20250101,
20250101,300655.SZ,晶瑞电材,半导体,创业板,SZSE,半导体国产替代,半导体设备/材料,stock_basic_keyword,0.75,industry:半导体;name:晶瑞,20250101,
20250101,300661.SZ,圣邦股份,半导体,创业板,SZSE,半导体国产替代,半导体设备/材料,stock_basic_keyword,0.75,industry:半导体,20250101,
20250101,300666.SZ,江丰电子,半导体,创业板,SZSE,半导体国产替代,半导体设备/材料,stock_basic_keyword,0.75,industry:半导体,20250101,
20250101,300671.SZ,富满微,半导体,创业板,SZSE,半导体国产替代,半导体设备/材料,stock_basic_keyword,0.75,industry:半导体,20250101,
20250101,300672.SZ,国科微,半导体,创业板,SZSE,半导体国产替代,半导体设备/材料,stock_basic_keyword,0.75,industry:半导体,20250101,
20250101,300708.SZ,聚灿光电,半导体,创业板,SZSE,半导体国产替代,半导体设备/材料,stock_basic_keyword,0.75,industry:半导体,20250101,
20250101,300721.SZ,怡达股份,化工原料,创业板,SZSE,半导体国产替代,半导体设备/材料,stock_basic_keyword,0.75,industry:化工原料,20250101,
20250101,300724.SZ,捷佳伟创,专用机械,创业板,SZSE,半导体国产替代,半导体设备/材料,stock_basic_keyword,0.75,industry:专用机械,20250101,
20250101,300727.SZ,润禾材料,化工原料,创业板,SZSE,半导体国产替代,半导体设备/材料,stock_basic_keyword,0.75,industry:化工原料,20250101,
20250101,300747.SZ,锐科激光,专用机械,创业板,SZSE,半导体国产替代,半导体设备/材料,stock_basic_keyword,0.75,industry:专用机械,20250101,
20250101,300751.SZ,迈为股份,专用机械,创业板,SZSE,半导体国产替代,半导体设备/材料,stock_basic_keyword,0.75,industry:专用机械,20250101,
20250101,300756.SZ,金马游乐,专用机械,创业板,SZSE,半导体国产替代,半导体设备/材料,stock_basic_keyword,0.75,industry:专用机械,20250101,
20250101,300757.SZ,罗博特科,专用机械,创业板,SZSE,半导体国产替代,半导体设备/材料,stock_basic_keyword,0.75,industry:专用机械,20250101,
20250101,300769.SZ,德方纳米,化工原料,创业板,SZSE,半导体国产替代,半导体设备/材料,stock_basic_keyword,0.75,industry:化工原料,20250101,
20250101,300776.SZ,帝尔激光,专用机械,创业板,SZSE,半导体国产替代,半导体设备/材料,stock_basic_keyword,0.75,industry:专用机械,20250101,
20250101,300782.SZ,卓胜微,半导体,创业板,SZSE,半导体国产替代,半导体设备/材料,stock_basic_keyword,0.75,industry:半导体,20250101,
20250101,300801.SZ,泰和科技,化工原料,创业板,SZSE,半导体国产替代,半导体设备/材料,stock_basic_keyword,0.75,industry:化工原料,20250101,
20250101,300802.SZ,矩子科技,专用机械,创业板,SZSE,半导体国产替代,半导体设备/材料,stock_basic_keyword,0.75,industry:专用机械,20250101,
20250101,300812.SZ,易天股份,专用机械,创业板,SZSE,半导体国产替代,半导体设备/材料,stock_basic_keyword,0.75,industry:专用机械,20250101,
20250101,300818.SZ,耐普矿机,专用机械,创业板,SZSE,半导体国产替代,半导体设备/材料,stock_basic_keyword,0.75,industry:专用机械,20250101,
20250101,300821.SZ,东岳硅材,化工原料,创业板,SZSE,半导体国产替代,半导体设备/材料,stock_basic_keyword,0.75,industry:化工原料,20250101,
20250101,300823.SZ,建科智能,专用机械,创业板,SZSE,半导体国产替代,半导体设备/材料,stock_basic_keyword,0.75,industry:专用机械,20250101,
20250101,300831.SZ,派瑞股份,半导体,创业板,SZSE,半导体国产替代,半导体设备/材料,stock_basic_keyword,0.75,industry:半导体,20250101,
20250101,300833.SZ,浩洋股份,专用机械,创业板,SZSE,半导体国产替代,半导体设备/材料,stock_basic_keyword,0.75,industry:专用机械,20250101,
20250101,300834.SZ,星辉环材,化工原料,创业板,SZSE,半导体国产替代,半导体设备/材料,stock_basic_keyword,0.75,industry:化工原料,20250101,
20250101,300836.SZ,佰奥智能,专用机械,创业板,SZSE,半导体国产替代,半导体设备/材料,stock_basic_keyword,0.75,industry:专用机械,20250101,
20250101,300837.SZ,浙矿股份,专用机械,创业板,SZSE,半导体国产替代,半导体设备/材料,stock_basic_keyword,0.75,industry:专用机械,20250101,
20250101,300847.SZ,中船汉光,化工原料,创业板,SZSE,半导体国产替代,半导体设备/材料,stock_basic_keyword,0.75,industry:化工原料,20250101,
20250101,300848.SZ,美瑞新材,化工原料,创业板,SZSE,半导体国产替代,半导体设备/材料,stock_basic_keyword,0.75,industry:化工原料,20250101,
20250101,300853.SZ,申昊科技,专用机械,创业板,SZSE,半导体国产替代,半导体设备/材料,stock_basic_keyword,0.75,industry:专用机械,20250101,
20250101,300865.SZ,大宏立,专用机械,创业板,SZSE,半导体国产替代,半导体设备/材料,stock_basic_keyword,0.75,industry:专用机械,20250101,
20250101,300875.SZ,捷强装备,专用机械,创业板,SZSE,半导体国产替代,半导体设备/材料,stock_basic_keyword,0.75,industry:专用机械,20250101,
20250101,300886.SZ,华业香料,化工原料,创业板,SZSE,半导体国产替代,半导体设备/材料,stock_basic_keyword,0.75,industry:化工原料,20250101,
20250101,300891.SZ,惠云钛业,化工原料,创业板,SZSE,半导体国产替代,半导体设备/材料,stock_basic_keyword,0.75,industry:化工原料,20250101,
20250101,300902.SZ,国安达,专用机械,创业板,SZSE,半导体国产替代,半导体设备/材料,stock_basic_keyword,0.75,industry:专用机械,20250101,
20250101,300910.SZ,瑞丰新材,化工原料,创业板,SZSE,半导体国产替代,半导体设备/材料,stock_basic_keyword,0.75,industry:化工原料,20250101,
20250101,300922.SZ,天秦装备,专用机械,创业板,SZSE,半导体国产替代,半导体设备/材料,stock_basic_keyword,0.75,industry:专用机械,20250101,
20250101,300927.SZ,江天化学,化工原料,创业板,SZSE,半导体国产替代,半导体设备/材料,stock_basic_keyword,0.75,industry:化工原料,20250101,
20250101,300950.SZ,德固特,专用机械,创业板,SZSE,半导体国产替代,半导体设备/材料,stock_basic_keyword,0.75,industry:专用机械,20250101,
20250101,300990.SZ,同飞股份,专用机械,创业板,SZSE,半导体国产替代,半导体设备/材料,stock_basic_keyword,0.75,industry:专用机械,20250101,
20250101,300998.SZ,宁波方正,专用机械,创业板,SZSE,半导体国产替代,半导体设备/材料,stock_basic_keyword,0.75,industry:专用机械,20250101,
20250101,301013.SZ,利和兴,专用机械,创业板,SZSE,半导体国产替代,半导体设备/材料,stock_basic_keyword,0.75,industry:专用机械,20250101,
20250101,301018.SZ,申菱环境,专用机械,创业板,SZSE,半导体国产替代,半导体设备/材料,stock_basic_keyword,0.75,industry:专用机械,20250101,
20250101,301021.SZ,英诺激光,专用机械,创业板,SZSE,半导体国产替代,半导体设备/材料,stock_basic_keyword,0.75,industry:专用机械,20250101,
20250101,301022.SZ,海泰科,专用机械,创业板,SZSE,半导体国产替代,半导体设备/材料,stock_basic_keyword,0.75,industry:专用机械,20250101,
20250101,301028.SZ,鼎熔岩,专用机械,创业板,SZSE,半导体国产替代,半导体设备/材料,stock_basic_keyword,0.75,industry:专用机械,20250101,
20250101,301029.SZ,怡合达,专用机械,创业板,SZSE,半导体国产替代,半导体设备/材料,stock_basic_keyword,0.75,industry:专用机械,20250101,
20250101,301053.SZ,远信工业,专用机械,创业板,SZSE,半导体国产替代,半导体设备/材料,stock_basic_keyword,0.75,industry:专用机械,20250101,
20250101,301059.SZ,金三江,化工原料,创业板,SZSE,半导体国产替代,半导体设备/材料,stock_basic_keyword,0.75,industry:化工原料,20250101,
20250101,301069.SZ,凯盛新材,化工原料,创业板,SZSE,半导体国产替代,半导体设备/材料,stock_basic_keyword,0.75,industry:化工原料,20250101,
20250101,301076.SZ,新瀚新材,化工原料,创业板,SZSE,半导体国产替代,半导体设备/材料,stock_basic_keyword,0.75,industry:化工原料,20250101,
20250101,301077.SZ,星华新材,化工原料,创业板,SZSE,半导体国产替代,半导体设备/材料,stock_basic_keyword,0.75,industry:化工原料,20250101,
20250101,301083.SZ,百胜智能,专用机械,创业板,SZSE,半导体国产替代,半导体设备/材料,stock_basic_keyword,0.75,industry:专用机械,20250101,
20250101,301090.SZ,华润材料,化工原料,创业板,SZSE,半导体国产替代,半导体设备/材料,stock_basic_keyword,0.75,industry:化工原料,20250101,
20250101,301092.SZ,争光股份,化工原料,创业板,SZSE,半导体国产替代,半导体设备/材料,stock_basic_keyword,0.75,industry:化工原料,20250101,
20250101,301095.SZ,广立微,半导体,创业板,SZSE,半导体国产替代,半导体设备/材料,stock_basic_keyword,0.75,industry:半导体,20250101,
20250101,301100.SZ,风光股份,化工原料,创业板,SZSE,半导体国产替代,半导体设备/材料,stock_basic_keyword,0.75,industry:化工原料,20250101,
20250101,301105.SZ,鸿铭股份,专用机械,创业板,SZSE,半导体国产替代,半导体设备/材料,stock_basic_keyword,0.75,industry:专用机械,20250101,
20250101,301112.SZ,信邦智能,专用机械,创业板,SZSE,半导体国产替代,半导体设备/材料,stock_basic_keyword,0.75,industry:专用机械,20250101,
20250101,301118.SZ,恒光股份,化工原料,创业板,SZSE,半导体国产替代,半导体设备/材料,stock_basic_keyword,0.75,industry:化工原料,20250101,
20250101,301128.SZ,强瑞技术,专用机械,创业板,SZSE,半导体国产替代,半导体设备/材料,stock_basic_keyword,0.75,industry:专用机械,20250101,
20250101,301138.SZ,华研精机,专用机械,创业板,SZSE,半导体国产替代,半导体设备/材料,stock_basic_keyword,0.75,industry:专用机械,20250101,
20250101,301149.SZ,隆华新材,化工原料,创业板,SZSE,半导体国产替代,半导体设备/材料,stock_basic_keyword,0.75,industry:化工原料,20250101,
20250101,301158.SZ,德石股份,专用机械,创业板,SZSE,半导体国产替代,半导体设备/材料,stock_basic_keyword,0.75,industry:专用机械,20250101,
20250101,301186.SZ,超达装备,专用机械,创业板,SZSE,半导体国产替代,半导体设备/材料,stock_basic_keyword,0.75,industry:专用机械,20250101,
20250101,301196.SZ,唯科科技,专用机械,创业板,SZSE,半导体国产替代,半导体设备/材料,stock_basic_keyword,0.75,industry:专用机械,20250101,
20250101,301199.SZ,迈赫股份,专用机械,创业板,SZSE,半导体国产替代,半导体设备/材料,stock_basic_keyword,0.75,industry:专用机械,20250101,
20250101,301200.SZ,大族数控,专用机械,创业板,SZSE,半导体国产替代,半导体设备/材料,stock_basic_keyword,0.75,industry:专用机械,20250101,
20250101,301212.SZ,联盛化学,化工原料,创业板,SZSE,半导体国产替代,半导体设备/材料,stock_basic_keyword,0.75,industry:化工原料,20250101,
20250101,301216.SZ,万凯新材,化工原料,创业板,SZSE,半导体国产替代,半导体设备/材料,stock_basic_keyword,0.75,industry:化工原料,20250101,
20250101,301220.SZ,亚香股份,化工原料,创业板,SZSE,半导体国产替代,半导体设备/材料,stock_basic_keyword,0.75,industry:化工原料,20250101,
20250101,301238.SZ,瑞泰新材,化工原料,创业板,SZSE,半导体国产替代,半导体设备/材料,stock_basic_keyword,0.75,industry:化工原料,20250101,
20250101,301256.SZ,华融化学,化工原料,创业板,SZSE,半导体国产替代,半导体设备/材料,stock_basic_keyword,0.75,industry:化工原料,20250101,
20250101,301260.SZ,格力博,专用机械,创业板,SZSE,半导体国产替代,半导体设备/材料,stock_basic_keyword,0.75,industry:专用机械,20250101,
20250101,301269.SZ,华大九天,半导体,创业板,SZSE,半导体国产替代,半导体设备/材料,stock_basic_keyword,0.75,industry:半导体,20250101,
20250101,301272.SZ,英华特,专用机械,创业板,SZSE,半导体国产替代,半导体设备/材料,stock_basic_keyword,0.75,industry:专用机械,20250101,
20250101,301286.SZ,侨源股份,化工原料,创业板,SZSE,半导体国产替代,半导体设备/材料,stock_basic_keyword,0.75,industry:化工原料,20250101,
20250101,301292.SZ,海科新源,化工原料,创业板,SZSE,半导体国产替代,半导体设备/材料,stock_basic_keyword,0.75,industry:化工原料,20250101,
20250101,301297.SZ,富乐德,半导体,创业板,SZSE,半导体国产替代,半导体设备/材料,stock_basic_keyword,0.75,industry:半导体,20250101,
20250101,301300.SZ,远翔新材,化工原料,创业板,SZSE,半导体国产替代,半导体设备/材料,stock_basic_keyword,0.75,industry:化工原料,20250101,
20250101,301308.SZ,江波龙,半导体,创业板,SZSE,半导体国产替代,半导体设备/材料,stock_basic_keyword,0.75,industry:半导体,20250101,
20250101,301312.SZ,智立方,专用机械,创业板,SZSE,半导体国产替代,半导体设备/材料,stock_basic_keyword,0.75,industry:专用机械,20250101,
20250101,301325.SZ,曼恩斯特,专用机械,创业板,SZSE,半导体国产替代,半导体设备/材料,stock_basic_keyword,0.75,industry:专用机械,20250101,
20250101,301338.SZ,凯格精机,专用机械,创业板,SZSE,半导体国产替代,半导体设备/材料,stock_basic_keyword,0.75,industry:专用机械,20250101,
20250101,301348.SZ,蓝箭电子,半导体,创业板,SZSE,半导体国产替代,半导体设备/材料,stock_basic_keyword,0.75,industry:半导体,20250101,
20250101,301349.SZ,信德新材,化工原料,创业板,SZSE,半导体国产替代,半导体设备/材料,stock_basic_keyword,0.75,industry:化工原料,20250101,
20250101,301353.SZ,普莱得,专用机械,创业板,SZSE,半导体国产替代,半导体设备/材料,stock_basic_keyword,0.75,industry:专用机械,20250101,
20250101,301357.SZ,北方长龙,专用机械,创业板,SZSE,半导体国产替代,半导体设备/材料,stock_basic_keyword,0.75,industry:专用机械,20250101,
20250101,301360.SZ,荣旗科技,专用机械,创业板,SZSE,半导体国产替代,半导体设备/材料,stock_basic_keyword,0.75,industry:专用机械,20250101,
20250101,301369.SZ,联动科技,半导体,创业板,SZSE,半导体国产替代,半导体设备/材料,stock_basic_keyword,0.75,industry:半导体,20250101,
20250101,301373.SZ,凌玮科技,化工原料,创业板,SZSE,半导体国产替代,半导体设备/材料,stock_basic_keyword,0.75,industry:化工原料,20250101,
20250101,301392.SZ,汇成真空,专用机械,创业板,SZSE,半导体国产替代,半导体设备/材料,stock_basic_keyword,0.75,industry:专用机械,20250101,
20250101,301393.SZ,昊帆生物,化工原料,创业板,SZSE,半导体国产替代,半导体设备/材料,stock_basic_keyword,0.75,industry:化工原料,20250101,
20250101,301395.SZ,仁信新材,化工原料,创业板,SZSE,半导体国产替代,半导体设备/材料,stock_basic_keyword,0.75,industry:化工原料,20250101,
20250101,301468.SZ,博盈特焊,专用机械,创业板,SZSE,半导体国产替代,半导体设备/材料,stock_basic_keyword,0.75,industry:专用机械,20250101,
20250101,301487.SZ,盟固利,化工原料,创业板,SZSE,半导体国产替代,半导体设备/材料,stock_basic_keyword,0.75,industry:化工原料,20250101,
20250101,301512.SZ,智信精密,专用机械,创业板,SZSE,半导体国产替代,半导体设备/材料,stock_basic_keyword,0.75,industry:专用机械,20250101,
20250101,301518.SZ,长华化学,化工原料,创业板,SZSE,半导体国产替代,半导体设备/材料,stock_basic_keyword,0.75,industry:化工原料,20250101,
20250101,301519.SZ,舜禹股份,专用机械,创业板,SZSE,半导体国产替代,半导体设备/材料,stock_basic_keyword,0.75,industry:专用机械,20250101,
20250101,301536.SZ,星宸科技,半导体,创业板,SZSE,半导体国产替代,半导体设备/材料,stock_basic_keyword,0.75,industry:半导体,20250101,
20250101,301555.SZ,惠柏新材,化工原料,创业板,SZSE,半导体国产替代,半导体设备/材料,stock_basic_keyword,0.75,industry:化工原料,20250101,
20250101,301559.SZ,中集环科,专用机械,创业板,SZSE,半导体国产替代,半导体设备/材料,stock_basic_keyword,0.75,industry:专用机械,20250101,
20250101,301568.SZ,思泰克,专用机械,创业板,SZSE,半导体国产替代,半导体设备/材料,stock_basic_keyword,0.75,industry:专用机械,20250101,
20250101,301598.SZ,博科测试,专用机械,创业板,SZSE,半导体国产替代,半导体设备/材料,stock_basic_keyword,0.75,industry:专用机械,20250101,
20250101,301611.SZ,珂玛科技,半导体,创业板,SZSE,半导体国产替代,半导体设备/材料,stock_basic_keyword,0.75,industry:半导体,20250101,
20250101,301617.SZ,博苑股份,化工原料,创业板,SZSE,半导体国产替代,半导体设备/材料,stock_basic_keyword,0.75,industry:化工原料,20250101,
20250101,301633.SZ,港迪技术,专用机械,创业板,SZSE,半导体国产替代,半导体设备/材料,stock_basic_keyword,0.75,industry:专用机械,20250101,
20250101,600075.SH,新疆天业,化工原料,主板,SSE,半导体国产替代,半导体设备/材料,stock_basic_keyword,0.75,industry:化工原料,20250101,
20250101,600078.SH,澄星股份,化工原料,主板,SSE,半导体国产替代,半导体设备/材料,stock_basic_keyword,0.75,industry:化工原料,20250101,
20250101,600160.SH,巨化股份,化工原料,主板,SSE,半导体国产替代,半导体设备/材料,stock_basic_keyword,0.75,industry:化工原料,20250101,
20250101,600165.SH,ST宁科,化工原料,主板,SSE,半导体国产替代,半导体设备/材料,stock_basic_keyword,0.75,industry:化工原料,20250101,
20250101,600171.SH,上海贝岭,半导体,主板,SSE,半导体国产替代,半导体设备/材料,stock_basic_keyword,0.75,industry:半导体,20250101,
20250101,600184.SH,光电股份,专用机械,主板,SSE,半导体国产替代,半导体设备/材料,stock_basic_keyword,0.75,industry:专用机械,20250101,
20250101,600202.SH,哈空调,专用机械,主板,SSE,半导体国产替代,半导体设备/材料,stock_basic_keyword,0.75,industry:专用机械,20250101,
20250101,600206.SH,有研新材,半导体,主板,SSE,半导体国产替代,半导体设备/材料,stock_basic_keyword,0.75,industry:半导体,20250101,
20250101,600215.SH,派斯林,专用机械,主板,SSE,半导体国产替代,半导体设备/材料,stock_basic_keyword,0.75,industry:专用机械,20250101,
20250101,600230.SH,沧州大化,化工原料,主板,SSE,半导体国产替代,半导体设备/材料,stock_basic_keyword,0.75,industry:化工原料,20250101,
20250101,600262.SH,北方股份,专用机械,主板,SSE,半导体国产替代,半导体设备/材料,stock_basic_keyword,0.75,industry:专用机械,20250101,
20250101,600273.SH,嘉化能源,化工原料,主板,SSE,半导体国产替代,半导体设备/材料,stock_basic_keyword,0.75,industry:化工原料,20250101,
20250101,600309.SH,万华化学,化工原料,主板,SSE,半导体国产替代,半导体设备/材料,stock_basic_keyword,0.75,industry:化工原料,20250101,
20250101,600319.SH,亚星化学,化工原料,主板,SSE,半导体国产替代,半导体设备/材料,stock_basic_keyword,0.75,industry:化工原料,20250101,
20250101,600320.SH,振华重工,专用机械,主板,SSE,半导体国产替代,半导体设备/材料,stock_basic_keyword,0.75,industry:专用机械,20250101,
20250101,600328.SH,中盐化工,化工原料,主板,SSE,半导体国产替代,半导体设备/材料,stock_basic_keyword,0.75,industry:化工原料,20250101,
20250101,600330.SH,天通股份,专用机械,主板,SSE,半导体国产替代,半导体设备/材料,stock_basic_keyword,0.75,industry:专用机械,20250101,
20250101,600355.SH,*ST精伦,专用机械,主板,SSE,半导体国产替代,半导体设备/材料,stock_basic_keyword,0.75,industry:专用机械,20250101,
20250101,600360.SH,*ST华微,半导体,主板,SSE,半导体国产替代,半导体设备/材料,stock_basic_keyword,0.75,industry:半导体,20250101,
20250101,600367.SH,红星发展,化工原料,主板,SSE,半导体国产替代,半导体设备/材料,stock_basic_keyword,0.75,industry:化工原料,20250101,
20250101,600370.SH,三房巷,化工原料,主板,SSE,半导体国产替代,半导体设备/材料,stock_basic_keyword,0.75,industry:化工原料,20250101,
20250101,600378.SH,昊华科技,化工原料,主板,SSE,半导体国产替代,半导体设备/材料,stock_basic_keyword,0.75,industry:化工原料,20250101,
20250101,600397.SH,江钨装备,专用机械,主板,SSE,半导体国产替代,半导体设备/材料,stock_basic_keyword,0.75,industry:专用机械,20250101,
20250101,600421.SH,*ST华嵘,专用机械,主板,SSE,半导体国产替代,半导体设备/材料,stock_basic_keyword,0.75,industry:专用机械,20250101,
20250101,600435.SH,北方导航,专用机械,主板,SSE,半导体国产替代,半导体设备/材料,stock_basic_keyword,0.75,industry:专用机械,20250101,
20250101,600444.SH,国机通用,专用机械,主板,SSE,半导体国产替代,半导体设备/材料,stock_basic_keyword,0.75,industry:专用机械,20250101,
20250101,600460.SH,士兰微,半导体,主板,SSE,半导体国产替代,半导体设备/材料,stock_basic_keyword,0.75,industry:半导体,20250101,
20250101,600499.SH,科达制造,专用机械,主板,SSE,半导体国产替代,半导体设备/材料,stock_basic_keyword,0.75,industry:专用机械,20250101,
20250101,600501.SH,航天晨光,专用机械,主板,SSE,半导体国产替代,半导体设备/材料,stock_basic_keyword,0.75,industry:专用机械,20250101,
20250101,600520.SH,三佳科技,半导体,主板,SSE,半导体国产替代,半导体设备/材料,stock_basic_keyword,0.75,industry:半导体,20250101,
20250101,600521.SH,华海药业,化学制药,主板,SSE,半导体国产替代,半导体设备/材料,stock_basic_keyword,0.75,name:华海,20250101,
20250101,600582.SH,天地科技,专用机械,主板,SSE,半导体国产替代,半导体设备/材料,stock_basic_keyword,0.75,industry:专用机械,20250101,
20250101,600584.SH,长电科技,半导体,主板,SSE,半导体国产替代,半导体设备/材料,stock_basic_keyword,0.75,industry:半导体,20250101,
20250101,600596.SH,新安股份,化工原料,主板,SSE,半导体国产替代,半导体设备/材料,stock_basic_keyword,0.75,industry:化工原料,20250101,
20250101,600599.SH,*ST熊猫,化工原料,主板,SSE,半导体国产替代,半导体设备/材料,stock_basic_keyword,0.75,industry:化工原料,20250101,
20250101,600610.SH,中毅达,化工原料,主板,SSE,半导体国产替代,半导体设备/材料,stock_basic_keyword,0.75,industry:化工原料,20250101,
20250101,600618.SH,氯碱化工,化工原料,主板,SSE,半导体国产替代,半导体设备/材料,stock_basic_keyword,0.75,industry:化工原料,20250101,
20250101,600623.SH,华谊集团,化工原料,主板,SSE,半导体国产替代,半导体设备/材料,stock_basic_keyword,0.75,industry:化工原料,20250101,
20250101,600641.SH,先导基电,半导体,主板,SSE,半导体国产替代,半导体设备/材料,stock_basic_keyword,0.75,industry:半导体,20250101,
20250101,600667.SH,太极实业,半导体,主板,SSE,半导体国产替代,半导体设备/材料,stock_basic_keyword,0.75,industry:半导体,20250101,
20250101,600703.SH,三安光电,半导体,主板,SSE,半导体国产替代,半导体设备/材料,stock_basic_keyword,0.75,industry:半导体,20250101,
20250101,600714.SH,金瑞矿业,化工原料,主板,SSE,半导体国产替代,半导体设备/材料,stock_basic_keyword,0.75,industry:化工原料,20250101,
20250101,600722.SH,金牛化工,化工原料,主板,SSE,半导体国产替代,半导体设备/材料,stock_basic_keyword,0.75,industry:化工原料,20250101,
20250101,600727.SH,鲁北化工,化工原料,主板,SSE,半导体国产替代,半导体设备/材料,stock_basic_keyword,0.75,industry:化工原料,20250101,
20250101,600745.SH,闻泰科技,半导体,主板,SSE,半导体国产替代,半导体设备/材料,stock_basic_keyword,0.75,industry:半导体,20250101,
20250101,600746.SH,江苏索普,化工原料,主板,SSE,半导体国产替代,半导体设备/材料,stock_basic_keyword,0.75,industry:化工原料,20250101,
20250101,600783.SH,鲁信创投,专用机械,主板,SSE,半导体国产替代,半导体设备/材料,stock_basic_keyword,0.75,industry:专用机械,20250101,
20250101,600800.SH,渤海化学,化工原料,主板,SSE,半导体国产替代,半导体设备/材料,stock_basic_keyword,0.75,industry:化工原料,20250101,
20250101,600817.SH,宇通重工,专用机械,主板,SSE,半导体国产替代,半导体设备/材料,stock_basic_keyword,0.75,industry:专用机械,20250101,
20250101,600844.SH,金煤科技,化工原料,主板,SSE,半导体国产替代,半导体设备/材料,stock_basic_keyword,0.75,industry:化工原料,20250101,
20250101,600855.SH,航天长峰,专用机械,主板,SSE,半导体国产替代,半导体设备/材料,stock_basic_keyword,0.75,industry:专用机械,20250101,
20250101,600860.SH,京城股份,专用机械,主板,SSE,半导体国产替代,半导体设备/材料,stock_basic_keyword,0.75,industry:专用机械,20250101,
20250101,600877.SH,电科芯片,半导体,主板,SSE,半导体国产替代,半导体设备/材料,stock_basic_keyword,0.75,industry:半导体,20250101,
20250101,600935.SH,华塑股份,化工原料,主板,SSE,半导体国产替代,半导体设备/材料,stock_basic_keyword,0.75,industry:化工原料,20250101,
20250101,600955.SH,维远股份,化工原料,主板,SSE,半导体国产替代,半导体设备/材料,stock_basic_keyword,0.75,industry:化工原料,20250101,
20250101,600980.SH,北矿科技,专用机械,主板,SSE,半导体国产替代,半导体设备/材料,stock_basic_keyword,0.75,industry:专用机械,20250101,
20250101,600989.SH,宝丰能源,化工原料,主板,SSE,半导体国产替代,半导体设备/材料,stock_basic_keyword,0.75,industry:化工原料,20250101,
20250101,601065.SH,江盐集团,化工原料,主板,SSE,半导体国产替代,半导体设备/材料,stock_basic_keyword,0.75,industry:化工原料,20250101,
20250101,601208.SH,东材科技,化工原料,主板,SSE,半导体国产替代,半导体设备/材料,stock_basic_keyword,0.75,industry:化工原料,20250101,
20250101,601216.SH,君正集团,化工原料,主板,SSE,半导体国产替代,半导体设备/材料,stock_basic_keyword,0.75,industry:化工原料,20250101,
20250101,601568.SH,北元集团,化工原料,主板,SSE,半导体国产替代,半导体设备/材料,stock_basic_keyword,0.75,industry:化工原料,20250101,
20250101,601606.SH,长城军工,专用机械,主板,SSE,半导体国产替代,半导体设备/材料,stock_basic_keyword,0.75,industry:专用机械,20250101,
20250101,601608.SH,中信重工,专用机械,主板,SSE,半导体国产替代,半导体设备/材料,stock_basic_keyword,0.75,industry:专用机械,20250101,
20250101,601678.SH,滨化股份,化工原料,主板,SSE,半导体国产替代,半导体设备/材料,stock_basic_keyword,0.75,industry:化工原料,20250101,
20250101,601717.SH,中创智领,专用机械,主板,SSE,半导体国产替代,半导体设备/材料,stock_basic_keyword,0.75,industry:专用机械,20250101,
20250101,603002.SH,宏昌电子,化工原料,主板,SSE,半导体国产替代,半导体设备/材料,stock_basic_keyword,0.75,industry:化工原料,20250101,
20250101,603004.SH,鼎龙科技,化工原料,主板,SSE,半导体国产替代,半导体设备/材料,stock_basic_keyword,0.75,industry:化工原料;name:鼎龙,20250101,
20250101,603005.SH,晶方科技,半导体,主板,SSE,半导体国产替代,半导体设备/材料,stock_basic_keyword,0.75,industry:半导体,20250101,
20250101,603010.SH,万盛股份,化工原料,主板,SSE,半导体国产替代,半导体设备/材料,stock_basic_keyword,0.75,industry:化工原料,20250101,
20250101,603011.SH,合锻智能,专用机械,主板,SSE,半导体国产替代,半导体设备/材料,stock_basic_keyword,0.75,industry:专用机械,20250101,
20250101,603012.SH,创力集团,专用机械,主板,SSE,半导体国产替代,半导体设备/材料,stock_basic_keyword,0.75,industry:专用机械,20250101,
20250101,603026.SH,石大胜华,化工原料,主板,SSE,半导体国产替代,半导体设备/材料,stock_basic_keyword,0.75,industry:化工原料,20250101,
20250101,603032.SH,德新科技,专用机械,主板,SSE,半导体国产替代,半导体设备/材料,stock_basic_keyword,0.75,industry:专用机械,20250101,
20250101,603036.SH,如通股份,专用机械,主板,SSE,半导体国产替代,半导体设备/材料,stock_basic_keyword,0.75,industry:专用机械,20250101,
20250101,603041.SH,美思德,化工原料,主板,SSE,半导体国产替代,半导体设备/材料,stock_basic_keyword,0.75,industry:化工原料,20250101,
20250101,603061.SH,金海通,半导体,主板,SSE,半导体国产替代,半导体设备/材料,stock_basic_keyword,0.75,industry:半导体,20250101,
20250101,603065.SH,宿迁联盛,化工原料,主板,SSE,半导体国产替代,半导体设备/材料,stock_basic_keyword,0.75,industry:化工原料,20250101,
20250101,603067.SH,振华股份,化工原料,主板,SSE,半导体国产替代,半导体设备/材料,stock_basic_keyword,0.75,industry:化工原料,20250101,
20250101,603068.SH,博通集成,半导体,主板,SSE,半导体国产替代,半导体设备/材料,stock_basic_keyword,0.75,industry:半导体,20250101,
20250101,603076.SH,乐惠国际,专用机械,主板,SSE,半导体国产替代,半导体设备/材料,stock_basic_keyword,0.75,industry:专用机械,20250101,
20250101,603077.SH,和邦生物,化工原料,主板,SSE,半导体国产替代,半导体设备/材料,stock_basic_keyword,0.75,industry:化工原料,20250101,
20250101,603078.SH,江化微,半导体,主板,SSE,半导体国产替代,半导体设备/材料,stock_basic_keyword,0.75,industry:半导体,20250101,
20250101,603081.SH,大丰实业,专用机械,主板,SSE,半导体国产替代,半导体设备/材料,stock_basic_keyword,0.75,industry:专用机械,20250101,
20250101,603090.SH,宏盛股份,专用机械,主板,SSE,半导体国产替代,半导体设备/材料,stock_basic_keyword,0.75,industry:专用机械,20250101,
20250101,603113.SH,金能科技,化工原料,主板,SSE,半导体国产替代,半导体设备/材料,stock_basic_keyword,0.75,industry:化工原料,20250101,
20250101,603125.SH,常青科技,化工原料,主板,SSE,半导体国产替代,半导体设备/材料,stock_basic_keyword,0.75,industry:化工原料,20250101,
20250101,603131.SH,上海沪工,专用机械,主板,SSE,半导体国产替代,半导体设备/材料,stock_basic_keyword,0.75,industry:专用机械,20250101,
20250101,603135.SH,中重科技,专用机械,主板,SSE,半导体国产替代,半导体设备/材料,stock_basic_keyword,0.75,industry:专用机械,20250101,
20250101,603155.SH,新亚强,化工原料,主板,SSE,半导体国产替代,半导体设备/材料,stock_basic_keyword,0.75,industry:化工原料,20250101,
20250101,603159.SH,上海亚虹,专用机械,主板,SSE,半导体国产替代,半导体设备/材料,stock_basic_keyword,0.75,industry:专用机械,20250101,
20250101,603160.SH,汇顶科技,半导体,主板,SSE,半导体国产替代,半导体设备/材料,stock_basic_keyword,0.75,industry:半导体,20250101,
20250101,603169.SH,兰石重装,专用机械,主板,SSE,半导体国产替代,半导体设备/材料,stock_basic_keyword,0.75,industry:专用机械,20250101,
20250101,603181.SH,皇马科技,化工原料,主板,SSE,半导体国产替代,半导体设备/材料,stock_basic_keyword,0.75,industry:化工原料,20250101,
20250101,603192.SH,汇得科技,化工原料,主板,SSE,半导体国产替代,半导体设备/材料,stock_basic_keyword,0.75,industry:化工原料,20250101,
20250101,603203.SH,快克智能,专用机械,主板,SSE,半导体国产替代,半导体设备/材料,stock_basic_keyword,0.75,industry:专用机械,20250101,
20250101,603213.SH,镇洋发展,化工原料,主板,SSE,半导体国产替代,半导体设备/材料,stock_basic_keyword,0.75,industry:化工原料,20250101,
20250101,603217.SH,元利科技,化工原料,主板,SSE,半导体国产替代,半导体设备/材料,stock_basic_keyword,0.75,industry:化工原料,20250101,
20250101,603227.SH,雪峰科技,化工原料,主板,SSE,半导体国产替代,半导体设备/材料,stock_basic_keyword,0.75,industry:化工原料,20250101,
20250101,603255.SH,鼎际得,化工原料,主板,SSE,半导体国产替代,半导体设备/材料,stock_basic_keyword,0.75,industry:化工原料,20250101,
20250101,603260.SH,合盛硅业,化工原料,主板,SSE,半导体国产替代,半导体设备/材料,stock_basic_keyword,0.75,industry:化工原料,20250101,
20250101,603273.SH,天元智能,专用机械,主板,SSE,半导体国产替代,半导体设备/材料,stock_basic_keyword,0.75,industry:专用机械,20250101,
20250101,603276.SH,恒兴新材,化工原料,主板,SSE,半导体国产替代,半导体设备/材料,stock_basic_keyword,0.75,industry:化工原料,20250101,
20250101,603277.SH,银都股份,专用机械,主板,SSE,半导体国产替代,半导体设备/材料,stock_basic_keyword,0.75,industry:专用机械,20250101,
20250101,603281.SH,江瀚新材,化工原料,主板,SSE,半导体国产替代,半导体设备/材料,stock_basic_keyword,0.75,industry:化工原料,20250101,
20250101,603282.SH,亚光股份,专用机械,主板,SSE,半导体国产替代,半导体设备/材料,stock_basic_keyword,0.75,industry:专用机械,20250101,
20250101,603283.SH,赛腾股份,专用机械,主板,SSE,半导体国产替代,半导体设备/材料,stock_basic_keyword,0.75,industry:专用机械,20250101,
20250101,603285.SH,键邦股份,化工原料,主板,SSE,半导体国产替代,半导体设备/材料,stock_basic_keyword,0.75,industry:化工原料,20250101,
20250101,603289.SH,泰瑞机器,专用机械,主板,SSE,半导体国产替代,半导体设备/材料,stock_basic_keyword,0.75,industry:专用机械,20250101,
20250101,603290.SH,斯达半导,半导体,主板,SSE,半导体国产替代,半导体设备/材料,stock_basic_keyword,0.75,industry:半导体,20250101,
20250101,603310.SH,巍华新材,化工原料,主板,SSE,半导体国产替代,半导体设备/材料,stock_basic_keyword,0.75,industry:化工原料,20250101,
20250101,603331.SH,百达精工,专用机械,主板,SSE,半导体国产替代,半导体设备/材料,stock_basic_keyword,0.75,industry:专用机械,20250101,
20250101,603339.SH,四方科技,专用机械,主板,SSE,半导体国产替代,半导体设备/材料,stock_basic_keyword,0.75,industry:专用机械,20250101,
20250101,603375.SH,盛景微,半导体,主板,SSE,半导体国产替代,半导体设备/材料,stock_basic_keyword,0.75,industry:半导体,20250101,
20250101,603379.SH,三美股份,化工原料,主板,SSE,半导体国产替代,半导体设备/材料,stock_basic_keyword,0.75,industry:化工原料,20250101,
20250101,603391.SH,力聚热能,专用机械,主板,SSE,半导体国产替代,半导体设备/材料,stock_basic_keyword,0.75,industry:专用机械,20250101,
20250101,603396.SH,金辰股份,专用机械,主板,SSE,半导体国产替代,半导体设备/材料,stock_basic_keyword,0.75,industry:专用机械,20250101,
20250101,603501.SH,豪威集团,半导体,主板,SSE,半导体国产替代,半导体设备/材料,stock_basic_keyword,0.75,industry:半导体,20250101,
20250101,603505.SH,金石资源,化工原料,主板,SSE,半导体国产替代,半导体设备/材料,stock_basic_keyword,0.75,industry:化工原料,20250101,
20250101,603611.SH,诺力股份,专用机械,主板,SSE,半导体国产替代,半导体设备/材料,stock_basic_keyword,0.75,industry:专用机械,20250101,
20250101,603638.SH,艾迪精密,专用机械,主板,SSE,半导体国产替代,半导体设备/材料,stock_basic_keyword,0.75,industry:专用机械,20250101,
20250101,603650.SH,彤程新材,化工原料,主板,SSE,半导体国产替代,半导体设备/材料,stock_basic_keyword,0.75,industry:化工原料,20250101,
20250101,603656.SH,泰禾智能,专用机械,主板,SSE,半导体国产替代,半导体设备/材料,stock_basic_keyword,0.75,industry:专用机械,20250101,
20250101,603659.SH,璞泰来,化工原料,主板,SSE,半导体国产替代,半导体设备/材料,stock_basic_keyword,0.75,industry:化工原料,20250101,
20250101,603666.SH,亿嘉和,专用机械,主板,SSE,半导体国产替代,半导体设备/材料,stock_basic_keyword,0.75,industry:专用机械,20250101,
20250101,603681.SH,永冠新材,化工原料,主板,SSE,半导体国产替代,半导体设备/材料,stock_basic_keyword,0.75,industry:化工原料,20250101,
20250101,603683.SH,晶华新材,化工原料,主板,SSE,半导体国产替代,半导体设备/材料,stock_basic_keyword,0.75,industry:化工原料,20250101,
20250101,603690.SH,至纯科技,半导体,主板,SSE,半导体国产替代,半导体设备/材料,stock_basic_keyword,0.75,industry:半导体,20250101,
20250101,603698.SH,航天工程,专用机械,主板,SSE,半导体国产替代,半导体设备/材料,stock_basic_keyword,0.75,industry:专用机械,20250101,
20250101,603722.SH,阿科力,化工原料,主板,SSE,半导体国产替代,半导体设备/材料,stock_basic_keyword,0.75,industry:化工原料,20250101,
20250101,603800.SH,洪田股份,专用机械,主板,SSE,半导体国产替代,半导体设备/材料,stock_basic_keyword,0.75,industry:专用机械,20250101,
20250101,603822.SH,ST嘉澳,化工原料,主板,SSE,半导体国产替代,半导体设备/材料,stock_basic_keyword,0.75,industry:化工原料,20250101,
20250101,603855.SH,华荣股份,专用机械,主板,SSE,半导体国产替代,半导体设备/材料,stock_basic_keyword,0.75,industry:专用机械,20250101,
20250101,603867.SH,新化股份,化工原料,主板,SSE,半导体国产替代,半导体设备/材料,stock_basic_keyword,0.75,industry:化工原料,20250101,
20250101,603879.SH,永悦科技,化工原料,主板,SSE,半导体国产替代,半导体设备/材料,stock_basic_keyword,0.75,industry:化工原料,20250101,
20250101,603893.SH,瑞芯微,半导体,主板,SSE,半导体国产替代,半导体设备/材料,stock_basic_keyword,0.75,industry:半导体,20250101,
20250101,603895.SH,天永智能,专用机械,主板,SSE,半导体国产替代,半导体设备/材料,stock_basic_keyword,0.75,industry:专用机械,20250101,
20250101,603901.SH,永创智能,专用机械,主板,SSE,半导体国产替代,半导体设备/材料,stock_basic_keyword,0.75,industry:专用机械,20250101,
20250101,603912.SH,佳力图,专用机械,主板,SSE,半导体国产替代,半导体设备/材料,stock_basic_keyword,0.75,industry:专用机械,20250101,
20250101,603916.SH,苏博特,化工原料,主板,SSE,半导体国产替代,半导体设备/材料,stock_basic_keyword,0.75,industry:化工原料,20250101,
20250101,603928.SH,兴业股份,化工原料,主板,SSE,半导体国产替代,半导体设备/材料,stock_basic_keyword,0.75,industry:化工原料,20250101,
20250101,603931.SH,格林达,化工原料,主板,SSE,半导体国产替代,半导体设备/材料,stock_basic_keyword,0.75,industry:化工原料,20250101,
20250101,603938.SH,三孚股份,化工原料,主板,SSE,半导体国产替代,半导体设备/材料,stock_basic_keyword,0.75,industry:化工原料,20250101,
20250101,603948.SH,建业股份,化工原料,主板,SSE,半导体国产替代,半导体设备/材料,stock_basic_keyword,0.75,industry:化工原料,20250101,
20250101,603956.SH,威派格,专用机械,主板,SSE,半导体国产替代,半导体设备/材料,stock_basic_keyword,0.75,industry:专用机械,20250101,
20250101,603966.SH,法兰泰克,专用机械,主板,SSE,半导体国产替代,半导体设备/材料,stock_basic_keyword,0.75,industry:专用机械,20250101,
20250101,603968.SH,醋化股份,化工原料,主板,SSE,半导体国产替代,半导体设备/材料,stock_basic_keyword,0.75,industry:化工原料,20250101,
20250101,603977.SH,国泰集团,化工原料,主板,SSE,半导体国产替代,半导体设备/材料,stock_basic_keyword,0.75,industry:化工原料,20250101,
20250101,603986.SH,兆易创新,半导体,主板,SSE,半导体国产替代,半导体设备/材料,stock_basic_keyword,0.75,industry:半导体,20250101,
20250101,603991.SH,至正股份,半导体,主板,SSE,半导体国产替代,半导体设备/材料,stock_basic_keyword,0.75,industry:半导体,20250101,
20250101,605020.SH,永和股份,化工原料,主板,SSE,半导体国产替代,半导体设备/材料,stock_basic_keyword,0.75,industry:化工原料,20250101,
20250101,605111.SH,新洁能,半导体,主板,SSE,半导体国产替代,半导体设备/材料,stock_basic_keyword,0.75,industry:半导体,20250101,
20250101,605183.SH,确成股份,化工原料,主板,SSE,半导体国产替代,半导体设备/材料,stock_basic_keyword,0.75,industry:化工原料,20250101,
20250101,605186.SH,健麾信息,专用机械,主板,SSE,半导体国产替代,半导体设备/材料,stock_basic_keyword,0.75,industry:专用机械,20250101,
20250101,605358.SH,立昂微,半导体,主板,SSE,半导体国产替代,半导体设备/材料,stock_basic_keyword,0.75,industry:半导体,20250101,
20250101,605366.SH,宏柏新材,化工原料,主板,SSE,半导体国产替代,半导体设备/材料,stock_basic_keyword,0.75,industry:化工原料,20250101,
20250101,605399.SH,晨光新材,化工原料,主板,SSE,半导体国产替代,半导体设备/材料,stock_basic_keyword,0.75,industry:化工原料,20250101,
20250101,605589.SH,圣泉集团,化工原料,主板,SSE,半导体国产替代,半导体设备/材料,stock_basic_keyword,0.75,industry:化工原料,20250101,
20250101,688001.SH,华兴源创,专用机械,科创板,SSE,半导体国产替代,半导体设备/材料,stock_basic_keyword,0.75,industry:专用机械,20250101,
20250101,688003.SH,天准科技,专用机械,科创板,SSE,半导体国产替代,半导体设备/材料,stock_basic_keyword,0.75,industry:专用机械,20250101,
20250101,688008.SH,澜起科技,半导体,科创板,SSE,半导体国产替代,半导体设备/材料,stock_basic_keyword,0.75,industry:半导体,20250101,
20250101,688012.SH,中微公司,半导体,科创板,SSE,半导体国产替代,半导体设备/材料,stock_basic_keyword,0.75,industry:半导体;name:中微,20250101,
20250101,688018.SH,乐鑫科技,半导体,科创板,SSE,半导体国产替代,半导体设备/材料,stock_basic_keyword,0.75,industry:半导体,20250101,
20250101,688019.SH,安集科技,半导体,科创板,SSE,半导体国产替代,半导体设备/材料,stock_basic_keyword,0.75,industry:半导体,20250101,
20250101,688022.SH,瀚川智能,专用机械,科创板,SSE,半导体国产替代,半导体设备/材料,stock_basic_keyword,0.75,industry:专用机械,20250101,
20250101,688025.SH,杰普特,专用机械,科创板,SSE,半导体国产替代,半导体设备/材料,stock_basic_keyword,0.75,industry:专用机械,20250101,
20250101,688035.SH,德邦科技,半导体,科创板,SSE,半导体国产替代,半导体设备/材料,stock_basic_keyword,0.75,industry:半导体,20250101,
20250101,688037.SH,芯源微,半导体,科创板,SSE,半导体国产替代,半导体设备/材料,stock_basic_keyword,0.75,industry:半导体;name:芯源,20250101,
20250101,688041.SH,海光信息,半导体,科创板,SSE,半导体国产替代,半导体设备/材料,stock_basic_keyword,0.75,industry:半导体,20250101,
20250101,688045.SH,必易微,半导体,科创板,SSE,半导体国产替代,半导体设备/材料,stock_basic_keyword,0.75,industry:半导体,20250101,
20250101,688047.SH,龙芯中科,半导体,科创板,SSE,半导体国产替代,半导体设备/材料,stock_basic_keyword,0.75,industry:半导体,20250101,
20250101,688048.SH,长光华芯,半导体,科创板,SSE,半导体国产替代,半导体设备/材料,stock_basic_keyword,0.75,industry:半导体,20250101,
20250101,688049.SH,炬芯科技,半导体,科创板,SSE,半导体国产替代,半导体设备/材料,stock_basic_keyword,0.75,industry:半导体,20250101,
20250101,688052.SH,纳芯微,半导体,科创板,SSE,半导体国产替代,半导体设备/材料,stock_basic_keyword,0.75,industry:半导体,20250101,
20250101,688061.SH,灿瑞科技,半导体,科创板,SSE,半导体国产替代,半导体设备/材料,stock_basic_keyword,0.75,industry:半导体,20250101,
20250101,688065.SH,凯赛生物,化工原料,科创板,SSE,半导体国产替代,半导体设备/材料,stock_basic_keyword,0.75,industry:化工原料,20250101,
20250101,688071.SH,华依科技,专用机械,科创板,SSE,半导体国产替代,半导体设备/材料,stock_basic_keyword,0.75,industry:专用机械,20250101,
20250101,688072.SH,拓荆科技,半导体,科创板,SSE,半导体国产替代,半导体设备/材料,stock_basic_keyword,0.75,industry:半导体,20250101,
20250101,688082.SH,盛美上海,半导体,科创板,SSE,半导体国产替代,半导体设备/材料,stock_basic_keyword,0.75,industry:半导体,20250101,
20250101,688084.SH,晶品特装,专用机械,科创板,SSE,半导体国产替代,半导体设备/材料,stock_basic_keyword,0.75,industry:专用机械,20250101,
20250101,688090.SH,瑞松科技,专用机械,科创板,SSE,半导体国产替代,半导体设备/材料,stock_basic_keyword,0.75,industry:专用机械,20250101,
20250101,688092.SH,爱科科技,专用机械,科创板,SSE,半导体国产替代,半导体设备/材料,stock_basic_keyword,0.75,industry:专用机械,20250101,
20250101,688093.SH,世华科技,化工原料,科创板,SSE,半导体国产替代,半导体设备/材料,stock_basic_keyword,0.75,industry:化工原料,20250101,
20250101,688097.SH,博众精工,专用机械,科创板,SSE,半导体国产替代,半导体设备/材料,stock_basic_keyword,0.75,industry:专用机械,20250101,
20250101,688099.SH,晶晨股份,半导体,科创板,SSE,半导体国产替代,半导体设备/材料,stock_basic_keyword,0.75,industry:半导体,20250101,
20250101,688106.SH,金宏气体,化工原料,科创板,SSE,半导体国产替代,半导体设备/材料,stock_basic_keyword,0.75,industry:化工原料,20250101,
20250101,688107.SH,安路科技,半导体,科创板,SSE,半导体国产替代,半导体设备/材料,stock_basic_keyword,0.75,industry:半导体,20250101,
20250101,688110.SH,东芯股份,半导体,科创板,SSE,半导体国产替代,半导体设备/材料,stock_basic_keyword,0.75,industry:半导体,20250101,
20250101,688113.SH,联测科技,专用机械,科创板,SSE,半导体国产替代,半导体设备/材料,stock_basic_keyword,0.75,industry:专用机械,20250101,
20250101,688116.SH,天奈科技,化工原料,科创板,SSE,半导体国产替代,半导体设备/材料,stock_basic_keyword,0.75,industry:化工原料,20250101,
20250101,688120.SH,华海清科,半导体,科创板,SSE,半导体国产替代,半导体设备/材料,stock_basic_keyword,0.75,industry:半导体;name:华海,20250101,
20250101,688121.SH,卓然股份,专用机械,科创板,SSE,半导体国产替代,半导体设备/材料,stock_basic_keyword,0.75,industry:专用机械,20250101,
20250101,688123.SH,聚辰股份,半导体,科创板,SSE,半导体国产替代,半导体设备/材料,stock_basic_keyword,0.75,industry:半导体,20250101,
20250101,688125.SH,安达智能,专用机械,科创板,SSE,半导体国产替代,半导体设备/材料,stock_basic_keyword,0.75,industry:专用机械,20250101,
20250101,688126.SH,沪硅产业,半导体,科创板,SSE,半导体国产替代,半导体设备/材料,stock_basic_keyword,0.75,industry:半导体,20250101,
20250101,688128.SH,中国电研,专用机械,科创板,SSE,半导体国产替代,半导体设备/材料,stock_basic_keyword,0.75,industry:专用机械,20250101,
20250101,688130.SH,晶华微,半导体,科创板,SSE,半导体国产替代,半导体设备/材料,stock_basic_keyword,0.75,industry:半导体,20250101,
20250101,688133.SH,泰坦科技,化工原料,科创板,SSE,半导体国产替代,半导体设备/材料,stock_basic_keyword,0.75,industry:化工原料,20250101,
20250101,688135.SH,利扬芯片,半导体,科创板,SSE,半导体国产替代,半导体设备/材料,stock_basic_keyword,0.75,industry:半导体,20250101,
20250101,688138.SH,清溢光电,半导体,科创板,SSE,半导体国产替代,半导体设备/材料,stock_basic_keyword,0.75,industry:半导体,20250101,
20250101,688141.SH,杰华特,半导体,科创板,SSE,半导体国产替代,半导体设备/材料,stock_basic_keyword,0.75,industry:半导体,20250101,
20250101,688146.SH,中船特气,半导体,科创板,SSE,半导体国产替代,半导体设备/材料,stock_basic_keyword,0.75,industry:半导体,20250101,
20250101,688147.SH,微导纳米,专用机械,科创板,SSE,半导体国产替代,半导体设备/材料,stock_basic_keyword,0.75,industry:专用机械,20250101,
20250101,688153.SH,唯捷创芯,半导体,科创板,SSE,半导体国产替代,半导体设备/材料,stock_basic_keyword,0.75,industry:半导体,20250101,
20250101,688162.SH,巨一科技,专用机械,科创板,SSE,半导体国产替代,半导体设备/材料,stock_basic_keyword,0.75,industry:专用机械,20250101,
20250101,688165.SH,埃夫特-U,专用机械,科创板,SSE,半导体国产替代,半导体设备/材料,stock_basic_keyword,0.75,industry:专用机械,20250101,
20250101,688170.SH,德龙激光,专用机械,科创板,SSE,半导体国产替代,半导体设备/材料,stock_basic_keyword,0.75,industry:专用机械,20250101,
20250101,688172.SH,燕东微,半导体,科创板,SSE,半导体国产替代,半导体设备/材料,stock_basic_keyword,0.75,industry:半导体,20250101,
20250101,688173.SH,希荻微,半导体,科创板,SSE,半导体国产替代,半导体设备/材料,stock_basic_keyword,0.75,industry:半导体,20250101,
20250101,688188.SH,柏楚电子,专用机械,科创板,SSE,半导体国产替代,半导体设备/材料,stock_basic_keyword,0.75,industry:专用机械,20250101,
20250101,688199.SH,久日新材,化工原料,科创板,SSE,半导体国产替代,半导体设备/材料,stock_basic_keyword,0.75,industry:化工原料,20250101,
20250101,688200.SH,华峰测控,半导体,科创板,SSE,半导体国产替代,半导体设备/材料,stock_basic_keyword,0.75,industry:半导体,20250101,
20250101,688206.SH,概伦电子,半导体,科创板,SSE,半导体国产替代,半导体设备/材料,stock_basic_keyword,0.75,industry:半导体,20250101,
20250101,688209.SH,英集芯,半导体,科创板,SSE,半导体国产替代,半导体设备/材料,stock_basic_keyword,0.75,industry:半导体,20250101,
20250101,688211.SH,中科微至,专用机械,科创板,SSE,半导体国产替代,半导体设备/材料,stock_basic_keyword,0.75,industry:专用机械,20250101,
20250101,688213.SH,思特威-W,半导体,科创板,SSE,半导体国产替代,半导体设备/材料,stock_basic_keyword,0.75,industry:半导体,20250101,
20250101,688215.SH,瑞晟智能,专用机械,科创板,SSE,半导体国产替代,半导体设备/材料,stock_basic_keyword,0.75,industry:专用机械,20250101,
20250101,688216.SH,气派科技,半导体,科创板,SSE,半导体国产替代,半导体设备/材料,stock_basic_keyword,0.75,industry:半导体,20250101,
20250101,688218.SH,江苏北人,专用机械,科创板,SSE,半导体国产替代,半导体设备/材料,stock_basic_keyword,0.75,industry:专用机械,20250101,
20250101,688220.SH,翱捷科技-U,半导体,科创板,SSE,半导体国产替代,半导体设备/材料,stock_basic_keyword,0.75,industry:半导体,20250101,
20250101,688230.SH,芯导科技,半导体,科创板,SSE,半导体国产替代,半导体设备/材料,stock_basic_keyword,0.75,industry:半导体,20250101,
20250101,688233.SH,神工股份,半导体,科创板,SSE,半导体国产替代,半导体设备/材料,stock_basic_keyword,0.75,industry:半导体,20250101,
20250101,688234.SH,天岳先进,半导体,科创板,SSE,半导体国产替代,半导体设备/材料,stock_basic_keyword,0.75,industry:半导体,20250101,
20250101,688249.SH,晶合集成,半导体,科创板,SSE,半导体国产替代,半导体设备/材料,stock_basic_keyword,0.75,industry:半导体,20250101,
20250101,688251.SH,井松智能,专用机械,科创板,SSE,半导体国产替代,半导体设备/材料,stock_basic_keyword,0.75,industry:专用机械,20250101,
20250101,688252.SH,天德钰,半导体,科创板,SSE,半导体国产替代,半导体设备/材料,stock_basic_keyword,0.75,industry:半导体,20250101,
20250101,688256.SH,寒武纪,半导体,科创板,SSE,半导体国产替代,半导体设备/材料,stock_basic_keyword,0.75,industry:半导体,20250101,
20250101,688259.SH,创耀科技,半导体,科创板,SSE,半导体国产替代,半导体设备/材料,stock_basic_keyword,0.75,industry:半导体,20250101,
20250101,688261.SH,东微半导,半导体,科创板,SSE,半导体国产替代,半导体设备/材料,stock_basic_keyword,0.75,industry:半导体,20250101,
20250101,688262.SH,国芯科技,半导体,科创板,SSE,半导体国产替代,半导体设备/材料,stock_basic_keyword,0.75,industry:半导体,20250101,
20250101,688267.SH,中触媒,化工原料,科创板,SSE,半导体国产替代,半导体设备/材料,stock_basic_keyword,0.75,industry:化工原料,20250101,
20250101,688268.SH,华特气体,化工原料,科创板,SSE,半导体国产替代,半导体设备/材料,stock_basic_keyword,0.75,industry:化工原料,20250101,
20250101,688269.SH,凯立新材,化工原料,科创板,SSE,半导体国产替代,半导体设备/材料,stock_basic_keyword,0.75,industry:化工原料,20250101,
20250101,688270.SH,臻镭科技,半导体,科创板,SSE,半导体国产替代,半导体设备/材料,stock_basic_keyword,0.75,industry:半导体,20250101,
20250101,688279.SH,峰岹科技,半导体,科创板,SSE,半导体国产替代,半导体设备/材料,stock_basic_keyword,0.75,industry:半导体,20250101,
20250101,688286.SH,敏芯股份,半导体,科创板,SSE,半导体国产替代,半导体设备/材料,stock_basic_keyword,0.75,industry:半导体,20250101,
20250101,688290.SH,景业智能,专用机械,科创板,SSE,半导体国产替代,半导体设备/材料,stock_basic_keyword,0.75,industry:专用机械,20250101,
20250101,688306.SH,均普智能,专用机械,科创板,SSE,半导体国产替代,半导体设备/材料,stock_basic_keyword,0.75,industry:专用机械,20250101,
20250101,688312.SH,燕麦科技,专用机械,科创板,SSE,半导体国产替代,半导体设备/材料,stock_basic_keyword,0.75,industry:专用机械,20250101,
20250101,688325.SH,赛微微电,半导体,科创板,SSE,半导体国产替代,半导体设备/材料,stock_basic_keyword,0.75,industry:半导体,20250101,
20250101,688328.SH,深科达,专用机械,科创板,SSE,半导体国产替代,半导体设备/材料,stock_basic_keyword,0.75,industry:专用机械,20250101,
20250101,688329.SH,艾隆科技,专用机械,科创板,SSE,半导体国产替代,半导体设备/材料,stock_basic_keyword,0.75,industry:专用机械,20250101,
20250101,688332.SH,中科蓝讯,半导体,科创板,SSE,半导体国产替代,半导体设备/材料,stock_basic_keyword,0.75,industry:半导体,20250101,
20250101,688347.SH,华虹公司,半导体,科创板,SSE,半导体国产替代,半导体设备/材料,stock_basic_keyword,0.75,industry:半导体,20250101,
20250101,688350.SH,富淼科技,化工原料,科创板,SSE,半导体国产替代,半导体设备/材料,stock_basic_keyword,0.75,industry:化工原料,20250101,
20250101,688352.SH,颀中科技,半导体,科创板,SSE,半导体国产替代,半导体设备/材料,stock_basic_keyword,0.75,industry:半导体,20250101,
20250101,688353.SH,华盛锂电,化工原料,科创板,SSE,半导体国产替代,半导体设备/材料,stock_basic_keyword,0.75,industry:化工原料,20250101,
20250101,688357.SH,建龙微纳,化工原料,科创板,SSE,半导体国产替代,半导体设备/材料,stock_basic_keyword,0.75,industry:化工原料,20250101,
20250101,688359.SH,三孚新科,化工原料,科创板,SSE,半导体国产替代,半导体设备/材料,stock_basic_keyword,0.75,industry:化工原料,20250101,
20250101,688361.SH,中科飞测,半导体,科创板,SSE,半导体国产替代,半导体设备/材料,stock_basic_keyword,0.75,industry:半导体,20250101,
20250101,688362.SH,甬矽电子,半导体,科创板,SSE,半导体国产替代,半导体设备/材料,stock_basic_keyword,0.75,industry:半导体,20250101,
20250101,688368.SH,晶丰明源,半导体,科创板,SSE,半导体国产替代,半导体设备/材料,stock_basic_keyword,0.75,industry:半导体,20250101,
20250101,688372.SH,伟测科技,半导体,科创板,SSE,半导体国产替代,半导体设备/材料,stock_basic_keyword,0.75,industry:半导体,20250101,
20250101,688376.SH,美埃科技,专用机械,科创板,SSE,半导体国产替代,半导体设备/材料,stock_basic_keyword,0.75,industry:专用机械,20250101,
20250101,688377.SH,迪威尔,专用机械,科创板,SSE,半导体国产替代,半导体设备/材料,stock_basic_keyword,0.75,industry:专用机械,20250101,
20250101,688378.SH,奥来德,专用机械,科创板,SSE,半导体国产替代,半导体设备/材料,stock_basic_keyword,0.75,industry:专用机械,20250101,
20250101,688380.SH,中微半导,半导体,科创板,SSE,半导体国产替代,半导体设备/材料,stock_basic_keyword,0.75,industry:半导体;name:中微,20250101,
20250101,688381.SH,帝奥微,半导体,科创板,SSE,半导体国产替代,半导体设备/材料,stock_basic_keyword,0.75,industry:半导体,20250101,
20250101,688383.SH,新益昌,专用机械,科创板,SSE,半导体国产替代,半导体设备/材料,stock_basic_keyword,0.75,industry:专用机械,20250101,
20250101,688385.SH,复旦微电,半导体,科创板,SSE,半导体国产替代,半导体设备/材料,stock_basic_keyword,0.75,industry:半导体,20250101,
20250101,688386.SH,泛亚微透,化工原料,科创板,SSE,半导体国产替代,半导体设备/材料,stock_basic_keyword,0.75,industry:化工原料,20250101,
20250101,688391.SH,钜泉科技,半导体,科创板,SSE,半导体国产替代,半导体设备/材料,stock_basic_keyword,0.75,industry:半导体,20250101,
20250101,688392.SH,骄成超声,专用机械,科创板,SSE,半导体国产替代,半导体设备/材料,stock_basic_keyword,0.75,industry:专用机械,20250101,
20250101,688396.SH,华润微,半导体,科创板,SSE,半导体国产替代,半导体设备/材料,stock_basic_keyword,0.75,industry:半导体,20250101,
20250101,688400.SH,凌云光,专用机械,科创板,SSE,半导体国产替代,半导体设备/材料,stock_basic_keyword,0.75,industry:专用机械,20250101,
20250101,688401.SH,路维光电,半导体,科创板,SSE,半导体国产替代,半导体设备/材料,stock_basic_keyword,0.75,industry:半导体,20250101,
20250101,688403.SH,汇成股份,半导体,科创板,SSE,半导体国产替代,半导体设备/材料,stock_basic_keyword,0.75,industry:半导体,20250101,
20250101,688409.SH,富创精密,半导体,科创板,SSE,半导体国产替代,半导体设备/材料,stock_basic_keyword,0.75,industry:半导体,20250101,
20250101,688416.SH,恒烁股份,半导体,科创板,SSE,半导体国产替代,半导体设备/材料,stock_basic_keyword,0.75,industry:半导体,20250101,
20250101,688419.SH,耐科装备,半导体,科创板,SSE,半导体国产替代,半导体设备/材料,stock_basic_keyword,0.75,industry:半导体,20250101,
20250101,688420.SH,美腾科技,专用机械,科创板,SSE,半导体国产替代,半导体设备/材料,stock_basic_keyword,0.75,industry:专用机械,20250101,
20250101,688432.SH,有研硅,半导体,科创板,SSE,半导体国产替代,半导体设备/材料,stock_basic_keyword,0.75,industry:半导体,20250101,
20250101,688433.SH,华曙高科,专用机械,科创板,SSE,半导体国产替代,半导体设备/材料,stock_basic_keyword,0.75,industry:专用机械,20250101,
20250101,688448.SH,磁谷科技,专用机械,科创板,SSE,半导体国产替代,半导体设备/材料,stock_basic_keyword,0.75,industry:专用机械,20250101,
20250101,688449.SH,联芸科技,半导体,科创板,SSE,半导体国产替代,半导体设备/材料,stock_basic_keyword,0.75,industry:半导体,20250101,
20250101,688458.SH,美芯晟,半导体,科创板,SSE,半导体国产替代,半导体设备/材料,stock_basic_keyword,0.75,industry:半导体,20250101,
20250101,688469.SH,芯联集成-U,半导体,科创板,SSE,半导体国产替代,半导体设备/材料,stock_basic_keyword,0.75,industry:半导体,20250101,
20250101,688478.SH,晶升股份,半导体,科创板,SSE,半导体国产替代,半导体设备/材料,stock_basic_keyword,0.75,industry:半导体,20250101,
20250101,688484.SH,南芯科技,半导体,科创板,SSE,半导体国产替代,半导体设备/材料,stock_basic_keyword,0.75,industry:半导体,20250101,
20250101,688486.SH,龙迅股份,半导体,科创板,SSE,半导体国产替代,半导体设备/材料,stock_basic_keyword,0.75,industry:半导体,20250101,
20250101,688498.SH,源杰科技,半导体,科创板,SSE,半导体国产替代,半导体设备/材料,stock_basic_keyword,0.75,industry:半导体,20250101,
20250101,688499.SH,利元亨,专用机械,科创板,SSE,半导体国产替代,半导体设备/材料,stock_basic_keyword,0.75,industry:专用机械,20250101,
20250101,688508.SH,芯朋微,半导体,科创板,SSE,半导体国产替代,半导体设备/材料,stock_basic_keyword,0.75,industry:半导体,20250101,
20250101,688512.SH,慧智微-U,半导体,科创板,SSE,半导体国产替代,半导体设备/材料,stock_basic_keyword,0.75,industry:半导体,20250101,
20250101,688515.SH,裕太微-U,半导体,科创板,SSE,半导体国产替代,半导体设备/材料,stock_basic_keyword,0.75,industry:半导体,20250101,
20250101,688516.SH,奥特维,专用机械,科创板,SSE,半导体国产替代,半导体设备/材料,stock_basic_keyword,0.75,industry:专用机械,20250101,
20250101,688518.SH,联赢激光,专用机械,科创板,SSE,半导体国产替代,半导体设备/材料,stock_basic_keyword,0.75,industry:专用机械,20250101,
20250101,688521.SH,芯原股份,半导体,科创板,SSE,半导体国产替代,半导体设备/材料,stock_basic_keyword,0.75,industry:半导体,20250101,
20250101,688525.SH,佰维存储,半导体,科创板,SSE,半导体国产替代,半导体设备/材料,stock_basic_keyword,0.75,industry:半导体,20250101,
20250101,688529.SH,豪森智能,专用机械,科创板,SSE,半导体国产替代,半导体设备/材料,stock_basic_keyword,0.75,industry:专用机械,20250101,
20250101,688530.SH,欧莱新材,半导体,科创板,SSE,半导体国产替代,半导体设备/材料,stock_basic_keyword,0.75,industry:半导体,20250101,
20250101,688531.SH,日联科技,专用机械,科创板,SSE,半导体国产替代,半导体设备/材料,stock_basic_keyword,0.75,industry:专用机械,20250101,
20250101,688535.SH,华海诚科,半导体,科创板,SSE,半导体国产替代,半导体设备/材料,stock_basic_keyword,0.75,industry:半导体;name:华海,20250101,
20250101,688536.SH,思瑞浦,半导体,科创板,SSE,半导体国产替代,半导体设备/材料,stock_basic_keyword,0.75,industry:半导体,20250101,
20250101,688538.SH,和辉光电-U,半导体,科创板,SSE,半导体国产替代,半导体设备/材料,stock_basic_keyword,0.75,industry:半导体,20250101,
20250101,688543.SH,国科军工,专用机械,科创板,SSE,半导体国产替代,半导体设备/材料,stock_basic_keyword,0.75,industry:专用机械,20250101,
20250101,688548.SH,广钢气体,化工原料,科创板,SSE,半导体国产替代,半导体设备/材料,stock_basic_keyword,0.75,industry:化工原料,20250101,
20250101,688550.SH,瑞联新材,化工原料,科创板,SSE,半导体国产替代,半导体设备/材料,stock_basic_keyword,0.75,industry:化工原料,20250101,
20250101,688551.SH,科威尔,专用机械,科创板,SSE,半导体国产替代,半导体设备/材料,stock_basic_keyword,0.75,industry:专用机械,20250101,
20250101,688556.SH,高测股份,专用机械,科创板,SSE,半导体国产替代,半导体设备/材料,stock_basic_keyword,0.75,industry:专用机械,20250101,
20250101,688557.SH,兰剑智能,专用机械,科创板,SSE,半导体国产替代,半导体设备/材料,stock_basic_keyword,0.75,industry:专用机械,20250101,
20250101,688559.SH,海目星,专用机械,科创板,SSE,半导体国产替代,半导体设备/材料,stock_basic_keyword,0.75,industry:专用机械,20250101,
20250101,688570.SH,天玛智控,专用机械,科创板,SSE,半导体国产替代,半导体设备/材料,stock_basic_keyword,0.75,industry:专用机械,20250101,
20250101,688573.SH,信宇人,专用机械,科创板,SSE,半导体国产替代,半导体设备/材料,stock_basic_keyword,0.75,industry:专用机械,20250101,
20250101,688584.SH,上海合晶,半导体,科创板,SSE,半导体国产替代,半导体设备/材料,stock_basic_keyword,0.75,industry:半导体,20250101,
20250101,688585.SH,上纬新材,化工原料,科创板,SSE,半导体国产替代,半导体设备/材料,stock_basic_keyword,0.75,industry:化工原料,20250101,
20250101,688589.SH,力合微,半导体,科创板,SSE,半导体国产替代,半导体设备/材料,stock_basic_keyword,0.75,industry:半导体,20250101,
20250101,688591.SH,泰凌微,半导体,科创板,SSE,半导体国产替代,半导体设备/材料,stock_basic_keyword,0.75,industry:半导体,20250101,
20250101,688593.SH,新相微,半导体,科创板,SSE,半导体国产替代,半导体设备/材料,stock_basic_keyword,0.75,industry:半导体,20250101,
20250101,688595.SH,芯海科技,半导体,科创板,SSE,半导体国产替代,半导体设备/材料,stock_basic_keyword,0.75,industry:半导体,20250101,
20250101,688596.SH,正帆科技,专用机械,科创板,SSE,半导体国产替代,半导体设备/材料,stock_basic_keyword,0.75,industry:专用机械,20250101,
20250101,688601.SH,力芯微,半导体,科创板,SSE,半导体国产替代,半导体设备/材料,stock_basic_keyword,0.75,industry:半导体,20250101,
20250101,688602.SH,康鹏科技,化工原料,科创板,SSE,半导体国产替代,半导体设备/材料,stock_basic_keyword,0.75,industry:化工原料,20250101,
20250101,688603.SH,天承科技,化工原料,科创板,SSE,半导体国产替代,半导体设备/材料,stock_basic_keyword,0.75,industry:化工原料,20250101,
20250101,688605.SH,先锋精科,半导体,科创板,SSE,半导体国产替代,半导体设备/材料,stock_basic_keyword,0.75,industry:半导体,20250101,
20250101,688608.SH,恒玄科技,半导体,科创板,SSE,半导体国产替代,半导体设备/材料,stock_basic_keyword,0.75,industry:半导体,20250101,
20250101,688620.SH,安凯微,半导体,科创板,SSE,半导体国产替代,半导体设备/材料,stock_basic_keyword,0.75,industry:半导体,20250101,
20250101,688623.SH,双元科技,专用机械,科创板,SSE,半导体国产替代,半导体设备/材料,stock_basic_keyword,0.75,industry:专用机械,20250101,
20250101,688625.SH,呈和科技,化工原料,科创板,SSE,半导体国产替代,半导体设备/材料,stock_basic_keyword,0.75,industry:化工原料,20250101,
20250101,688627.SH,精智达,专用机械,科创板,SSE,半导体国产替代,半导体设备/材料,stock_basic_keyword,0.75,industry:专用机械,20250101,
20250101,688630.SH,芯碁微装,专用机械,科创板,SSE,半导体国产替代,半导体设备/材料,stock_basic_keyword,0.75,industry:专用机械,20250101,
20250101,688633.SH,星球石墨,专用机械,科创板,SSE,半导体国产替代,半导体设备/材料,stock_basic_keyword,0.75,industry:专用机械,20250101,
20250101,688638.SH,誉辰智能,专用机械,科创板,SSE,半导体国产替代,半导体设备/材料,stock_basic_keyword,0.75,industry:专用机械,20250101,
20250101,688646.SH,ST逸飞,专用机械,科创板,SSE,半导体国产替代,半导体设备/材料,stock_basic_keyword,0.75,industry:专用机械,20250101,
20250101,688652.SH,京仪装备,半导体,科创板,SSE,半导体国产替代,半导体设备/材料,stock_basic_keyword,0.75,industry:半导体,20250101,
20250101,688653.SH,康希通信,半导体,科创板,SSE,半导体国产替代,半导体设备/材料,stock_basic_keyword,0.75,industry:半导体,20250101,
20250101,688669.SH,聚石化学,化工原料,科创板,SSE,半导体国产替代,半导体设备/材料,stock_basic_keyword,0.75,industry:化工原料,20250101,
20250101,688689.SH,银河微电,半导体,科创板,SSE,半导体国产替代,半导体设备/材料,stock_basic_keyword,0.75,industry:半导体,20250101,
20250101,688690.SH,纳微科技,化工原料,科创板,SSE,半导体国产替代,半导体设备/材料,stock_basic_keyword,0.75,industry:化工原料,20250101,
20250101,688691.SH,灿芯股份,半导体,科创板,SSE,半导体国产替代,半导体设备/材料,stock_basic_keyword,0.75,industry:半导体,20250101,
20250101,688693.SH,锴威特,半导体,科创板,SSE,半导体国产替代,半导体设备/材料,stock_basic_keyword,0.75,industry:半导体,20250101,
20250101,688699.SH,明微电子,半导体,科创板,SSE,半导体国产替代,半导体设备/材料,stock_basic_keyword,0.75,industry:半导体,20250101,
20250101,688700.SH,东威科技,专用机械,科创板,SSE,半导体国产替代,半导体设备/材料,stock_basic_keyword,0.75,industry:专用机械,20250101,
20250101,688702.SH,盛科通信-U,半导体,科创板,SSE,半导体国产替代,半导体设备/材料,stock_basic_keyword,0.75,industry:半导体,20250101,
20250101,688708.SH,佳驰科技,化工原料,科创板,SSE,半导体国产替代,半导体设备/材料,stock_basic_keyword,0.75,industry:化工原料,20250101,
20250101,688709.SH,成都华微,半导体,科创板,SSE,半导体国产替代,半导体设备/材料,stock_basic_keyword,0.75,industry:半导体,20250101,
20250101,688711.SH,宏微科技,半导体,科创板,SSE,半导体国产替代,半导体设备/材料,stock_basic_keyword,0.75,industry:半导体,20250101,
20250101,688716.SH,中研股份,化工原料,科创板,SSE,半导体国产替代,半导体设备/材料,stock_basic_keyword,0.75,industry:化工原料,20250101,
20250101,688720.SH,艾森股份,半导体,科创板,SSE,半导体国产替代,半导体设备/材料,stock_basic_keyword,0.75,industry:半导体,20250101,
20250101,688721.SH,龙图光罩,半导体,科创板,SSE,半导体国产替代,半导体设备/材料,stock_basic_keyword,0.75,industry:半导体,20250101,
20250101,688726.SH,拉普拉斯,专用机械,科创板,SSE,半导体国产替代,半导体设备/材料,stock_basic_keyword,0.75,industry:专用机械,20250101,
20250101,688728.SH,格科微,半导体,科创板,SSE,半导体国产替代,半导体设备/材料,stock_basic_keyword,0.75,industry:半导体,20250101,
20250101,688766.SH,普冉股份,半导体,科创板,SSE,半导体国产替代,半导体设备/材料,stock_basic_keyword,0.75,industry:半导体,20250101,
20250101,688777.SH,中控技术,专用机械,科创板,SSE,半导体国产替代,半导体设备/材料,stock_basic_keyword,0.75,industry:专用机械,20250101,
20250101,688789.SH,宏华数科,专用机械,科创板,SSE,半导体国产替代,半导体设备/材料,stock_basic_keyword,0.75,industry:专用机械,20250101,
20250101,688798.SH,艾为电子,半导体,科创板,SSE,半导体国产替代,半导体设备/材料,stock_basic_keyword,0.75,industry:半导体,20250101,
20250101,688981.SH,中芯国际,半导体,科创板,SSE,半导体国产替代,半导体设备/材料,stock_basic_keyword,0.75,industry:半导体,20250101,
20250101,920014.BJ,特瑞斯,专用机械,北交所,BSE,半导体国产替代,半导体设备/材料,stock_basic_keyword,0.75,industry:专用机械,20250101,
20250101,920033.BJ,康普化学,化工原料,北交所,BSE,半导体国产替代,半导体设备/材料,stock_basic_keyword,0.75,industry:化工原料,20250101,
20250101,920061.BJ,西磁科技,专用机械,北交所,BSE,半导体国产替代,半导体设备/材料,stock_basic_keyword,0.75,industry:专用机械,20250101,
20250101,920139.BJ,华岭股份,半导体,北交所,BSE,半导体国产替代,半导体设备/材料,stock_basic_keyword,0.75,industry:半导体,20250101,
20250101,920175.BJ,东方碳素,化工原料,北交所,BSE,半导体国产替代,半导体设备/材料,stock_basic_keyword,0.75,industry:化工原料,20250101,
20250101,920185.BJ,贝特瑞,化工原料,北交所,BSE,半导体国产替代,半导体设备/材料,stock_basic_keyword,0.75,industry:化工原料,20250101,
20250101,920260.BJ,中寰股份,专用机械,北交所,BSE,半导体国产替代,半导体设备/材料,stock_basic_keyword,0.75,industry:专用机械,20250101,
20250101,920261.BJ,一诺威,化工原料,北交所,BSE,半导体国产替代,半导体设备/材料,stock_basic_keyword,0.75,industry:化工原料,20250101,
20250101,920284.BJ,灵鸽科技,专用机械,北交所,BSE,半导体国产替代,半导体设备/材料,stock_basic_keyword,0.75,industry:专用机械,20250101,
20250101,920304.BJ,迪尔化工,化工原料,北交所,BSE,半导体国产替代,半导体设备/材料,stock_basic_keyword,0.75,industry:化工原料,20250101,
20250101,920368.BJ,连城数控,专用机械,北交所,BSE,半导体国产替代,半导体设备/材料,stock_basic_keyword,0.75,industry:专用机械,20250101,
20250101,920402.BJ,硅烷科技,化工原料,北交所,BSE,半导体国产替代,半导体设备/材料,stock_basic_keyword,0.75,industry:化工原料,20250101,
20250101,920425.BJ,乐创技术,专用机械,北交所,BSE,半导体国产替代,半导体设备/材料,stock_basic_keyword,0.75,industry:专用机械,20250101,
20250101,920455.BJ,汇隆活塞,专用机械,北交所,BSE,半导体国产替代,半导体设备/材料,stock_basic_keyword,0.75,industry:专用机械,20250101,
20250101,920471.BJ,美邦科技,化工原料,北交所,BSE,半导体国产替代,半导体设备/材料,stock_basic_keyword,0.75,industry:化工原料,20250101,
20250101,920475.BJ,三友科技,专用机械,北交所,BSE,半导体国产替代,半导体设备/材料,stock_basic_keyword,0.75,industry:专用机械,20250101,
20250101,920489.BJ,佳先股份,化工原料,北交所,BSE,半导体国产替代,半导体设备/材料,stock_basic_keyword,0.75,industry:化工原料,20250101,
20250101,920519.BJ,万德股份,化工原料,北交所,BSE,半导体国产替代,半导体设备/材料,stock_basic_keyword,0.75,industry:化工原料,20250101,
20250101,920522.BJ,纳科诺尔,专用机械,北交所,BSE,半导体国产替代,半导体设备/材料,stock_basic_keyword,0.75,industry:专用机械,20250101,
20250101,920526.BJ,凯华材料,化工原料,北交所,BSE,半导体国产替代,半导体设备/材料,stock_basic_keyword,0.75,industry:化工原料,20250101,
20250101,920527.BJ,夜光明,化工原料,北交所,BSE,半导体国产替代,半导体设备/材料,stock_basic_keyword,0.75,industry:化工原料,20250101,
20250101,920553.BJ,凯腾精工,专用机械,北交所,BSE,半导体国产替代,半导体设备/材料,stock_basic_keyword,0.75,industry:专用机械,20250101,
20250101,920578.BJ,巨能股份,专用机械,北交所,BSE,半导体国产替代,半导体设备/材料,stock_basic_keyword,0.75,industry:专用机械,20250101,
20250101,920689.BJ,克莱特,专用机械,北交所,BSE,半导体国产替代,半导体设备/材料,stock_basic_keyword,0.75,industry:专用机械,20250101,
20250101,920703.BJ,广厦环能,专用机械,北交所,BSE,半导体国产替代,半导体设备/材料,stock_basic_keyword,0.75,industry:专用机械,20250101,
20250101,920717.BJ,瑞星股份,专用机械,北交所,BSE,半导体国产替代,半导体设备/材料,stock_basic_keyword,0.75,industry:专用机械,20250101,
20250101,920719.BJ,宁新新材,化工原料,北交所,BSE,半导体国产替代,半导体设备/材料,stock_basic_keyword,0.75,industry:化工原料,20250101,
20250101,920781.BJ,瑞奇智造,专用机械,北交所,BSE,半导体国产替代,半导体设备/材料,stock_basic_keyword,0.75,industry:专用机械,20250101,
20250101,920810.BJ,春光智能,专用机械,北交所,BSE,半导体国产替代,半导体设备/材料,stock_basic_keyword,0.75,industry:专用机械,20250101,
20250101,920832.BJ,齐鲁华信,化工原料,北交所,BSE,半导体国产替代,半导体设备/材料,stock_basic_keyword,0.75,industry:化工原料,20250101,
20250101,920856.BJ,浩淼科技,专用机械,北交所,BSE,半导体国产替代,半导体设备/材料,stock_basic_keyword,0.75,industry:专用机械,20250101,
20250101,920957.BJ,汉维科技,化工原料,北交所,BSE,半导体国产替代,半导体设备/材料,stock_basic_keyword,0.75,industry:化工原料,20250101,
20250101,920971.BJ,天马新材,化工原料,北交所,BSE,半导体国产替代,半导体设备/材料,stock_basic_keyword,0.75,industry:化工原料,20250101,
20250101,920974.BJ,凯大催化,化工原料,北交所,BSE,半导体国产替代,半导体设备/材料,stock_basic_keyword,0.75,industry:化工原料,20250101,
20250101,000020.SZ,深华发Ａ,元器件,主板,SZSE,半导体国产替代,存储/HBM/先进封装,stock_basic_keyword,0.7,industry:元器件,20250101,
20250101,000021.SZ,深科技,元器件,主板,SZSE,半导体国产替代,存储/HBM/先进封装,stock_basic_keyword,0.7,industry:元器件;name:深科技,20250101,
20250101,000045.SZ,深纺织Ａ,元器件,主板,SZSE,半导体国产替代,存储/HBM/先进封装,stock_basic_keyword,0.7,industry:元器件,20250101,
20250101,000050.SZ,深天马Ａ,元器件,主板,SZSE,半导体国产替代,存储/HBM/先进封装,stock_basic_keyword,0.7,industry:元器件,20250101,
20250101,000062.SZ,深圳华强,元器件,主板,SZSE,半导体国产替代,存储/HBM/先进封装,stock_basic_keyword,0.7,industry:元器件,20250101,
20250101,000066.SZ,中国长城,IT设备,主板,SZSE,半导体国产替代,存储/HBM/先进封装,stock_basic_keyword,0.7,industry:IT设备,20250101,
20250101,000100.SZ,TCL科技,元器件,主板,SZSE,半导体国产替代,存储/HBM/先进封装,stock_basic_keyword,0.7,industry:元器件,20250101,
20250101,000428.SZ,华天酒店,酒店餐饮,主板,SZSE,半导体国产替代,存储/HBM/先进封装,stock_basic_keyword,0.7,name:华天,20250101,
20250101,000509.SZ,华塑控股,元器件,主板,SZSE,半导体国产替代,存储/HBM/先进封装,stock_basic_keyword,0.7,industry:元器件,20250101,
20250101,000536.SZ,华映科技,元器件,主板,SZSE,半导体国产替代,存储/HBM/先进封装,stock_basic_keyword,0.7,industry:元器件,20250101,
20250101,000636.SZ,风华高科,元器件,主板,SZSE,半导体国产替代,存储/HBM/先进封装,stock_basic_keyword,0.7,industry:元器件,20250101,
20250101,000670.SZ,盈方微,元器件,主板,SZSE,半导体国产替代,存储/HBM/先进封装,stock_basic_keyword,0.7,industry:元器件,20250101,
20250101,000725.SZ,京东方Ａ,元器件,主板,SZSE,半导体国产替代,存储/HBM/先进封装,stock_basic_keyword,0.7,industry:元器件,20250101,
20250101,000727.SZ,冠捷科技,元器件,主板,SZSE,半导体国产替代,存储/HBM/先进封装,stock_basic_keyword,0.7,industry:元器件,20250101,
20250101,000733.SZ,振华科技,元器件,主板,SZSE,半导体国产替代,存储/HBM/先进封装,stock_basic_keyword,0.7,industry:元器件,20250101,
20250101,000823.SZ,超声电子,元器件,主板,SZSE,半导体国产替代,存储/HBM/先进封装,stock_basic_keyword,0.7,industry:元器件,20250101,
20250101,000938.SZ,紫光股份,IT设备,主板,SZSE,半导体国产替代,存储/HBM/先进封装,stock_basic_keyword,0.7,industry:IT设备,20250101,
20250101,000977.SZ,浪潮信息,IT设备,主板,SZSE,半导体国产替代,存储/HBM/先进封装,stock_basic_keyword,0.7,industry:IT设备,20250101,
20250101,000997.SZ,新大陆,IT设备,主板,SZSE,半导体国产替代,存储/HBM/先进封装,stock_basic_keyword,0.7,industry:IT设备,20250101,
20250101,001229.SZ,魅视科技,IT设备,主板,SZSE,半导体国产替代,存储/HBM/先进封装,stock_basic_keyword,0.7,industry:IT设备,20250101,
20250101,001270.SZ,*ST铖昌,半导体,主板,SZSE,半导体国产替代,存储/HBM/先进封装,stock_basic_keyword,0.7,industry:半导体,20250101,
20250101,001287.SZ,中电港,元器件,主板,SZSE,半导体国产替代,存储/HBM/先进封装,stock_basic_keyword,0.7,industry:元器件,20250101,
20250101,001298.SZ,好上好,元器件,主板,SZSE,半导体国产替代,存储/HBM/先进封装,stock_basic_keyword,0.7,industry:元器件,20250101,
20250101,001308.SZ,康冠科技,元器件,主板,SZSE,半导体国产替代,存储/HBM/先进封装,stock_basic_keyword,0.7,industry:元器件,20250101,
20250101,001309.SZ,德明利,半导体,主板,SZSE,半导体国产替代,存储/HBM/先进封装,stock_basic_keyword,0.7,industry:半导体,20250101,
20250101,001314.SZ,亿道信息,元器件,主板,SZSE,半导体国产替代,存储/HBM/先进封装,stock_basic_keyword,0.7,industry:元器件,20250101,
20250101,001339.SZ,智微智能,IT设备,主板,SZSE,半导体国产替代,存储/HBM/先进封装,stock_basic_keyword,0.7,industry:IT设备,20250101,
20250101,001373.SZ,翔腾新材,元器件,主板,SZSE,半导体国产替代,存储/HBM/先进封装,stock_basic_keyword,0.7,industry:元器件,20250101,
20250101,001389.SZ,广合科技,元器件,主板,SZSE,半导体国产替代,存储/HBM/先进封装,stock_basic_keyword,0.7,industry:元器件,20250101,
20250101,002025.SZ,航天电器,元器件,主板,SZSE,半导体国产替代,存储/HBM/先进封装,stock_basic_keyword,0.7,industry:元器件,20250101,
20250101,002036.SZ,联创电子,元器件,主板,SZSE,半导体国产替代,存储/HBM/先进封装,stock_basic_keyword,0.7,industry:元器件,20250101,
20250101,002045.SZ,国光电器,元器件,主板,SZSE,半导体国产替代,存储/HBM/先进封装,stock_basic_keyword,0.7,industry:元器件,20250101,
20250101,002049.SZ,紫光国微,半导体,主板,SZSE,半导体国产替代,存储/HBM/先进封装,stock_basic_keyword,0.7,industry:半导体,20250101,
20250101,002055.SZ,ST得润,元器件,主板,SZSE,半导体国产替代,存储/HBM/先进封装,stock_basic_keyword,0.7,industry:元器件,20250101,
20250101,002077.SZ,大港股份,半导体,主板,SZSE,半导体国产替代,存储/HBM/先进封装,stock_basic_keyword,0.7,industry:半导体,20250101,
20250101,002106.SZ,莱宝高科,元器件,主板,SZSE,半导体国产替代,存储/HBM/先进封装,stock_basic_keyword,0.7,industry:元器件,20250101,
20250101,002119.SZ,康强电子,半导体,主板,SZSE,半导体国产替代,存储/HBM/先进封装,stock_basic_keyword,0.7,industry:半导体,20250101,
20250101,002134.SZ,天津普林,元器件,主板,SZSE,半导体国产替代,存储/HBM/先进封装,stock_basic_keyword,0.7,industry:元器件,20250101,
20250101,002137.SZ,实益达,元器件,主板,SZSE,半导体国产替代,存储/HBM/先进封装,stock_basic_keyword,0.7,industry:元器件,20250101,
20250101,002138.SZ,顺络电子,元器件,主板,SZSE,半导体国产替代,存储/HBM/先进封装,stock_basic_keyword,0.7,industry:元器件,20250101,
20250101,002139.SZ,拓邦股份,元器件,主板,SZSE,半导体国产替代,存储/HBM/先进封装,stock_basic_keyword,0.7,industry:元器件,20250101,
20250101,002152.SZ,广电运通,IT设备,主板,SZSE,半导体国产替代,存储/HBM/先进封装,stock_basic_keyword,0.7,industry:IT设备,20250101,
20250101,002156.SZ,通富微电,半导体,主板,SZSE,半导体国产替代,存储/HBM/先进封装,stock_basic_keyword,0.7,industry:半导体;name:通富,20250101,
20250101,002179.SZ,中航光电,元器件,主板,SZSE,半导体国产替代,存储/HBM/先进封装,stock_basic_keyword,0.7,industry:元器件,20250101,
20250101,002180.SZ,纳思达,IT设备,主板,SZSE,半导体国产替代,存储/HBM/先进封装,stock_basic_keyword,0.7,industry:IT设备,20250101,
20250101,002185.SZ,华天科技,半导体,主板,SZSE,半导体国产替代,存储/HBM/先进封装,stock_basic_keyword,0.7,industry:半导体;name:华天,20250101,
20250101,002189.SZ,中光学,元器件,主板,SZSE,半导体国产替代,存储/HBM/先进封装,stock_basic_keyword,0.7,industry:元器件,20250101,
20250101,002197.SZ,证通电子,IT设备,主板,SZSE,半导体国产替代,存储/HBM/先进封装,stock_basic_keyword,0.7,industry:IT设备,20250101,
20250101,002199.SZ,*ST东晶,元器件,主板,SZSE,半导体国产替代,存储/HBM/先进封装,stock_basic_keyword,0.7,industry:元器件,20250101,
20250101,002213.SZ,大为股份,半导体,主板,SZSE,半导体国产替代,存储/HBM/先进封装,stock_basic_keyword,0.7,industry:半导体,20250101,
20250101,002217.SZ,合力泰,元器件,主板,SZSE,半导体国产替代,存储/HBM/先进封装,stock_basic_keyword,0.7,industry:元器件,20250101,
20250101,002222.SZ,福晶科技,元器件,主板,SZSE,半导体国产替代,存储/HBM/先进封装,stock_basic_keyword,0.7,industry:元器件,20250101,
20250101,002236.SZ,大华股份,IT设备,主板,SZSE,半导体国产替代,存储/HBM/先进封装,stock_basic_keyword,0.7,industry:IT设备,20250101,
20250101,002241.SZ,歌尔股份,元器件,主板,SZSE,半导体国产替代,存储/HBM/先进封装,stock_basic_keyword,0.7,industry:元器件,20250101,
20250101,002268.SZ,电科网安,IT设备,主板,SZSE,半导体国产替代,存储/HBM/先进封装,stock_basic_keyword,0.7,industry:IT设备,20250101,
20250101,002273.SZ,水晶光电,元器件,主板,SZSE,半导体国产替代,存储/HBM/先进封装,stock_basic_keyword,0.7,industry:元器件,20250101,
20250101,002289.SZ,*ST宇顺,元器件,主板,SZSE,半导体国产替代,存储/HBM/先进封装,stock_basic_keyword,0.7,industry:元器件,20250101,
20250101,002351.SZ,漫步者,IT设备,主板,SZSE,半导体国产替代,存储/HBM/先进封装,stock_basic_keyword,0.7,industry:IT设备,20250101,
20250101,002371.SZ,北方华创,半导体,主板,SZSE,半导体国产替代,存储/HBM/先进封装,stock_basic_keyword,0.7,industry:半导体,20250101,
20250101,002376.SZ,新北洋,IT设备,主板,SZSE,半导体国产替代,存储/HBM/先进封装,stock_basic_keyword,0.7,industry:IT设备,20250101,
20250101,002384.SZ,东山精密,元器件,主板,SZSE,半导体国产替代,存储/HBM/先进封装,stock_basic_keyword,0.7,industry:元器件,20250101,
20250101,002387.SZ,维信诺,元器件,主板,SZSE,半导体国产替代,存储/HBM/先进封装,stock_basic_keyword,0.7,industry:元器件,20250101,
20250101,002388.SZ,新亚制程,元器件,主板,SZSE,半导体国产替代,存储/HBM/先进封装,stock_basic_keyword,0.7,industry:元器件,20250101,
20250101,002402.SZ,和而泰,元器件,主板,SZSE,半导体国产替代,存储/HBM/先进封装,stock_basic_keyword,0.7,industry:元器件,20250101,
20250101,002409.SZ,雅克科技,半导体,主板,SZSE,半导体国产替代,存储/HBM/先进封装,stock_basic_keyword,0.7,industry:半导体,20250101,
20250101,002415.SZ,海康威视,IT设备,主板,SZSE,半导体国产替代,存储/HBM/先进封装,stock_basic_keyword,0.7,industry:IT设备,20250101,
20250101,002426.SZ,胜利精密,元器件,主板,SZSE,半导体国产替代,存储/HBM/先进封装,stock_basic_keyword,0.7,industry:元器件,20250101,
20250101,002436.SZ,兴森科技,元器件,主板,SZSE,半导体国产替代,存储/HBM/先进封装,stock_basic_keyword,0.7,industry:元器件,20250101,
20250101,002449.SZ,国星光电,半导体,主板,SZSE,半导体国产替代,存储/HBM/先进封装,stock_basic_keyword,0.7,industry:半导体,20250101,
20250101,002456.SZ,欧菲光,元器件,主板,SZSE,半导体国产替代,存储/HBM/先进封装,stock_basic_keyword,0.7,industry:元器件,20250101,
20250101,002463.SZ,沪电股份,元器件,主板,SZSE,半导体国产替代,存储/HBM/先进封装,stock_basic_keyword,0.7,industry:元器件,20250101,
20250101,002475.SZ,立讯精密,元器件,主板,SZSE,半导体国产替代,存储/HBM/先进封装,stock_basic_keyword,0.7,industry:元器件,20250101,
20250101,002484.SZ,江海股份,元器件,主板,SZSE,半导体国产替代,存储/HBM/先进封装,stock_basic_keyword,0.7,industry:元器件,20250101,
20250101,002512.SZ,ST达华,IT设备,主板,SZSE,半导体国产替代,存储/HBM/先进封装,stock_basic_keyword,0.7,industry:IT设备,20250101,
20250101,002528.SZ,ST英飞拓,IT设备,主板,SZSE,半导体国产替代,存储/HBM/先进封装,stock_basic_keyword,0.7,industry:IT设备,20250101,
20250101,002552.SZ,宝鼎科技,元器件,主板,SZSE,半导体国产替代,存储/HBM/先进封装,stock_basic_keyword,0.7,industry:元器件,20250101,
20250101,002577.SZ,雷柏科技,IT设备,主板,SZSE,半导体国产替代,存储/HBM/先进封装,stock_basic_keyword,0.7,industry:IT设备,20250101,
20250101,002579.SZ,中京电子,元器件,主板,SZSE,半导体国产替代,存储/HBM/先进封装,stock_basic_keyword,0.7,industry:元器件,20250101,
20250101,002587.SZ,奥拓电子,元器件,主板,SZSE,半导体国产替代,存储/HBM/先进封装,stock_basic_keyword,0.7,industry:元器件,20250101,
20250101,002600.SZ,领益智造,元器件,主板,SZSE,半导体国产替代,存储/HBM/先进封装,stock_basic_keyword,0.7,industry:元器件,20250101,
20250101,002635.SZ,安洁科技,元器件,主板,SZSE,半导体国产替代,存储/HBM/先进封装,stock_basic_keyword,0.7,industry:元器件,20250101,
20250101,002636.SZ,金安国纪,元器件,主板,SZSE,半导体国产替代,存储/HBM/先进封装,stock_basic_keyword,0.7,industry:元器件,20250101,
20250101,002655.SZ,共达电声,元器件,主板,SZSE,半导体国产替代,存储/HBM/先进封装,stock_basic_keyword,0.7,industry:元器件,20250101,
20250101,002681.SZ,奋达科技,元器件,主板,SZSE,半导体国产替代,存储/HBM/先进封装,stock_basic_keyword,0.7,industry:元器件,20250101,
20250101,002724.SZ,海洋王,元器件,主板,SZSE,半导体国产替代,存储/HBM/先进封装,stock_basic_keyword,0.7,industry:元器件,20250101,
20250101,002729.SZ,好利科技,元器件,主板,SZSE,半导体国产替代,存储/HBM/先进封装,stock_basic_keyword,0.7,industry:元器件,20250101,
20250101,002745.SZ,木林森,元器件,主板,SZSE,半导体国产替代,存储/HBM/先进封装,stock_basic_keyword,0.7,industry:元器件,20250101,
20250101,002765.SZ,蓝黛科技,元器件,主板,SZSE,半导体国产替代,存储/HBM/先进封装,stock_basic_keyword,0.7,industry:元器件,20250101,
20250101,002782.SZ,可立克,元器件,主板,SZSE,半导体国产替代,存储/HBM/先进封装,stock_basic_keyword,0.7,industry:元器件,20250101,
20250101,002808.SZ,*ST恒久,元器件,主板,SZSE,半导体国产替代,存储/HBM/先进封装,stock_basic_keyword,0.7,industry:元器件,20250101,
20250101,002815.SZ,崇达技术,元器件,主板,SZSE,半导体国产替代,存储/HBM/先进封装,stock_basic_keyword,0.7,industry:元器件,20250101,
20250101,002835.SZ,同为股份,IT设备,主板,SZSE,半导体国产替代,存储/HBM/先进封装,stock_basic_keyword,0.7,industry:IT设备,20250101,
20250101,002841.SZ,视源股份,元器件,主板,SZSE,半导体国产替代,存储/HBM/先进封装,stock_basic_keyword,0.7,industry:元器件,20250101,
20250101,002845.SZ,同兴达,元器件,主板,SZSE,半导体国产替代,存储/HBM/先进封装,stock_basic_keyword,0.7,industry:元器件,20250101,
20250101,002855.SZ,捷荣技术,元器件,主板,SZSE,半导体国产替代,存储/HBM/先进封装,stock_basic_keyword,0.7,industry:元器件,20250101,
20250101,002859.SZ,洁美科技,元器件,主板,SZSE,半导体国产替代,存储/HBM/先进封装,stock_basic_keyword,0.7,industry:元器件,20250101,
20250101,002861.SZ,瀛通通讯,元器件,主板,SZSE,半导体国产替代,存储/HBM/先进封装,stock_basic_keyword,0.7,industry:元器件,20250101,
20250101,002866.SZ,传艺科技,IT设备,主板,SZSE,半导体国产替代,存储/HBM/先进封装,stock_basic_keyword,0.7,industry:IT设备,20250101,
20250101,002876.SZ,三利谱,元器件,主板,SZSE,半导体国产替代,存储/HBM/先进封装,stock_basic_keyword,0.7,industry:元器件,20250101,
20250101,002881.SZ,美格智能,元器件,主板,SZSE,半导体国产替代,存储/HBM/先进封装,stock_basic_keyword,0.7,industry:元器件,20250101,
20250101,002885.SZ,京泉华,元器件,主板,SZSE,半导体国产替代,存储/HBM/先进封装,stock_basic_keyword,0.7,industry:元器件,20250101,
20250101,002888.SZ,惠威科技,元器件,主板,SZSE,半导体国产替代,存储/HBM/先进封装,stock_basic_keyword,0.7,industry:元器件,20250101,
20250101,002897.SZ,意华股份,元器件,主板,SZSE,半导体国产替代,存储/HBM/先进封装,stock_basic_keyword,0.7,industry:元器件,20250101,
20250101,002912.SZ,中新赛克,IT设备,主板,SZSE,半导体国产替代,存储/HBM/先进封装,stock_basic_keyword,0.7,industry:IT设备,20250101,
20250101,002913.SZ,奥士康,元器件,主板,SZSE,半导体国产替代,存储/HBM/先进封装,stock_basic_keyword,0.7,industry:元器件,20250101,
20250101,002916.SZ,深南电路,元器件,主板,SZSE,半导体国产替代,存储/HBM/先进封装,stock_basic_keyword,0.7,industry:元器件,20250101,
20250101,002925.SZ,盈趣科技,元器件,主板,SZSE,半导体国产替代,存储/HBM/先进封装,stock_basic_keyword,0.7,industry:元器件,20250101,
20250101,002937.SZ,兴瑞科技,元器件,主板,SZSE,半导体国产替代,存储/HBM/先进封装,stock_basic_keyword,0.7,industry:元器件,20250101,
20250101,002938.SZ,鹏鼎控股,元器件,主板,SZSE,半导体国产替代,存储/HBM/先进封装,stock_basic_keyword,0.7,industry:元器件,20250101,
20250101,002947.SZ,恒铭达,元器件,主板,SZSE,半导体国产替代,存储/HBM/先进封装,stock_basic_keyword,0.7,industry:元器件,20250101,
20250101,002952.SZ,亚世光电,元器件,主板,SZSE,半导体国产替代,存储/HBM/先进封装,stock_basic_keyword,0.7,industry:元器件,20250101,
20250101,002955.SZ,鸿合科技,IT设备,主板,SZSE,半导体国产替代,存储/HBM/先进封装,stock_basic_keyword,0.7,industry:IT设备,20250101,
20250101,002962.SZ,五方光电,元器件,主板,SZSE,半导体国产替代,存储/HBM/先进封装,stock_basic_keyword,0.7,industry:元器件,20250101,
20250101,002970.SZ,锐明技术,IT设备,主板,SZSE,半导体国产替代,存储/HBM/先进封装,stock_basic_keyword,0.7,industry:IT设备,20250101,
20250101,002981.SZ,朝阳科技,元器件,主板,SZSE,半导体国产替代,存储/HBM/先进封装,stock_basic_keyword,0.7,industry:元器件,20250101,
20250101,002983.SZ,芯瑞达,元器件,主板,SZSE,半导体国产替代,存储/HBM/先进封装,stock_basic_keyword,0.7,industry:元器件,20250101,
20250101,002992.SZ,宝明科技,元器件,主板,SZSE,半导体国产替代,存储/HBM/先进封装,stock_basic_keyword,0.7,industry:元器件,20250101,
20250101,002993.SZ,奥海科技,元器件,主板,SZSE,半导体国产替代,存储/HBM/先进封装,stock_basic_keyword,0.7,industry:元器件,20250101,
20250101,003004.SZ,*ST声迅,IT设备,主板,SZSE,半导体国产替代,存储/HBM/先进封装,stock_basic_keyword,0.7,industry:IT设备,20250101,
20250101,003015.SZ,日久光电,元器件,主板,SZSE,半导体国产替代,存储/HBM/先进封装,stock_basic_keyword,0.7,industry:元器件,20250101,
20250101,003019.SZ,宸展光电,元器件,主板,SZSE,半导体国产替代,存储/HBM/先进封装,stock_basic_keyword,0.7,industry:元器件,20250101,
20250101,003021.SZ,兆威机电,元器件,主板,SZSE,半导体国产替代,存储/HBM/先进封装,stock_basic_keyword,0.7,industry:元器件,20250101,
20250101,003026.SZ,中晶科技,半导体,主板,SZSE,半导体国产替代,存储/HBM/先进封装,stock_basic_keyword,0.7,industry:半导体,20250101,
20250101,003028.SZ,振邦智能,元器件,主板,SZSE,半导体国产替代,存储/HBM/先进封装,stock_basic_keyword,0.7,industry:元器件,20250101,
20250101,003031.SZ,中瓷电子,元器件,主板,SZSE,半导体国产替代,存储/HBM/先进封装,stock_basic_keyword,0.7,industry:元器件,20250101,
20250101,003043.SZ,华亚智能,半导体,主板,SZSE,半导体国产替代,存储/HBM/先进封装,stock_basic_keyword,0.7,industry:半导体,20250101,
20250101,300032.SZ,金龙机电,元器件,创业板,SZSE,半导体国产替代,存储/HBM/先进封装,stock_basic_keyword,0.7,industry:元器件,20250101,
20250101,300042.SZ,朗科科技,IT设备,创业板,SZSE,半导体国产替代,存储/HBM/先进封装,stock_basic_keyword,0.7,industry:IT设备,20250101,
20250101,300045.SZ,华力创通,IT设备,创业板,SZSE,半导体国产替代,存储/HBM/先进封装,stock_basic_keyword,0.7,industry:IT设备,20250101,
20250101,300046.SZ,台基股份,半导体,创业板,SZSE,半导体国产替代,存储/HBM/先进封装,stock_basic_keyword,0.7,industry:半导体,20250101,
20250101,300053.SZ,航宇微,半导体,创业板,SZSE,半导体国产替代,存储/HBM/先进封装,stock_basic_keyword,0.7,industry:半导体,20250101,
20250101,300076.SZ,GQY视讯,IT设备,创业板,SZSE,半导体国产替代,存储/HBM/先进封装,stock_basic_keyword,0.7,industry:IT设备,20250101,
20250101,300077.SZ,国民技术,半导体,创业板,SZSE,半导体国产替代,存储/HBM/先进封装,stock_basic_keyword,0.7,industry:半导体,20250101,
20250101,300079.SZ,数码视讯,IT设备,创业板,SZSE,半导体国产替代,存储/HBM/先进封装,stock_basic_keyword,0.7,industry:IT设备,20250101,
20250101,300088.SZ,长信科技,元器件,创业板,SZSE,半导体国产替代,存储/HBM/先进封装,stock_basic_keyword,0.7,industry:元器件,20250101,
20250101,300102.SZ,乾照光电,半导体,创业板,SZSE,半导体国产替代,存储/HBM/先进封装,stock_basic_keyword,0.7,industry:半导体,20250101,
20250101,300115.SZ,长盈精密,元器件,创业板,SZSE,半导体国产替代,存储/HBM/先进封装,stock_basic_keyword,0.7,industry:元器件,20250101,
20250101,300120.SZ,经纬辉开,元器件,创业板,SZSE,半导体国产替代,存储/HBM/先进封装,stock_basic_keyword,0.7,industry:元器件,20250101,
20250101,300123.SZ,亚光科技,半导体,创业板,SZSE,半导体国产替代,存储/HBM/先进封装,stock_basic_keyword,0.7,industry:半导体,20250101,
20250101,300128.SZ,锦富技术,元器件,创业板,SZSE,半导体国产替代,存储/HBM/先进封装,stock_basic_keyword,0.7,industry:元器件,20250101,
20250101,300130.SZ,新国都,IT设备,创业板,SZSE,半导体国产替代,存储/HBM/先进封装,stock_basic_keyword,0.7,industry:IT设备,20250101,
20250101,300131.SZ,英唐智控,元器件,创业板,SZSE,半导体国产替代,存储/HBM/先进封装,stock_basic_keyword,0.7,industry:元器件,20250101,
20250101,300136.SZ,信维通信,元器件,创业板,SZSE,半导体国产替代,存储/HBM/先进封装,stock_basic_keyword,0.7,industry:元器件,20250101,
20250101,300155.SZ,安居宝,IT设备,创业板,SZSE,半导体国产替代,存储/HBM/先进封装,stock_basic_keyword,0.7,industry:IT设备,20250101,
20250101,300162.SZ,雷曼光电,元器件,创业板,SZSE,半导体国产替代,存储/HBM/先进封装,stock_basic_keyword,0.7,industry:元器件,20250101,
20250101,300184.SZ,力源信息,元器件,创业板,SZSE,半导体国产替代,存储/HBM/先进封装,stock_basic_keyword,0.7,industry:元器件,20250101,
20250101,300219.SZ,鸿利智汇,元器件,创业板,SZSE,半导体国产替代,存储/HBM/先进封装,stock_basic_keyword,0.7,industry:元器件,20250101,
20250101,300223.SZ,北京君正,半导体,创业板,SZSE,半导体国产替代,存储/HBM/先进封装,stock_basic_keyword,0.7,industry:半导体,20250101,
20250101,300232.SZ,洲明科技,元器件,创业板,SZSE,半导体国产替代,存储/HBM/先进封装,stock_basic_keyword,0.7,industry:元器件,20250101,
20250101,300236.SZ,上海新阳,半导体,创业板,SZSE,半导体国产替代,存储/HBM/先进封装,stock_basic_keyword,0.7,industry:半导体,20250101,
20250101,300241.SZ,瑞丰光电,半导体,创业板,SZSE,半导体国产替代,存储/HBM/先进封装,stock_basic_keyword,0.7,industry:半导体,20250101,
20250101,300249.SZ,依米康,IT设备,创业板,SZSE,半导体国产替代,存储/HBM/先进封装,stock_basic_keyword,0.7,industry:IT设备,20250101,
20250101,300256.SZ,星星科技,元器件,创业板,SZSE,半导体国产替代,存储/HBM/先进封装,stock_basic_keyword,0.7,industry:元器件,20250101,
20250101,300269.SZ,联建光电,元器件,创业板,SZSE,半导体国产替代,存储/HBM/先进封装,stock_basic_keyword,0.7,industry:元器件,20250101,
20250101,300270.SZ,中威电子,IT设备,创业板,SZSE,半导体国产替代,存储/HBM/先进封装,stock_basic_keyword,0.7,industry:IT设备,20250101,
20250101,300279.SZ,和晶科技,元器件,创业板,SZSE,半导体国产替代,存储/HBM/先进封装,stock_basic_keyword,0.7,industry:元器件,20250101,
20250101,300296.SZ,利亚德,元器件,创业板,SZSE,半导体国产替代,存储/HBM/先进封装,stock_basic_keyword,0.7,industry:元器件,20250101,
20250101,300301.SZ,ST长方,半导体,创业板,SZSE,半导体国产替代,存储/HBM/先进封装,stock_basic_keyword,0.7,industry:半导体,20250101,
20250101,300302.SZ,同有科技,IT设备,创业板,SZSE,半导体国产替代,存储/HBM/先进封装,stock_basic_keyword,0.7,industry:IT设备,20250101,
20250101,300303.SZ,聚飞光电,半导体,创业板,SZSE,半导体国产替代,存储/HBM/先进封装,stock_basic_keyword,0.7,industry:半导体,20250101,
20250101,300319.SZ,麦捷科技,元器件,创业板,SZSE,半导体国产替代,存储/HBM/先进封装,stock_basic_keyword,0.7,industry:元器件,20250101,
20250101,300322.SZ,硕贝德,元器件,创业板,SZSE,半导体国产替代,存储/HBM/先进封装,stock_basic_keyword,0.7,industry:元器件,20250101,
20250101,300323.SZ,华灿光电,半导体,创业板,SZSE,半导体国产替代,存储/HBM/先进封装,stock_basic_keyword,0.7,industry:半导体,20250101,
20250101,300327.SZ,中颖电子,半导体,创业板,SZSE,半导体国产替代,存储/HBM/先进封装,stock_basic_keyword,0.7,industry:半导体,20250101,
20250101,300331.SZ,苏大维格,元器件,创业板,SZSE,半导体国产替代,存储/HBM/先进封装,stock_basic_keyword,0.7,industry:元器件,20250101,
20250101,300333.SZ,兆日科技,IT设备,创业板,SZSE,半导体国产替代,存储/HBM/先进封装,stock_basic_keyword,0.7,industry:IT设备,20250101,
20250101,300346.SZ,南大光电,半导体,创业板,SZSE,半导体国产替代,存储/HBM/先进封装,stock_basic_keyword,0.7,industry:半导体,20250101,
20250101,300368.SZ,汇金股份,IT设备,创业板,SZSE,半导体国产替代,存储/HBM/先进封装,stock_basic_keyword,0.7,industry:IT设备,20250101,
20250101,300373.SZ,扬杰科技,半导体,创业板,SZSE,半导体国产替代,存储/HBM/先进封装,stock_basic_keyword,0.7,industry:半导体,20250101,
20250101,300386.SZ,飞天诚信,IT设备,创业板,SZSE,半导体国产替代,存储/HBM/先进封装,stock_basic_keyword,0.7,industry:IT设备,20250101,
20250101,300389.SZ,艾比森,元器件,创业板,SZSE,半导体国产替代,存储/HBM/先进封装,stock_basic_keyword,0.7,industry:元器件,20250101,
20250101,300408.SZ,三环集团,元器件,创业板,SZSE,半导体国产替代,存储/HBM/先进封装,stock_basic_keyword,0.7,industry:元器件,20250101,
20250101,300433.SZ,蓝思科技,元器件,创业板,SZSE,半导体国产替代,存储/HBM/先进封装,stock_basic_keyword,0.7,industry:元器件,20250101,
20250101,300449.SZ,汉邦高科,IT设备,创业板,SZSE,半导体国产替代,存储/HBM/先进封装,stock_basic_keyword,0.7,industry:IT设备,20250101,
20250101,300455.SZ,航天智装,IT设备,创业板,SZSE,半导体国产替代,存储/HBM/先进封装,stock_basic_keyword,0.7,industry:IT设备,20250101,
20250101,300456.SZ,赛微电子,半导体,创业板,SZSE,半导体国产替代,存储/HBM/先进封装,stock_basic_keyword,0.7,industry:半导体,20250101,
20250101,300458.SZ,全志科技,半导体,创业板,SZSE,半导体国产替代,存储/HBM/先进封装,stock_basic_keyword,0.7,industry:半导体,20250101,
20250101,300460.SZ,ST惠伦,元器件,创业板,SZSE,半导体国产替代,存储/HBM/先进封装,stock_basic_keyword,0.7,industry:元器件,20250101,
20250101,300462.SZ,ST华铭,IT设备,创业板,SZSE,半导体国产替代,存储/HBM/先进封装,stock_basic_keyword,0.7,industry:IT设备,20250101,
20250101,300474.SZ,景嘉微,元器件,创业板,SZSE,半导体国产替代,存储/HBM/先进封装,stock_basic_keyword,0.7,industry:元器件,20250101,
20250101,300475.SZ,香农芯创,元器件,创业板,SZSE,半导体国产替代,存储/HBM/先进封装,stock_basic_keyword,0.7,industry:元器件,20250101,
20250101,300476.SZ,胜宏科技,元器件,创业板,SZSE,半导体国产替代,存储/HBM/先进封装,stock_basic_keyword,0.7,industry:元器件,20250101,
20250101,300493.SZ,润欣科技,元器件,创业板,SZSE,半导体国产替代,存储/HBM/先进封装,stock_basic_keyword,0.7,industry:元器件,20250101,
20250101,300531.SZ,优博讯,IT设备,创业板,SZSE,半导体国产替代,存储/HBM/先进封装,stock_basic_keyword,0.7,industry:IT设备,20250101,
20250101,300543.SZ,朗科智能,元器件,创业板,SZSE,半导体国产替代,存储/HBM/先进封装,stock_basic_keyword,0.7,industry:元器件,20250101,
20250101,300546.SZ,雄帝科技,IT设备,创业板,SZSE,半导体国产替代,存储/HBM/先进封装,stock_basic_keyword,0.7,industry:IT设备,20250101,
20250101,300552.SZ,万集科技,IT设备,创业板,SZSE,半导体国产替代,存储/HBM/先进封装,stock_basic_keyword,0.7,industry:IT设备,20250101,
20250101,300566.SZ,激智科技,元器件,创业板,SZSE,半导体国产替代,存储/HBM/先进封装,stock_basic_keyword,0.7,industry:元器件,20250101,
20250101,300582.SZ,英飞特,元器件,创业板,SZSE,半导体国产替代,存储/HBM/先进封装,stock_basic_keyword,0.7,industry:元器件,20250101,
20250101,300588.SZ,熙菱信息,IT设备,创业板,SZSE,半导体国产替代,存储/HBM/先进封装,stock_basic_keyword,0.7,industry:IT设备,20250101,
20250101,300602.SZ,飞荣达,元器件,创业板,SZSE,半导体国产替代,存储/HBM/先进封装,stock_basic_keyword,0.7,industry:元器件,20250101,
20250101,300604.SZ,长川科技,半导体,创业板,SZSE,半导体国产替代,存储/HBM/先进封装,stock_basic_keyword,0.7,industry:半导体,20250101,
20250101,300613.SZ,富瀚微,半导体,创业板,SZSE,半导体国产替代,存储/HBM/先进封装,stock_basic_keyword,0.7,industry:半导体,20250101,
20250101,300623.SZ,捷捷微电,半导体,创业板,SZSE,半导体国产替代,存储/HBM/先进封装,stock_basic_keyword,0.7,industry:半导体,20250101,
20250101,300629.SZ,新劲刚,元器件,创业板,SZSE,半导体国产替代,存储/HBM/先进封装,stock_basic_keyword,0.7,industry:元器件,20250101,
20250101,300632.SZ,光莆股份,半导体,创业板,SZSE,半导体国产替代,存储/HBM/先进封装,stock_basic_keyword,0.7,industry:半导体,20250101,
20250101,300650.SZ,太龙股份,元器件,创业板,SZSE,半导体国产替代,存储/HBM/先进封装,stock_basic_keyword,0.7,industry:元器件,20250101,
20250101,300655.SZ,晶瑞电材,半导体,创业板,SZSE,半导体国产替代,存储/HBM/先进封装,stock_basic_keyword,0.7,industry:半导体,20250101,
20250101,300656.SZ,民德电子,IT设备,创业板,SZSE,半导体国产替代,存储/HBM/先进封装,stock_basic_keyword,0.7,industry:IT设备,20250101,
20250101,300657.SZ,弘信电子,元器件,创业板,SZSE,半导体国产替代,存储/HBM/先进封装,stock_basic_keyword,0.7,industry:元器件,20250101,
20250101,300659.SZ,中孚信息,IT设备,创业板,SZSE,半导体国产替代,存储/HBM/先进封装,stock_basic_keyword,0.7,industry:IT设备,20250101,
20250101,300661.SZ,圣邦股份,半导体,创业板,SZSE,半导体国产替代,存储/HBM/先进封装,stock_basic_keyword,0.7,industry:半导体,20250101,
20250101,300666.SZ,江丰电子,半导体,创业板,SZSE,半导体国产替代,存储/HBM/先进封装,stock_basic_keyword,0.7,industry:半导体,20250101,
20250101,300671.SZ,富满微,半导体,创业板,SZSE,半导体国产替代,存储/HBM/先进封装,stock_basic_keyword,0.7,industry:半导体,20250101,
20250101,300672.SZ,国科微,半导体,创业板,SZSE,半导体国产替代,存储/HBM/先进封装,stock_basic_keyword,0.7,industry:半导体,20250101,
20250101,300679.SZ,电连技术,元器件,创业板,SZSE,半导体国产替代,存储/HBM/先进封装,stock_basic_keyword,0.7,industry:元器件,20250101,
20250101,300684.SZ,中石科技,元器件,创业板,SZSE,半导体国产替代,存储/HBM/先进封装,stock_basic_keyword,0.7,industry:元器件,20250101,
20250101,300686.SZ,智动力,元器件,创业板,SZSE,半导体国产替代,存储/HBM/先进封装,stock_basic_keyword,0.7,industry:元器件,20250101,
20250101,300691.SZ,联合光电,元器件,创业板,SZSE,半导体国产替代,存储/HBM/先进封装,stock_basic_keyword,0.7,industry:元器件,20250101,
20250101,300701.SZ,森霸传感,元器件,创业板,SZSE,半导体国产替代,存储/HBM/先进封装,stock_basic_keyword,0.7,industry:元器件,20250101,
20250101,300706.SZ,阿石创,元器件,创业板,SZSE,半导体国产替代,存储/HBM/先进封装,stock_basic_keyword,0.7,industry:元器件,20250101,
20250101,300708.SZ,聚灿光电,半导体,创业板,SZSE,半导体国产替代,存储/HBM/先进封装,stock_basic_keyword,0.7,industry:半导体,20250101,
20250101,300709.SZ,精研科技,元器件,创业板,SZSE,半导体国产替代,存储/HBM/先进封装,stock_basic_keyword,0.7,industry:元器件,20250101,
20250101,300726.SZ,宏达电子,元器件,创业板,SZSE,半导体国产替代,存储/HBM/先进封装,stock_basic_keyword,0.7,industry:元器件,20250101,
20250101,300735.SZ,光弘科技,元器件,创业板,SZSE,半导体国产替代,存储/HBM/先进封装,stock_basic_keyword,0.7,industry:元器件,20250101,
20250101,300739.SZ,明阳电路,元器件,创业板,SZSE,半导体国产替代,存储/HBM/先进封装,stock_basic_keyword,0.7,industry:元器件,20250101,
20250101,300743.SZ,天地数码,IT设备,创业板,SZSE,半导体国产替代,存储/HBM/先进封装,stock_basic_keyword,0.7,industry:IT设备,20250101,
20250101,300752.SZ,隆利科技,元器件,创业板,SZSE,半导体国产替代,存储/HBM/先进封装,stock_basic_keyword,0.7,industry:元器件,20250101,
20250101,300771.SZ,智莱科技,IT设备,创业板,SZSE,半导体国产替代,存储/HBM/先进封装,stock_basic_keyword,0.7,industry:IT设备,20250101,
20250101,300782.SZ,卓胜微,半导体,创业板,SZSE,半导体国产替代,存储/HBM/先进封装,stock_basic_keyword,0.7,industry:半导体,20250101,
20250101,300787.SZ,海能实业,元器件,创业板,SZSE,半导体国产替代,存储/HBM/先进封装,stock_basic_keyword,0.7,industry:元器件,20250101,
20250101,300790.SZ,宇瞳光学,元器件,创业板,SZSE,半导体国产替代,存储/HBM/先进封装,stock_basic_keyword,0.7,industry:元器件,20250101,
20250101,300793.SZ,佳禾智能,IT设备,创业板,SZSE,半导体国产替代,存储/HBM/先进封装,stock_basic_keyword,0.7,industry:IT设备,20250101,
20250101,300814.SZ,中富电路,元器件,创业板,SZSE,半导体国产替代,存储/HBM/先进封装,stock_basic_keyword,0.7,industry:元器件,20250101,
20250101,300822.SZ,贝仕达克,元器件,创业板,SZSE,半导体国产替代,存储/HBM/先进封装,stock_basic_keyword,0.7,industry:元器件,20250101,
20250101,300831.SZ,派瑞股份,半导体,创业板,SZSE,半导体国产替代,存储/HBM/先进封装,stock_basic_keyword,0.7,industry:半导体,20250101,
20250101,300843.SZ,胜蓝股份,元器件,创业板,SZSE,半导体国产替代,存储/HBM/先进封装,stock_basic_keyword,0.7,industry:元器件,20250101,
20250101,300852.SZ,四会富仕,元器件,创业板,SZSE,半导体国产替代,存储/HBM/先进封装,stock_basic_keyword,0.7,industry:元器件,20250101,
20250101,300857.SZ,协创数据,IT设备,创业板,SZSE,半导体国产替代,存储/HBM/先进封装,stock_basic_keyword,0.7,industry:IT设备,20250101,
20250101,300866.SZ,安克创新,元器件,创业板,SZSE,半导体国产替代,存储/HBM/先进封装,stock_basic_keyword,0.7,industry:元器件,20250101,
20250101,300868.SZ,杰美特,元器件,创业板,SZSE,半导体国产替代,存储/HBM/先进封装,stock_basic_keyword,0.7,industry:元器件,20250101,
20250101,300884.SZ,狄耐克,IT设备,创业板,SZSE,半导体国产替代,存储/HBM/先进封装,stock_basic_keyword,0.7,industry:IT设备,20250101,
20250101,300903.SZ,科翔股份,元器件,创业板,SZSE,半导体国产替代,存储/HBM/先进封装,stock_basic_keyword,0.7,industry:元器件,20250101,
20250101,300909.SZ,汇创达,元器件,创业板,SZSE,半导体国产替代,存储/HBM/先进封装,stock_basic_keyword,0.7,industry:元器件,20250101,
20250101,300916.SZ,朗特智能,元器件,创业板,SZSE,半导体国产替代,存储/HBM/先进封装,stock_basic_keyword,0.7,industry:元器件,20250101,
20250101,300936.SZ,中英科技,元器件,创业板,SZSE,半导体国产替代,存储/HBM/先进封装,stock_basic_keyword,0.7,industry:元器件,20250101,
20250101,300939.SZ,秋田微,元器件,创业板,SZSE,半导体国产替代,存储/HBM/先进封装,stock_basic_keyword,0.7,industry:元器件,20250101,
20250101,300940.SZ,南极光,元器件,创业板,SZSE,半导体国产替代,存储/HBM/先进封装,stock_basic_keyword,0.7,industry:元器件,20250101,
20250101,300941.SZ,创识科技,IT设备,创业板,SZSE,半导体国产替代,存储/HBM/先进封装,stock_basic_keyword,0.7,industry:IT设备,20250101,
20250101,300951.SZ,博硕科技,元器件,创业板,SZSE,半导体国产替代,存储/HBM/先进封装,stock_basic_keyword,0.7,industry:元器件,20250101,
20250101,300956.SZ,英力股份,元器件,创业板,SZSE,半导体国产替代,存储/HBM/先进封装,stock_basic_keyword,0.7,industry:元器件,20250101,
20250101,300964.SZ,本川智能,元器件,创业板,SZSE,半导体国产替代,存储/HBM/先进封装,stock_basic_keyword,0.7,industry:元器件,20250101,
20250101,300968.SZ,格林精密,元器件,创业板,SZSE,半导体国产替代,存储/HBM/先进封装,stock_basic_keyword,0.7,industry:元器件,20250101,
20250101,300975.SZ,商络电子,元器件,创业板,SZSE,半导体国产替代,存储/HBM/先进封装,stock_basic_keyword,0.7,industry:元器件,20250101,
20250101,300976.SZ,达瑞电子,元器件,创业板,SZSE,半导体国产替代,存储/HBM/先进封装,stock_basic_keyword,0.7,industry:元器件,20250101,
20250101,300991.SZ,创益通,元器件,创业板,SZSE,半导体国产替代,存储/HBM/先进封装,stock_basic_keyword,0.7,industry:元器件,20250101,
20250101,301041.SZ,金百泽,元器件,创业板,SZSE,半导体国产替代,存储/HBM/先进封装,stock_basic_keyword,0.7,industry:元器件,20250101,
20250101,301042.SZ,安联锐视,IT设备,创业板,SZSE,半导体国产替代,存储/HBM/先进封装,stock_basic_keyword,0.7,industry:IT设备,20250101,
20250101,301045.SZ,天禄科技,元器件,创业板,SZSE,半导体国产替代,存储/HBM/先进封装,stock_basic_keyword,0.7,industry:元器件,20250101,
20250101,301051.SZ,信濠光电,元器件,创业板,SZSE,半导体国产替代,存储/HBM/先进封装,stock_basic_keyword,0.7,industry:元器件,20250101,
20250101,301067.SZ,显盈科技,元器件,创业板,SZSE,半导体国产替代,存储/HBM/先进封装,stock_basic_keyword,0.7,industry:元器件,20250101,
20250101,301086.SZ,鸿富瀚,元器件,创业板,SZSE,半导体国产替代,存储/HBM/先进封装,stock_basic_keyword,0.7,industry:元器件,20250101,
20250101,301095.SZ,广立微,半导体,创业板,SZSE,半导体国产替代,存储/HBM/先进封装,stock_basic_keyword,0.7,industry:半导体,20250101,
20250101,301099.SZ,雅创电子,元器件,创业板,SZSE,半导体国产替代,存储/HBM/先进封装,stock_basic_keyword,0.7,industry:元器件,20250101,
20250101,301106.SZ,骏成科技,元器件,创业板,SZSE,半导体国产替代,存储/HBM/先进封装,stock_basic_keyword,0.7,industry:元器件,20250101,
20250101,301123.SZ,奕东电子,元器件,创业板,SZSE,半导体国产替代,存储/HBM/先进封装,stock_basic_keyword,0.7,industry:元器件,20250101,
20250101,301132.SZ,满坤科技,元器件,创业板,SZSE,半导体国产替代,存储/HBM/先进封装,stock_basic_keyword,0.7,industry:元器件,20250101,
20250101,301135.SZ,瑞德智能,元器件,创业板,SZSE,半导体国产替代,存储/HBM/先进封装,stock_basic_keyword,0.7,industry:元器件,20250101,
20250101,301176.SZ,逸豪新材,元器件,创业板,SZSE,半导体国产替代,存储/HBM/先进封装,stock_basic_keyword,0.7,industry:元器件,20250101,
20250101,301180.SZ,万祥科技,元器件,创业板,SZSE,半导体国产替代,存储/HBM/先进封装,stock_basic_keyword,0.7,industry:元器件,20250101,
20250101,301182.SZ,凯旺科技,元器件,创业板,SZSE,半导体国产替代,存储/HBM/先进封装,stock_basic_keyword,0.7,industry:元器件,20250101,
20250101,301183.SZ,东田微,元器件,创业板,SZSE,半导体国产替代,存储/HBM/先进封装,stock_basic_keyword,0.7,industry:元器件,20250101,
20250101,301189.SZ,奥尼电子,IT设备,创业板,SZSE,半导体国产替代,存储/HBM/先进封装,stock_basic_keyword,0.7,industry:IT设备,20250101,
20250101,301217.SZ,铜冠铜箔,元器件,创业板,SZSE,半导体国产替代,存储/HBM/先进封装,stock_basic_keyword,0.7,industry:元器件,20250101,
20250101,301251.SZ,威尔高,元器件,创业板,SZSE,半导体国产替代,存储/HBM/先进封装,stock_basic_keyword,0.7,industry:元器件,20250101,
20250101,301269.SZ,华大九天,半导体,创业板,SZSE,半导体国产替代,存储/HBM/先进封装,stock_basic_keyword,0.7,industry:半导体,20250101,
20250101,301280.SZ,珠城科技,元器件,创业板,SZSE,半导体国产替代,存储/HBM/先进封装,stock_basic_keyword,0.7,industry:元器件,20250101,
20250101,301282.SZ,金禄电子,元器件,创业板,SZSE,半导体国产替代,存储/HBM/先进封装,stock_basic_keyword,0.7,industry:元器件,20250101,
20250101,301285.SZ,鸿日达,元器件,创业板,SZSE,半导体国产替代,存储/HBM/先进封装,stock_basic_keyword,0.7,industry:元器件,20250101,
20250101,301297.SZ,富乐德,半导体,创业板,SZSE,半导体国产替代,存储/HBM/先进封装,stock_basic_keyword,0.7,industry:半导体,20250101,
20250101,301308.SZ,江波龙,半导体,创业板,SZSE,半导体国产替代,存储/HBM/先进封装,stock_basic_keyword,0.7,industry:半导体,20250101,
20250101,301314.SZ,科瑞思,元器件,创业板,SZSE,半导体国产替代,存储/HBM/先进封装,stock_basic_keyword,0.7,industry:元器件,20250101,
20250101,301318.SZ,维海德,IT设备,创业板,SZSE,半导体国产替代,存储/HBM/先进封装,stock_basic_keyword,0.7,industry:IT设备,20250101,
20250101,301319.SZ,唯特偶,元器件,创业板,SZSE,半导体国产替代,存储/HBM/先进封装,stock_basic_keyword,0.7,industry:元器件,20250101,
20250101,301321.SZ,翰博高新,元器件,创业板,SZSE,半导体国产替代,存储/HBM/先进封装,stock_basic_keyword,0.7,industry:元器件,20250101,
20250101,301326.SZ,捷邦科技,元器件,创业板,SZSE,半导体国产替代,存储/HBM/先进封装,stock_basic_keyword,0.7,industry:元器件,20250101,
20250101,301328.SZ,维峰电子,元器件,创业板,SZSE,半导体国产替代,存储/HBM/先进封装,stock_basic_keyword,0.7,industry:元器件,20250101,
20250101,301329.SZ,信音电子,元器件,创业板,SZSE,半导体国产替代,存储/HBM/先进封装,stock_basic_keyword,0.7,industry:元器件,20250101,
20250101,301330.SZ,熵基科技,IT设备,创业板,SZSE,半导体国产替代,存储/HBM/先进封装,stock_basic_keyword,0.7,industry:IT设备,20250101,
20250101,301339.SZ,通行宝,IT设备,创业板,SZSE,半导体国产替代,存储/HBM/先进封装,stock_basic_keyword,0.7,industry:IT设备,20250101,
20250101,301348.SZ,蓝箭电子,半导体,创业板,SZSE,半导体国产替代,存储/HBM/先进封装,stock_basic_keyword,0.7,industry:半导体,20250101,
20250101,301359.SZ,东南电子,元器件,创业板,SZSE,半导体国产替代,存储/HBM/先进封装,stock_basic_keyword,0.7,industry:元器件,20250101,
20250101,301366.SZ,一博科技,元器件,创业板,SZSE,半导体国产替代,存储/HBM/先进封装,stock_basic_keyword,0.7,industry:元器件,20250101,
20250101,301369.SZ,联动科技,半导体,创业板,SZSE,半导体国产替代,存储/HBM/先进封装,stock_basic_keyword,0.7,industry:半导体,20250101,
20250101,301379.SZ,天山电子,元器件,创业板,SZSE,半导体国产替代,存储/HBM/先进封装,stock_basic_keyword,0.7,industry:元器件,20250101,
20250101,301383.SZ,天键股份,元器件,创业板,SZSE,半导体国产替代,存储/HBM/先进封装,stock_basic_keyword,0.7,industry:元器件,20250101,
20250101,301387.SZ,光大同创,元器件,创业板,SZSE,半导体国产替代,存储/HBM/先进封装,stock_basic_keyword,0.7,industry:元器件,20250101,
20250101,301389.SZ,隆扬电子,元器件,创业板,SZSE,半导体国产替代,存储/HBM/先进封装,stock_basic_keyword,0.7,industry:元器件,20250101,
20250101,301391.SZ,卡莱特,IT设备,创业板,SZSE,半导体国产替代,存储/HBM/先进封装,stock_basic_keyword,0.7,industry:IT设备,20250101,
20250101,301421.SZ,波长光电,元器件,创业板,SZSE,半导体国产替代,存储/HBM/先进封装,stock_basic_keyword,0.7,industry:元器件,20250101,
20250101,301486.SZ,致尚科技,元器件,创业板,SZSE,半导体国产替代,存储/HBM/先进封装,stock_basic_keyword,0.7,industry:元器件,20250101,
20250101,301489.SZ,思泉新材,元器件,创业板,SZSE,半导体国产替代,存储/HBM/先进封装,stock_basic_keyword,0.7,industry:元器件,20250101,
20250101,301503.SZ,智迪科技,IT设备,创业板,SZSE,半导体国产替代,存储/HBM/先进封装,stock_basic_keyword,0.7,industry:IT设备,20250101,
20250101,301517.SZ,陕西华达,元器件,创业板,SZSE,半导体国产替代,存储/HBM/先进封装,stock_basic_keyword,0.7,industry:元器件,20250101,
20250101,301536.SZ,星宸科技,半导体,创业板,SZSE,半导体国产替代,存储/HBM/先进封装,stock_basic_keyword,0.7,industry:半导体,20250101,
20250101,301566.SZ,达利凯普,元器件,创业板,SZSE,半导体国产替代,存储/HBM/先进封装,stock_basic_keyword,0.7,industry:元器件,20250101,
20250101,301567.SZ,贝隆精密,元器件,创业板,SZSE,半导体国产替代,存储/HBM/先进封装,stock_basic_keyword,0.7,industry:元器件,20250101,
20250101,301571.SZ,国科天成,元器件,创业板,SZSE,半导体国产替代,存储/HBM/先进封装,stock_basic_keyword,0.7,industry:元器件,20250101,
20250101,301577.SZ,美信科技,元器件,创业板,SZSE,半导体国产替代,存储/HBM/先进封装,stock_basic_keyword,0.7,industry:元器件,20250101,
20250101,301578.SZ,辰奕智能,IT设备,创业板,SZSE,半导体国产替代,存储/HBM/先进封装,stock_basic_keyword,0.7,industry:IT设备,20250101,
20250101,301589.SZ,诺瓦星云,IT设备,创业板,SZSE,半导体国产替代,存储/HBM/先进封装,stock_basic_keyword,0.7,industry:IT设备,20250101,
20250101,301606.SZ,绿联科技,元器件,创业板,SZSE,半导体国产替代,存储/HBM/先进封装,stock_basic_keyword,0.7,industry:元器件,20250101,
20250101,301611.SZ,珂玛科技,半导体,创业板,SZSE,半导体国产替代,存储/HBM/先进封装,stock_basic_keyword,0.7,industry:半导体,20250101,
20250101,301626.SZ,苏州天脉,元器件,创业板,SZSE,半导体国产替代,存储/HBM/先进封装,stock_basic_keyword,0.7,industry:元器件,20250101,
20250101,301628.SZ,强达电路,元器件,创业板,SZSE,半导体国产替代,存储/HBM/先进封装,stock_basic_keyword,0.7,industry:元器件,20250101,
20250101,301631.SZ,壹连科技,元器件,创业板,SZSE,半导体国产替代,存储/HBM/先进封装,stock_basic_keyword,0.7,industry:元器件,20250101,
20250101,600071.SH,凤凰光学,元器件,主板,SSE,半导体国产替代,存储/HBM/先进封装,stock_basic_keyword,0.7,industry:元器件,20250101,
20250101,600100.SH,同方股份,IT设备,主板,SSE,半导体国产替代,存储/HBM/先进封装,stock_basic_keyword,0.7,industry:IT设备,20250101,
20250101,600130.SH,*ST波导,元器件,主板,SSE,半导体国产替代,存储/HBM/先进封装,stock_basic_keyword,0.7,industry:元器件,20250101,
20250101,600171.SH,上海贝岭,半导体,主板,SSE,半导体国产替代,存储/HBM/先进封装,stock_basic_keyword,0.7,industry:半导体,20250101,
20250101,600183.SH,生益科技,元器件,主板,SSE,半导体国产替代,存储/HBM/先进封装,stock_basic_keyword,0.7,industry:元器件,20250101,
20250101,600203.SH,福日电子,元器件,主板,SSE,半导体国产替代,存储/HBM/先进封装,stock_basic_keyword,0.7,industry:元器件,20250101,
20250101,600206.SH,有研新材,半导体,主板,SSE,半导体国产替代,存储/HBM/先进封装,stock_basic_keyword,0.7,industry:半导体,20250101,
20250101,600237.SH,铜峰电子,元器件,主板,SSE,半导体国产替代,存储/HBM/先进封装,stock_basic_keyword,0.7,industry:元器件,20250101,
20250101,600288.SH,大恒科技,元器件,主板,SSE,半导体国产替代,存储/HBM/先进封装,stock_basic_keyword,0.7,industry:元器件,20250101,
20250101,600353.SH,旭光电子,元器件,主板,SSE,半导体国产替代,存储/HBM/先进封装,stock_basic_keyword,0.7,industry:元器件,20250101,
20250101,600360.SH,*ST华微,半导体,主板,SSE,半导体国产替代,存储/HBM/先进封装,stock_basic_keyword,0.7,industry:半导体,20250101,
20250101,600363.SH,联创光电,元器件,主板,SSE,半导体国产替代,存储/HBM/先进封装,stock_basic_keyword,0.7,industry:元器件,20250101,
20250101,600460.SH,士兰微,半导体,主板,SSE,半导体国产替代,存储/HBM/先进封装,stock_basic_keyword,0.7,industry:半导体,20250101,
20250101,600520.SH,三佳科技,半导体,主板,SSE,半导体国产替代,存储/HBM/先进封装,stock_basic_keyword,0.7,industry:半导体,20250101,
20250101,600552.SH,凯盛科技,元器件,主板,SSE,半导体国产替代,存储/HBM/先进封装,stock_basic_keyword,0.7,industry:元器件,20250101,
20250101,600563.SH,法拉电子,元器件,主板,SSE,半导体国产替代,存储/HBM/先进封装,stock_basic_keyword,0.7,industry:元器件,20250101,
20250101,600584.SH,长电科技,半导体,主板,SSE,半导体国产替代,存储/HBM/先进封装,stock_basic_keyword,0.7,industry:半导体;name:长电,20250101,
20250101,600601.SH,方正科技,元器件,主板,SSE,半导体国产替代,存储/HBM/先进封装,stock_basic_keyword,0.7,industry:元器件,20250101,
20250101,600641.SH,先导基电,半导体,主板,SSE,半导体国产替代,存储/HBM/先进封装,stock_basic_keyword,0.7,industry:半导体,20250101,
20250101,600666.SH,奥瑞德,元器件,主板,SSE,半导体国产替代,存储/HBM/先进封装,stock_basic_keyword,0.7,industry:元器件,20250101,
20250101,600667.SH,太极实业,半导体,主板,SSE,半导体国产替代,存储/HBM/先进封装,stock_basic_keyword,0.7,industry:半导体,20250101,
20250101,600703.SH,三安光电,半导体,主板,SSE,半导体国产替代,存储/HBM/先进封装,stock_basic_keyword,0.7,industry:半导体,20250101,
20250101,600707.SH,彩虹股份,元器件,主板,SSE,半导体国产替代,存储/HBM/先进封装,stock_basic_keyword,0.7,industry:元器件,20250101,
20250101,600745.SH,闻泰科技,半导体,主板,SSE,半导体国产替代,存储/HBM/先进封装,stock_basic_keyword,0.7,industry:半导体,20250101,
20250101,600877.SH,电科芯片,半导体,主板,SSE,半导体国产替代,存储/HBM/先进封装,stock_basic_keyword,0.7,industry:半导体,20250101,
20250101,601231.SH,环旭电子,元器件,主板,SSE,半导体国产替代,存储/HBM/先进封装,stock_basic_keyword,0.7,industry:元器件,20250101,
20250101,603005.SH,晶方科技,半导体,主板,SSE,半导体国产替代,存储/HBM/先进封装,stock_basic_keyword,0.7,industry:半导体,20250101,
20250101,603019.SH,中科曙光,IT设备,主板,SSE,半导体国产替代,存储/HBM/先进封装,stock_basic_keyword,0.7,industry:IT设备,20250101,
20250101,603052.SH,可川科技,元器件,主板,SSE,半导体国产替代,存储/HBM/先进封装,stock_basic_keyword,0.7,industry:元器件,20250101,
20250101,603061.SH,金海通,半导体,主板,SSE,半导体国产替代,存储/HBM/先进封装,stock_basic_keyword,0.7,industry:半导体,20250101,
20250101,603068.SH,博通集成,半导体,主板,SSE,半导体国产替代,存储/HBM/先进封装,stock_basic_keyword,0.7,industry:半导体,20250101,
20250101,603078.SH,江化微,半导体,主板,SSE,半导体国产替代,存储/HBM/先进封装,stock_basic_keyword,0.7,industry:半导体,20250101,
20250101,603106.SH,恒银科技,IT设备,主板,SSE,半导体国产替代,存储/HBM/先进封装,stock_basic_keyword,0.7,industry:IT设备,20250101,
20250101,603160.SH,汇顶科技,半导体,主板,SSE,半导体国产替代,存储/HBM/先进封装,stock_basic_keyword,0.7,industry:半导体,20250101,
20250101,603186.SH,华正新材,元器件,主板,SSE,半导体国产替代,存储/HBM/先进封装,stock_basic_keyword,0.7,industry:元器件,20250101,
20250101,603228.SH,景旺电子,元器件,主板,SSE,半导体国产替代,存储/HBM/先进封装,stock_basic_keyword,0.7,industry:元器件,20250101,
20250101,603267.SH,鸿远电子,元器件,主板,SSE,半导体国产替代,存储/HBM/先进封装,stock_basic_keyword,0.7,industry:元器件,20250101,
20250101,603290.SH,斯达半导,半导体,主板,SSE,半导体国产替代,存储/HBM/先进封装,stock_basic_keyword,0.7,industry:半导体,20250101,
20250101,603296.SH,华勤技术,元器件,主板,SSE,半导体国产替代,存储/HBM/先进封装,stock_basic_keyword,0.7,industry:元器件,20250101,
20250101,603297.SH,永新光学,元器件,主板,SSE,半导体国产替代,存储/HBM/先进封装,stock_basic_keyword,0.7,industry:元器件,20250101,
20250101,603327.SH,福蓉科技,元器件,主板,SSE,半导体国产替代,存储/HBM/先进封装,stock_basic_keyword,0.7,industry:元器件,20250101,
20250101,603328.SH,依顿电子,元器件,主板,SSE,半导体国产替代,存储/HBM/先进封装,stock_basic_keyword,0.7,industry:元器件,20250101,
20250101,603375.SH,盛景微,半导体,主板,SSE,半导体国产替代,存储/HBM/先进封装,stock_basic_keyword,0.7,industry:半导体,20250101,
20250101,603380.SH,易德龙,元器件,主板,SSE,半导体国产替代,存储/HBM/先进封装,stock_basic_keyword,0.7,industry:元器件,20250101,
20250101,603386.SH,骏亚科技,元器件,主板,SSE,半导体国产替代,存储/HBM/先进封装,stock_basic_keyword,0.7,industry:元器件,20250101,
20250101,603496.SH,恒为科技,IT设备,主板,SSE,半导体国产替代,存储/HBM/先进封装,stock_basic_keyword,0.7,industry:IT设备,20250101,
20250101,603501.SH,豪威集团,半导体,主板,SSE,半导体国产替代,存储/HBM/先进封装,stock_basic_keyword,0.7,industry:半导体,20250101,
20250101,603508.SH,思维列控,IT设备,主板,SSE,半导体国产替代,存储/HBM/先进封装,stock_basic_keyword,0.7,industry:IT设备,20250101,
20250101,603516.SH,淳中科技,IT设备,主板,SSE,半导体国产替代,存储/HBM/先进封装,stock_basic_keyword,0.7,industry:IT设备,20250101,
20250101,603595.SH,ST东尼,元器件,主板,SSE,半导体国产替代,存储/HBM/先进封装,stock_basic_keyword,0.7,industry:元器件,20250101,
20250101,603626.SH,科森科技,元器件,主板,SSE,半导体国产替代,存储/HBM/先进封装,stock_basic_keyword,0.7,industry:元器件,20250101,
20250101,603629.SH,利通电子,元器件,主板,SSE,半导体国产替代,存储/HBM/先进封装,stock_basic_keyword,0.7,industry:元器件,20250101,
20250101,603660.SH,苏州科达,IT设备,主板,SSE,半导体国产替代,存储/HBM/先进封装,stock_basic_keyword,0.7,industry:IT设备,20250101,
20250101,603678.SH,火炬电子,元器件,主板,SSE,半导体国产替代,存储/HBM/先进封装,stock_basic_keyword,0.7,industry:元器件,20250101,
20250101,603690.SH,至纯科技,半导体,主板,SSE,半导体国产替代,存储/HBM/先进封装,stock_basic_keyword,0.7,industry:半导体,20250101,
20250101,603703.SH,盛洋科技,元器件,主板,SSE,半导体国产替代,存储/HBM/先进封装,stock_basic_keyword,0.7,industry:元器件,20250101,
20250101,603738.SH,泰晶科技,元器件,主板,SSE,半导体国产替代,存储/HBM/先进封装,stock_basic_keyword,0.7,industry:元器件,20250101,
20250101,603773.SH,沃格光电,元器件,主板,SSE,半导体国产替代,存储/HBM/先进封装,stock_basic_keyword,0.7,industry:元器件,20250101,
20250101,603890.SH,春秋电子,元器件,主板,SSE,半导体国产替代,存储/HBM/先进封装,stock_basic_keyword,0.7,industry:元器件,20250101,
20250101,603893.SH,瑞芯微,半导体,主板,SSE,半导体国产替代,存储/HBM/先进封装,stock_basic_keyword,0.7,industry:半导体,20250101,
20250101,603920.SH,世运电路,元器件,主板,SSE,半导体国产替代,存储/HBM/先进封装,stock_basic_keyword,0.7,industry:元器件,20250101,
20250101,603933.SH,睿能科技,元器件,主板,SSE,半导体国产替代,存储/HBM/先进封装,stock_basic_keyword,0.7,industry:元器件,20250101,
20250101,603936.SH,博敏电子,元器件,主板,SSE,半导体国产替代,存储/HBM/先进封装,stock_basic_keyword,0.7,industry:元器件,20250101,
20250101,603986.SH,兆易创新,半导体,主板,SSE,半导体国产替代,存储/HBM/先进封装,stock_basic_keyword,0.7,industry:半导体,20250101,
20250101,603989.SH,艾华集团,元器件,主板,SSE,半导体国产替代,存储/HBM/先进封装,stock_basic_keyword,0.7,industry:元器件,20250101,
20250101,603991.SH,至正股份,半导体,主板,SSE,半导体国产替代,存储/HBM/先进封装,stock_basic_keyword,0.7,industry:半导体,20250101,
20250101,605058.SH,澳弘电子,元器件,主板,SSE,半导体国产替代,存储/HBM/先进封装,stock_basic_keyword,0.7,industry:元器件,20250101,
20250101,605111.SH,新洁能,半导体,主板,SSE,半导体国产替代,存储/HBM/先进封装,stock_basic_keyword,0.7,industry:半导体,20250101,
20250101,605118.SH,力鼎光电,元器件,主板,SSE,半导体国产替代,存储/HBM/先进封装,stock_basic_keyword,0.7,industry:元器件,20250101,
20250101,605218.SH,伟时电子,元器件,主板,SSE,半导体国产替代,存储/HBM/先进封装,stock_basic_keyword,0.7,industry:元器件,20250101,
20250101,605258.SH,协和电子,元器件,主板,SSE,半导体国产替代,存储/HBM/先进封装,stock_basic_keyword,0.7,industry:元器件,20250101,
20250101,605277.SH,新亚电子,元器件,主板,SSE,半导体国产替代,存储/HBM/先进封装,stock_basic_keyword,0.7,industry:元器件,20250101,
20250101,605358.SH,立昂微,半导体,主板,SSE,半导体国产替代,存储/HBM/先进封装,stock_basic_keyword,0.7,industry:半导体,20250101,
20250101,605588.SH,冠石科技,元器件,主板,SSE,半导体国产替代,存储/HBM/先进封装,stock_basic_keyword,0.7,industry:元器件,20250101,
20250101,688007.SH,光峰科技,元器件,科创板,SSE,半导体国产替代,存储/HBM/先进封装,stock_basic_keyword,0.7,industry:元器件,20250101,
20250101,688008.SH,澜起科技,半导体,科创板,SSE,半导体国产替代,存储/HBM/先进封装,stock_basic_keyword,0.7,industry:半导体,20250101,
20250101,688010.SH,福光股份,元器件,科创板,SSE,半导体国产替代,存储/HBM/先进封装,stock_basic_keyword,0.7,industry:元器件,20250101,
20250101,688011.SH,新光光电,元器件,科创板,SSE,半导体国产替代,存储/HBM/先进封装,stock_basic_keyword,0.7,industry:元器件,20250101,
20250101,688012.SH,中微公司,半导体,科创板,SSE,半导体国产替代,存储/HBM/先进封装,stock_basic_keyword,0.7,industry:半导体,20250101,
20250101,688018.SH,乐鑫科技,半导体,科创板,SSE,半导体国产替代,存储/HBM/先进封装,stock_basic_keyword,0.7,industry:半导体,20250101,
20250101,688019.SH,安集科技,半导体,科创板,SSE,半导体国产替代,存储/HBM/先进封装,stock_basic_keyword,0.7,industry:半导体,20250101,
20250101,688020.SH,方邦股份,元器件,科创板,SSE,半导体国产替代,存储/HBM/先进封装,stock_basic_keyword,0.7,industry:元器件,20250101,
20250101,688035.SH,德邦科技,半导体,科创板,SSE,半导体国产替代,存储/HBM/先进封装,stock_basic_keyword,0.7,industry:半导体,20250101,
20250101,688037.SH,芯源微,半导体,科创板,SSE,半导体国产替代,存储/HBM/先进封装,stock_basic_keyword,0.7,industry:半导体,20250101,
20250101,688041.SH,海光信息,半导体,科创板,SSE,半导体国产替代,存储/HBM/先进封装,stock_basic_keyword,0.7,industry:半导体,20250101,
20250101,688045.SH,必易微,半导体,科创板,SSE,半导体国产替代,存储/HBM/先进封装,stock_basic_keyword,0.7,industry:半导体,20250101,
20250101,688047.SH,龙芯中科,半导体,科创板,SSE,半导体国产替代,存储/HBM/先进封装,stock_basic_keyword,0.7,industry:半导体,20250101,
20250101,688048.SH,长光华芯,半导体,科创板,SSE,半导体国产替代,存储/HBM/先进封装,stock_basic_keyword,0.7,industry:半导体,20250101,
20250101,688049.SH,炬芯科技,半导体,科创板,SSE,半导体国产替代,存储/HBM/先进封装,stock_basic_keyword,0.7,industry:半导体,20250101,
20250101,688052.SH,纳芯微,半导体,科创板,SSE,半导体国产替代,存储/HBM/先进封装,stock_basic_keyword,0.7,industry:半导体,20250101,
20250101,688053.SH,ST思科瑞,元器件,科创板,SSE,半导体国产替代,存储/HBM/先进封装,stock_basic_keyword,0.7,industry:元器件,20250101,
20250101,688055.SH,龙腾光电,元器件,科创板,SSE,半导体国产替代,存储/HBM/先进封装,stock_basic_keyword,0.7,industry:元器件,20250101,
20250101,688060.SH,云涌科技,IT设备,科创板,SSE,半导体国产替代,存储/HBM/先进封装,stock_basic_keyword,0.7,industry:IT设备,20250101,
20250101,688061.SH,灿瑞科技,半导体,科创板,SSE,半导体国产替代,存储/HBM/先进封装,stock_basic_keyword,0.7,industry:半导体,20250101,
20250101,688072.SH,拓荆科技,半导体,科创板,SSE,半导体国产替代,存储/HBM/先进封装,stock_basic_keyword,0.7,industry:半导体,20250101,
20250101,688079.SH,美迪凯,元器件,科创板,SSE,半导体国产替代,存储/HBM/先进封装,stock_basic_keyword,0.7,industry:元器件,20250101,
20250101,688082.SH,盛美上海,半导体,科创板,SSE,半导体国产替代,存储/HBM/先进封装,stock_basic_keyword,0.7,industry:半导体,20250101,
20250101,688099.SH,晶晨股份,半导体,科创板,SSE,半导体国产替代,存储/HBM/先进封装,stock_basic_keyword,0.7,industry:半导体,20250101,
20250101,688103.SH,国力电子,元器件,科创板,SSE,半导体国产替代,存储/HBM/先进封装,stock_basic_keyword,0.7,industry:元器件,20250101,
20250101,688107.SH,安路科技,半导体,科创板,SSE,半导体国产替代,存储/HBM/先进封装,stock_basic_keyword,0.7,industry:半导体,20250101,
20250101,688110.SH,东芯股份,半导体,科创板,SSE,半导体国产替代,存储/HBM/先进封装,stock_basic_keyword,0.7,industry:半导体,20250101,
20250101,688120.SH,华海清科,半导体,科创板,SSE,半导体国产替代,存储/HBM/先进封装,stock_basic_keyword,0.7,industry:半导体,20250101,
20250101,688123.SH,聚辰股份,半导体,科创板,SSE,半导体国产替代,存储/HBM/先进封装,stock_basic_keyword,0.7,industry:半导体,20250101,
20250101,688126.SH,沪硅产业,半导体,科创板,SSE,半导体国产替代,存储/HBM/先进封装,stock_basic_keyword,0.7,industry:半导体,20250101,
20250101,688127.SH,蓝特光学,元器件,科创板,SSE,半导体国产替代,存储/HBM/先进封装,stock_basic_keyword,0.7,industry:元器件,20250101,
20250101,688130.SH,晶华微,半导体,科创板,SSE,半导体国产替代,存储/HBM/先进封装,stock_basic_keyword,0.7,industry:半导体,20250101,
20250101,688135.SH,利扬芯片,半导体,科创板,SSE,半导体国产替代,存储/HBM/先进封装,stock_basic_keyword,0.7,industry:半导体,20250101,
20250101,688138.SH,清溢光电,半导体,科创板,SSE,半导体国产替代,存储/HBM/先进封装,stock_basic_keyword,0.7,industry:半导体,20250101,
20250101,688141.SH,杰华特,半导体,科创板,SSE,半导体国产替代,存储/HBM/先进封装,stock_basic_keyword,0.7,industry:半导体,20250101,
20250101,688146.SH,中船特气,半导体,科创板,SSE,半导体国产替代,存储/HBM/先进封装,stock_basic_keyword,0.7,industry:半导体,20250101,
20250101,688150.SH,莱特光电,元器件,科创板,SSE,半导体国产替代,存储/HBM/先进封装,stock_basic_keyword,0.7,industry:元器件,20250101,
20250101,688153.SH,唯捷创芯,半导体,科创板,SSE,半导体国产替代,存储/HBM/先进封装,stock_basic_keyword,0.7,industry:半导体,20250101,
20250101,688167.SH,炬光科技,元器件,科创板,SSE,半导体国产替代,存储/HBM/先进封装,stock_basic_keyword,0.7,industry:元器件,20250101,
20250101,688172.SH,燕东微,半导体,科创板,SSE,半导体国产替代,存储/HBM/先进封装,stock_basic_keyword,0.7,industry:半导体,20250101,
20250101,688173.SH,希荻微,半导体,科创板,SSE,半导体国产替代,存储/HBM/先进封装,stock_basic_keyword,0.7,industry:半导体,20250101,
20250101,688181.SH,八亿时空,元器件,科创板,SSE,半导体国产替代,存储/HBM/先进封装,stock_basic_keyword,0.7,industry:元器件,20250101,
20250101,688183.SH,生益电子,元器件,科创板,SSE,半导体国产替代,存储/HBM/先进封装,stock_basic_keyword,0.7,industry:元器件,20250101,
20250101,688195.SH,腾景科技,元器件,科创板,SSE,半导体国产替代,存储/HBM/先进封装,stock_basic_keyword,0.7,industry:元器件,20250101,
20250101,688200.SH,华峰测控,半导体,科创板,SSE,半导体国产替代,存储/HBM/先进封装,stock_basic_keyword,0.7,industry:半导体,20250101,
20250101,688206.SH,概伦电子,半导体,科创板,SSE,半导体国产替代,存储/HBM/先进封装,stock_basic_keyword,0.7,industry:半导体,20250101,
20250101,688208.SH,道通科技,IT设备,科创板,SSE,半导体国产替代,存储/HBM/先进封装,stock_basic_keyword,0.7,industry:IT设备,20250101,
20250101,688209.SH,英集芯,半导体,科创板,SSE,半导体国产替代,存储/HBM/先进封装,stock_basic_keyword,0.7,industry:半导体,20250101,
20250101,688210.SH,统联精密,元器件,科创板,SSE,半导体国产替代,存储/HBM/先进封装,stock_basic_keyword,0.7,industry:元器件,20250101,
20250101,688213.SH,思特威-W,半导体,科创板,SSE,半导体国产替代,存储/HBM/先进封装,stock_basic_keyword,0.7,industry:半导体,20250101,
20250101,688216.SH,气派科技,半导体,科创板,SSE,半导体国产替代,存储/HBM/先进封装,stock_basic_keyword,0.7,industry:半导体,20250101,
20250101,688220.SH,翱捷科技-U,半导体,科创板,SSE,半导体国产替代,存储/HBM/先进封装,stock_basic_keyword,0.7,industry:半导体,20250101,
20250101,688230.SH,芯导科技,半导体,科创板,SSE,半导体国产替代,存储/HBM/先进封装,stock_basic_keyword,0.7,industry:半导体,20250101,
20250101,688233.SH,神工股份,半导体,科创板,SSE,半导体国产替代,存储/HBM/先进封装,stock_basic_keyword,0.7,industry:半导体,20250101,
20250101,688234.SH,天岳先进,半导体,科创板,SSE,半导体国产替代,存储/HBM/先进封装,stock_basic_keyword,0.7,industry:半导体,20250101,
20250101,688249.SH,晶合集成,半导体,科创板,SSE,半导体国产替代,存储/HBM/先进封装,stock_basic_keyword,0.7,industry:半导体,20250101,
20250101,688252.SH,天德钰,半导体,科创板,SSE,半导体国产替代,存储/HBM/先进封装,stock_basic_keyword,0.7,industry:半导体,20250101,
20250101,688256.SH,寒武纪,半导体,科创板,SSE,半导体国产替代,存储/HBM/先进封装,stock_basic_keyword,0.7,industry:半导体,20250101,
20250101,688259.SH,创耀科技,半导体,科创板,SSE,半导体国产替代,存储/HBM/先进封装,stock_basic_keyword,0.7,industry:半导体,20250101,
20250101,688260.SH,昀冢科技,元器件,科创板,SSE,半导体国产替代,存储/HBM/先进封装,stock_basic_keyword,0.7,industry:元器件,20250101,
20250101,688261.SH,东微半导,半导体,科创板,SSE,半导体国产替代,存储/HBM/先进封装,stock_basic_keyword,0.7,industry:半导体,20250101,
20250101,688262.SH,国芯科技,半导体,科创板,SSE,半导体国产替代,存储/HBM/先进封装,stock_basic_keyword,0.7,industry:半导体,20250101,
20250101,688270.SH,臻镭科技,半导体,科创板,SSE,半导体国产替代,存储/HBM/先进封装,stock_basic_keyword,0.7,industry:半导体,20250101,
20250101,688272.SH,富吉瑞,元器件,科创板,SSE,半导体国产替代,存储/HBM/先进封装,stock_basic_keyword,0.7,industry:元器件,20250101,
20250101,688279.SH,峰岹科技,半导体,科创板,SSE,半导体国产替代,存储/HBM/先进封装,stock_basic_keyword,0.7,industry:半导体,20250101,
20250101,688286.SH,敏芯股份,半导体,科创板,SSE,半导体国产替代,存储/HBM/先进封装,stock_basic_keyword,0.7,industry:半导体,20250101,
20250101,688288.SH,鸿泉技术,IT设备,科创板,SSE,半导体国产替代,存储/HBM/先进封装,stock_basic_keyword,0.7,industry:IT设备,20250101,
20250101,688299.SH,长阳科技,元器件,科创板,SSE,半导体国产替代,存储/HBM/先进封装,stock_basic_keyword,0.7,industry:元器件,20250101,
20250101,688307.SH,中润光学,元器件,科创板,SSE,半导体国产替代,存储/HBM/先进封装,stock_basic_keyword,0.7,industry:元器件,20250101,
20250101,688311.SH,盟升电子,元器件,科创板,SSE,半导体国产替代,存储/HBM/先进封装,stock_basic_keyword,0.7,industry:元器件,20250101,
20250101,688322.SH,奥比中光-UW,元器件,科创板,SSE,半导体国产替代,存储/HBM/先进封装,stock_basic_keyword,0.7,industry:元器件,20250101,
20250101,688325.SH,赛微微电,半导体,科创板,SSE,半导体国产替代,存储/HBM/先进封装,stock_basic_keyword,0.7,industry:半导体,20250101,
20250101,688332.SH,中科蓝讯,半导体,科创板,SSE,半导体国产替代,存储/HBM/先进封装,stock_basic_keyword,0.7,industry:半导体,20250101,
20250101,688347.SH,华虹公司,半导体,科创板,SSE,半导体国产替代,存储/HBM/先进封装,stock_basic_keyword,0.7,industry:半导体,20250101,
20250101,688352.SH,颀中科技,半导体,科创板,SSE,半导体国产替代,存储/HBM/先进封装,stock_basic_keyword,0.7,industry:半导体,20250101,
20250101,688361.SH,中科飞测,半导体,科创板,SSE,半导体国产替代,存储/HBM/先进封装,stock_basic_keyword,0.7,industry:半导体,20250101,
20250101,688362.SH,甬矽电子,半导体,科创板,SSE,半导体国产替代,存储/HBM/先进封装,stock_basic_keyword,0.7,industry:半导体,20250101,
20250101,688368.SH,晶丰明源,半导体,科创板,SSE,半导体国产替代,存储/HBM/先进封装,stock_basic_keyword,0.7,industry:半导体,20250101,
20250101,688371.SH,菲沃泰,元器件,科创板,SSE,半导体国产替代,存储/HBM/先进封装,stock_basic_keyword,0.7,industry:元器件,20250101,
20250101,688372.SH,伟测科技,半导体,科创板,SSE,半导体国产替代,存储/HBM/先进封装,stock_basic_keyword,0.7,industry:半导体,20250101,
20250101,688375.SH,国博电子,元器件,科创板,SSE,半导体国产替代,存储/HBM/先进封装,stock_basic_keyword,0.7,industry:元器件,20250101,
20250101,688380.SH,中微半导,半导体,科创板,SSE,半导体国产替代,存储/HBM/先进封装,stock_basic_keyword,0.7,industry:半导体,20250101,
20250101,688381.SH,帝奥微,半导体,科创板,SSE,半导体国产替代,存储/HBM/先进封装,stock_basic_keyword,0.7,industry:半导体,20250101,
20250101,688385.SH,复旦微电,半导体,科创板,SSE,半导体国产替代,存储/HBM/先进封装,stock_basic_keyword,0.7,industry:半导体,20250101,
20250101,688391.SH,钜泉科技,半导体,科创板,SSE,半导体国产替代,存储/HBM/先进封装,stock_basic_keyword,0.7,industry:半导体,20250101,
20250101,688396.SH,华润微,半导体,科创板,SSE,半导体国产替代,存储/HBM/先进封装,stock_basic_keyword,0.7,industry:半导体,20250101,
20250101,688401.SH,路维光电,半导体,科创板,SSE,半导体国产替代,存储/HBM/先进封装,stock_basic_keyword,0.7,industry:半导体,20250101,
20250101,688403.SH,汇成股份,半导体,科创板,SSE,半导体国产替代,存储/HBM/先进封装,stock_basic_keyword,0.7,industry:半导体,20250101,
20250101,688409.SH,富创精密,半导体,科创板,SSE,半导体国产替代,存储/HBM/先进封装,stock_basic_keyword,0.7,industry:半导体,20250101,
20250101,688416.SH,恒烁股份,半导体,科创板,SSE,半导体国产替代,存储/HBM/先进封装,stock_basic_keyword,0.7,industry:半导体,20250101,
20250101,688419.SH,耐科装备,半导体,科创板,SSE,半导体国产替代,存储/HBM/先进封装,stock_basic_keyword,0.7,industry:半导体,20250101,
20250101,688432.SH,有研硅,半导体,科创板,SSE,半导体国产替代,存储/HBM/先进封装,stock_basic_keyword,0.7,industry:半导体,20250101,
20250101,688439.SH,振华风光,元器件,科创板,SSE,半导体国产替代,存储/HBM/先进封装,stock_basic_keyword,0.7,industry:元器件,20250101,
20250101,688449.SH,联芸科技,半导体,科创板,SSE,半导体国产替代,存储/HBM/先进封装,stock_basic_keyword,0.7,industry:半导体,20250101,
20250101,688458.SH,美芯晟,半导体,科创板,SSE,半导体国产替代,存储/HBM/先进封装,stock_basic_keyword,0.7,industry:半导体,20250101,
20250101,688469.SH,芯联集成-U,半导体,科创板,SSE,半导体国产替代,存储/HBM/先进封装,stock_basic_keyword,0.7,industry:半导体,20250101,
20250101,688475.SH,萤石网络,IT设备,科创板,SSE,半导体国产替代,存储/HBM/先进封装,stock_basic_keyword,0.7,industry:IT设备,20250101,
20250101,688478.SH,晶升股份,半导体,科创板,SSE,半导体国产替代,存储/HBM/先进封装,stock_basic_keyword,0.7,industry:半导体,20250101,
20250101,688484.SH,南芯科技,半导体,科创板,SSE,半导体国产替代,存储/HBM/先进封装,stock_basic_keyword,0.7,industry:半导体,20250101,
20250101,688486.SH,龙迅股份,半导体,科创板,SSE,半导体国产替代,存储/HBM/先进封装,stock_basic_keyword,0.7,industry:半导体,20250101,
20250101,688489.SH,三未信安,IT设备,科创板,SSE,半导体国产替代,存储/HBM/先进封装,stock_basic_keyword,0.7,industry:IT设备,20250101,
20250101,688496.SH,清越科技,元器件,科创板,SSE,半导体国产替代,存储/HBM/先进封装,stock_basic_keyword,0.7,industry:元器件,20250101,
20250101,688498.SH,源杰科技,半导体,科创板,SSE,半导体国产替代,存储/HBM/先进封装,stock_basic_keyword,0.7,industry:半导体,20250101,
20250101,688502.SH,茂莱光学,元器件,科创板,SSE,半导体国产替代,存储/HBM/先进封装,stock_basic_keyword,0.7,industry:元器件,20250101,
20250101,688508.SH,芯朋微,半导体,科创板,SSE,半导体国产替代,存储/HBM/先进封装,stock_basic_keyword,0.7,industry:半导体,20250101,
20250101,688511.SH,DR*ST天,元器件,科创板,SSE,半导体国产替代,存储/HBM/先进封装,stock_basic_keyword,0.7,industry:元器件,20250101,
20250101,688512.SH,慧智微-U,半导体,科创板,SSE,半导体国产替代,存储/HBM/先进封装,stock_basic_keyword,0.7,industry:半导体,20250101,
20250101,688515.SH,裕太微-U,半导体,科创板,SSE,半导体国产替代,存储/HBM/先进封装,stock_basic_keyword,0.7,industry:半导体,20250101,
20250101,688519.SH,南亚新材,元器件,科创板,SSE,半导体国产替代,存储/HBM/先进封装,stock_basic_keyword,0.7,industry:元器件,20250101,
20250101,688521.SH,芯原股份,半导体,科创板,SSE,半导体国产替代,存储/HBM/先进封装,stock_basic_keyword,0.7,industry:半导体,20250101,
20250101,688525.SH,佰维存储,半导体,科创板,SSE,半导体国产替代,存储/HBM/先进封装,stock_basic_keyword,0.7,industry:半导体;name:存储;name:佰维,20250101,
20250101,688530.SH,欧莱新材,半导体,科创板,SSE,半导体国产替代,存储/HBM/先进封装,stock_basic_keyword,0.7,industry:半导体,20250101,
20250101,688535.SH,华海诚科,半导体,科创板,SSE,半导体国产替代,存储/HBM/先进封装,stock_basic_keyword,0.7,industry:半导体,20250101,
20250101,688536.SH,思瑞浦,半导体,科创板,SSE,半导体国产替代,存储/HBM/先进封装,stock_basic_keyword,0.7,industry:半导体,20250101,
20250101,688538.SH,和辉光电-U,半导体,科创板,SSE,半导体国产替代,存储/HBM/先进封装,stock_basic_keyword,0.7,industry:半导体,20250101,
20250101,688549.SH,中巨芯-U,元器件,科创板,SSE,半导体国产替代,存储/HBM/先进封装,stock_basic_keyword,0.7,industry:元器件,20250101,
20250101,688582.SH,芯动联科,元器件,科创板,SSE,半导体国产替代,存储/HBM/先进封装,stock_basic_keyword,0.7,industry:元器件,20250101,
20250101,688584.SH,上海合晶,半导体,科创板,SSE,半导体国产替代,存储/HBM/先进封装,stock_basic_keyword,0.7,industry:半导体,20250101,
20250101,688589.SH,力合微,半导体,科创板,SSE,半导体国产替代,存储/HBM/先进封装,stock_basic_keyword,0.7,industry:半导体,20250101,
20250101,688591.SH,泰凌微,半导体,科创板,SSE,半导体国产替代,存储/HBM/先进封装,stock_basic_keyword,0.7,industry:半导体,20250101,
20250101,688593.SH,新相微,半导体,科创板,SSE,半导体国产替代,存储/HBM/先进封装,stock_basic_keyword,0.7,industry:半导体,20250101,
20250101,688595.SH,芯海科技,半导体,科创板,SSE,半导体国产替代,存储/HBM/先进封装,stock_basic_keyword,0.7,industry:半导体,20250101,
20250101,688601.SH,力芯微,半导体,科创板,SSE,半导体国产替代,存储/HBM/先进封装,stock_basic_keyword,0.7,industry:半导体,20250101,
20250101,688605.SH,先锋精科,半导体,科创板,SSE,半导体国产替代,存储/HBM/先进封装,stock_basic_keyword,0.7,industry:半导体,20250101,
20250101,688608.SH,恒玄科技,半导体,科创板,SSE,半导体国产替代,存储/HBM/先进封装,stock_basic_keyword,0.7,industry:半导体,20250101,
20250101,688620.SH,安凯微,半导体,科创板,SSE,半导体国产替代,存储/HBM/先进封装,stock_basic_keyword,0.7,industry:半导体,20250101,
20250101,688629.SH,华丰科技,元器件,科创板,SSE,半导体国产替代,存储/HBM/先进封装,stock_basic_keyword,0.7,industry:元器件,20250101,
20250101,688636.SH,智明达,元器件,科创板,SSE,半导体国产替代,存储/HBM/先进封装,stock_basic_keyword,0.7,industry:元器件,20250101,
20250101,688652.SH,京仪装备,半导体,科创板,SSE,半导体国产替代,存储/HBM/先进封装,stock_basic_keyword,0.7,industry:半导体,20250101,
20250101,688653.SH,康希通信,半导体,科创板,SSE,半导体国产替代,存储/HBM/先进封装,stock_basic_keyword,0.7,industry:半导体,20250101,
20250101,688655.SH,迅捷兴,元器件,科创板,SSE,半导体国产替代,存储/HBM/先进封装,stock_basic_keyword,0.7,industry:元器件,20250101,
20250101,688661.SH,和林微纳,元器件,科创板,SSE,半导体国产替代,存储/HBM/先进封装,stock_basic_keyword,0.7,industry:元器件,20250101,
20250101,688662.SH,富信科技,元器件,科创板,SSE,半导体国产替代,存储/HBM/先进封装,stock_basic_keyword,0.7,industry:元器件,20250101,
20250101,688678.SH,福立旺,元器件,科创板,SSE,半导体国产替代,存储/HBM/先进封装,stock_basic_keyword,0.7,industry:元器件,20250101,
20250101,688683.SH,莱尔科技,元器件,科创板,SSE,半导体国产替代,存储/HBM/先进封装,stock_basic_keyword,0.7,industry:元器件,20250101,
20250101,688689.SH,银河微电,半导体,科创板,SSE,半导体国产替代,存储/HBM/先进封装,stock_basic_keyword,0.7,industry:半导体,20250101,
20250101,688691.SH,灿芯股份,半导体,科创板,SSE,半导体国产替代,存储/HBM/先进封装,stock_basic_keyword,0.7,industry:半导体,20250101,
20250101,688693.SH,锴威特,半导体,科创板,SSE,半导体国产替代,存储/HBM/先进封装,stock_basic_keyword,0.7,industry:半导体,20250101,
20250101,688699.SH,明微电子,半导体,科创板,SSE,半导体国产替代,存储/HBM/先进封装,stock_basic_keyword,0.7,industry:半导体,20250101,
20250101,688702.SH,盛科通信-U,半导体,科创板,SSE,半导体国产替代,存储/HBM/先进封装,stock_basic_keyword,0.7,industry:半导体,20250101,
20250101,688709.SH,成都华微,半导体,科创板,SSE,半导体国产替代,存储/HBM/先进封装,stock_basic_keyword,0.7,industry:半导体,20250101,
20250101,688711.SH,宏微科技,半导体,科创板,SSE,半导体国产替代,存储/HBM/先进封装,stock_basic_keyword,0.7,industry:半导体,20250101,
20250101,688720.SH,艾森股份,半导体,科创板,SSE,半导体国产替代,存储/HBM/先进封装,stock_basic_keyword,0.7,industry:半导体,20250101,
20250101,688721.SH,龙图光罩,半导体,科创板,SSE,半导体国产替代,存储/HBM/先进封装,stock_basic_keyword,0.7,industry:半导体,20250101,
20250101,688728.SH,格科微,半导体,科创板,SSE,半导体国产替代,存储/HBM/先进封装,stock_basic_keyword,0.7,industry:半导体,20250101,
20250101,688766.SH,普冉股份,半导体,科创板,SSE,半导体国产替代,存储/HBM/先进封装,stock_basic_keyword,0.7,industry:半导体,20250101,
20250101,688776.SH,国光电气,元器件,科创板,SSE,半导体国产替代,存储/HBM/先进封装,stock_basic_keyword,0.7,industry:元器件,20250101,
20250101,688798.SH,艾为电子,半导体,科创板,SSE,半导体国产替代,存储/HBM/先进封装,stock_basic_keyword,0.7,industry:半导体,20250101,
20250101,688800.SH,瑞可达,元器件,科创板,SSE,半导体国产替代,存储/HBM/先进封装,stock_basic_keyword,0.7,industry:元器件,20250101,
20250101,688981.SH,中芯国际,半导体,科创板,SSE,半导体国产替代,存储/HBM/先进封装,stock_basic_keyword,0.7,industry:半导体,20250101,
20250101,920001.BJ,纬达光电,元器件,北交所,BSE,半导体国产替代,存储/HBM/先进封装,stock_basic_keyword,0.7,industry:元器件,20250101,
20250101,920060.BJ,万源通,元器件,北交所,BSE,半导体国产替代,存储/HBM/先进封装,stock_basic_keyword,0.7,industry:元器件,20250101,
20250101,920090.BJ,同辉信息,IT设备,北交所,BSE,半导体国产替代,存储/HBM/先进封装,stock_basic_keyword,0.7,industry:IT设备,20250101,
20250101,920128.BJ,胜业电气,元器件,北交所,BSE,半导体国产替代,存储/HBM/先进封装,stock_basic_keyword,0.7,industry:元器件,20250101,
20250101,920139.BJ,华岭股份,半导体,北交所,BSE,半导体国产替代,存储/HBM/先进封装,stock_basic_keyword,0.7,industry:半导体,20250101,
20250101,920190.BJ,雷神科技,IT设备,北交所,BSE,半导体国产替代,存储/HBM/先进封装,stock_basic_keyword,0.7,industry:IT设备,20250101,
20250101,920198.BJ,微创光电,IT设备,北交所,BSE,半导体国产替代,存储/HBM/先进封装,stock_basic_keyword,0.7,industry:IT设备,20250101,
20250101,920212.BJ,智新电子,元器件,北交所,BSE,半导体国产替代,存储/HBM/先进封装,stock_basic_keyword,0.7,industry:元器件,20250101,
20250101,920249.BJ,利尔达,元器件,北交所,BSE,半导体国产替代,存储/HBM/先进封装,stock_basic_keyword,0.7,industry:元器件,20250101,
20250101,920267.BJ,鑫汇科,元器件,北交所,BSE,半导体国产替代,存储/HBM/先进封装,stock_basic_keyword,0.7,industry:元器件,20250101,
20250101,920346.BJ,威贸电子,元器件,北交所,BSE,半导体国产替代,存储/HBM/先进封装,stock_basic_keyword,0.7,industry:元器件,20250101,
20250101,920357.BJ,雅葆轩,元器件,北交所,BSE,半导体国产替代,存储/HBM/先进封装,stock_basic_keyword,0.7,industry:元器件,20250101,
20250101,920395.BJ,朗鸿科技,IT设备,北交所,BSE,半导体国产替代,存储/HBM/先进封装,stock_basic_keyword,0.7,industry:IT设备,20250101,
20250101,920438.BJ,戈碧迦,元器件,北交所,BSE,半导体国产替代,存储/HBM/先进封装,stock_basic_keyword,0.7,industry:元器件,20250101,
20250101,920491.BJ,奥迪威,元器件,北交所,BSE,半导体国产替代,存储/HBM/先进封装,stock_basic_keyword,0.7,industry:元器件,20250101,
20250101,920701.BJ,豪声电子,元器件,北交所,BSE,半导体国产替代,存储/HBM/先进封装,stock_basic_keyword,0.7,industry:元器件,20250101,
20250101,920808.BJ,曙光数创,IT设备,北交所,BSE,半导体国产替代,存储/HBM/先进封装,stock_basic_keyword,0.7,industry:IT设备,20250101,
20250101,920821.BJ,则成电子,元器件,北交所,BSE,半导体国产替代,存储/HBM/先进封装,stock_basic_keyword,0.7,industry:元器件,20250101,
20250101,920857.BJ,泓禧科技,元器件,北交所,BSE,半导体国产替代,存储/HBM/先进封装,stock_basic_keyword,0.7,industry:元器件,20250101,
20250101,920876.BJ,慧为智能,元器件,北交所,BSE,半导体国产替代,存储/HBM/先进封装,stock_basic_keyword,0.7,industry:元器件,20250101,
20250101,920950.BJ,迅安科技,元器件,北交所,BSE,半导体国产替代,存储/HBM/先进封装,stock_basic_keyword,0.7,industry:元器件,20250101,
20250101,920981.BJ,晶赛科技,元器件,北交所,BSE,半导体国产替代,存储/HBM/先进封装,stock_basic_keyword,0.7,industry:元器件,20250101,
20250101,000020.SZ,深华发Ａ,元器件,主板,SZSE,半导体国产替代,芯片设计/功率半导体,stock_basic_keyword,0.75,industry:元器件,20250101,
20250101,000021.SZ,深科技,元器件,主板,SZSE,半导体国产替代,芯片设计/功率半导体,stock_basic_keyword,0.75,industry:元器件,20250101,
20250101,000045.SZ,深纺织Ａ,元器件,主板,SZSE,半导体国产替代,芯片设计/功率半导体,stock_basic_keyword,0.75,industry:元器件,20250101,
20250101,000050.SZ,深天马Ａ,元器件,主板,SZSE,半导体国产替代,芯片设计/功率半导体,stock_basic_keyword,0.75,industry:元器件,20250101,
20250101,000062.SZ,深圳华强,元器件,主板,SZSE,半导体国产替代,芯片设计/功率半导体,stock_basic_keyword,0.75,industry:元器件,20250101,
20250101,000100.SZ,TCL科技,元器件,主板,SZSE,半导体国产替代,芯片设计/功率半导体,stock_basic_keyword,0.75,industry:元器件,20250101,
20250101,000509.SZ,华塑控股,元器件,主板,SZSE,半导体国产替代,芯片设计/功率半导体,stock_basic_keyword,0.75,industry:元器件,20250101,
20250101,000536.SZ,华映科技,元器件,主板,SZSE,半导体国产替代,芯片设计/功率半导体,stock_basic_keyword,0.75,industry:元器件,20250101,
20250101,000636.SZ,风华高科,元器件,主板,SZSE,半导体国产替代,芯片设计/功率半导体,stock_basic_keyword,0.75,industry:元器件,20250101,
20250101,000670.SZ,盈方微,元器件,主板,SZSE,半导体国产替代,芯片设计/功率半导体,stock_basic_keyword,0.75,industry:元器件;name:微,20250101,
20250101,000725.SZ,京东方Ａ,元器件,主板,SZSE,半导体国产替代,芯片设计/功率半导体,stock_basic_keyword,0.75,industry:元器件,20250101,
20250101,000727.SZ,冠捷科技,元器件,主板,SZSE,半导体国产替代,芯片设计/功率半导体,stock_basic_keyword,0.75,industry:元器件,20250101,
20250101,000733.SZ,振华科技,元器件,主板,SZSE,半导体国产替代,芯片设计/功率半导体,stock_basic_keyword,0.75,industry:元器件,20250101,
20250101,000823.SZ,超声电子,元器件,主板,SZSE,半导体国产替代,芯片设计/功率半导体,stock_basic_keyword,0.75,industry:元器件,20250101,
20250101,001269.SZ,欧晶科技,矿物制品,主板,SZSE,半导体国产替代,芯片设计/功率半导体,stock_basic_keyword,0.75,name:晶,20250101,
20250101,001270.SZ,*ST铖昌,半导体,主板,SZSE,半导体国产替代,芯片设计/功率半导体,stock_basic_keyword,0.75,industry:半导体,20250101,
20250101,001287.SZ,中电港,元器件,主板,SZSE,半导体国产替代,芯片设计/功率半导体,stock_basic_keyword,0.75,industry:元器件,20250101,
20250101,001298.SZ,好上好,元器件,主板,SZSE,半导体国产替代,芯片设计/功率半导体,stock_basic_keyword,0.75,industry:元器件,20250101,
20250101,001308.SZ,康冠科技,元器件,主板,SZSE,半导体国产替代,芯片设计/功率半导体,stock_basic_keyword,0.75,industry:元器件,20250101,
20250101,001309.SZ,德明利,半导体,主板,SZSE,半导体国产替代,芯片设计/功率半导体,stock_basic_keyword,0.75,industry:半导体,20250101,
20250101,001314.SZ,亿道信息,元器件,主板,SZSE,半导体国产替代,芯片设计/功率半导体,stock_basic_keyword,0.75,industry:元器件,20250101,
20250101,001339.SZ,智微智能,IT设备,主板,SZSE,半导体国产替代,芯片设计/功率半导体,stock_basic_keyword,0.75,name:微,20250101,
20250101,001373.SZ,翔腾新材,元器件,主板,SZSE,半导体国产替代,芯片设计/功率半导体,stock_basic_keyword,0.75,industry:元器件,20250101,
20250101,001389.SZ,广合科技,元器件,主板,SZSE,半导体国产替代,芯片设计/功率半导体,stock_basic_keyword,0.75,industry:元器件,20250101,
20250101,002025.SZ,航天电器,元器件,主板,SZSE,半导体国产替代,芯片设计/功率半导体,stock_basic_keyword,0.75,industry:元器件,20250101,
20250101,002036.SZ,联创电子,元器件,主板,SZSE,半导体国产替代,芯片设计/功率半导体,stock_basic_keyword,0.75,industry:元器件,20250101,
20250101,002045.SZ,国光电器,元器件,主板,SZSE,半导体国产替代,芯片设计/功率半导体,stock_basic_keyword,0.75,industry:元器件,20250101,
20250101,002049.SZ,紫光国微,半导体,主板,SZSE,半导体国产替代,芯片设计/功率半导体,stock_basic_keyword,0.75,industry:半导体;name:微;name:国微,20250101,
20250101,002055.SZ,ST得润,元器件,主板,SZSE,半导体国产替代,芯片设计/功率半导体,stock_basic_keyword,0.75,industry:元器件,20250101,
20250101,002077.SZ,大港股份,半导体,主板,SZSE,半导体国产替代,芯片设计/功率半导体,stock_basic_keyword,0.75,industry:半导体,20250101,
20250101,002106.SZ,莱宝高科,元器件,主板,SZSE,半导体国产替代,芯片设计/功率半导体,stock_basic_keyword,0.75,industry:元器件,20250101,
20250101,002119.SZ,康强电子,半导体,主板,SZSE,半导体国产替代,芯片设计/功率半导体,stock_basic_keyword,0.75,industry:半导体,20250101,
20250101,002134.SZ,天津普林,元器件,主板,SZSE,半导体国产替代,芯片设计/功率半导体,stock_basic_keyword,0.75,industry:元器件,20250101,
20250101,002137.SZ,实益达,元器件,主板,SZSE,半导体国产替代,芯片设计/功率半导体,stock_basic_keyword,0.75,industry:元器件,20250101,
20250101,002138.SZ,顺络电子,元器件,主板,SZSE,半导体国产替代,芯片设计/功率半导体,stock_basic_keyword,0.75,industry:元器件,20250101,
20250101,002139.SZ,拓邦股份,元器件,主板,SZSE,半导体国产替代,芯片设计/功率半导体,stock_basic_keyword,0.75,industry:元器件,20250101,
20250101,002156.SZ,通富微电,半导体,主板,SZSE,半导体国产替代,芯片设计/功率半导体,stock_basic_keyword,0.75,industry:半导体;name:微,20250101,
20250101,002179.SZ,中航光电,元器件,主板,SZSE,半导体国产替代,芯片设计/功率半导体,stock_basic_keyword,0.75,industry:元器件,20250101,
20250101,002185.SZ,华天科技,半导体,主板,SZSE,半导体国产替代,芯片设计/功率半导体,stock_basic_keyword,0.75,industry:半导体,20250101,
20250101,002189.SZ,中光学,元器件,主板,SZSE,半导体国产替代,芯片设计/功率半导体,stock_basic_keyword,0.75,industry:元器件,20250101,
20250101,002199.SZ,*ST东晶,元器件,主板,SZSE,半导体国产替代,芯片设计/功率半导体,stock_basic_keyword,0.75,industry:元器件;name:晶,20250101,
20250101,002213.SZ,大为股份,半导体,主板,SZSE,半导体国产替代,芯片设计/功率半导体,stock_basic_keyword,0.75,industry:半导体,20250101,
20250101,002217.SZ,合力泰,元器件,主板,SZSE,半导体国产替代,芯片设计/功率半导体,stock_basic_keyword,0.75,industry:元器件,20250101,
20250101,002222.SZ,福晶科技,元器件,主板,SZSE,半导体国产替代,芯片设计/功率半导体,stock_basic_keyword,0.75,industry:元器件;name:晶,20250101,
20250101,002241.SZ,歌尔股份,元器件,主板,SZSE,半导体国产替代,芯片设计/功率半导体,stock_basic_keyword,0.75,industry:元器件,20250101,
20250101,002245.SZ,蔚蓝锂芯,电气设备,主板,SZSE,半导体国产替代,芯片设计/功率半导体,stock_basic_keyword,0.75,name:芯,20250101,
20250101,002273.SZ,水晶光电,元器件,主板,SZSE,半导体国产替代,芯片设计/功率半导体,stock_basic_keyword,0.75,industry:元器件;name:晶,20250101,
20250101,002289.SZ,*ST宇顺,元器件,主板,SZSE,半导体国产替代,芯片设计/功率半导体,stock_basic_keyword,0.75,industry:元器件,20250101,
20250101,002371.SZ,北方华创,半导体,主板,SZSE,半导体国产替代,芯片设计/功率半导体,stock_basic_keyword,0.75,industry:半导体,20250101,
20250101,002384.SZ,东山精密,元器件,主板,SZSE,半导体国产替代,芯片设计/功率半导体,stock_basic_keyword,0.75,industry:元器件,20250101,
20250101,002387.SZ,维信诺,元器件,主板,SZSE,半导体国产替代,芯片设计/功率半导体,stock_basic_keyword,0.75,industry:元器件,20250101,
20250101,002388.SZ,新亚制程,元器件,主板,SZSE,半导体国产替代,芯片设计/功率半导体,stock_basic_keyword,0.75,industry:元器件,20250101,
20250101,002402.SZ,和而泰,元器件,主板,SZSE,半导体国产替代,芯片设计/功率半导体,stock_basic_keyword,0.75,industry:元器件,20250101,
20250101,002409.SZ,雅克科技,半导体,主板,SZSE,半导体国产替代,芯片设计/功率半导体,stock_basic_keyword,0.75,industry:半导体,20250101,
20250101,002426.SZ,胜利精密,元器件,主板,SZSE,半导体国产替代,芯片设计/功率半导体,stock_basic_keyword,0.75,industry:元器件,20250101,
20250101,002436.SZ,兴森科技,元器件,主板,SZSE,半导体国产替代,芯片设计/功率半导体,stock_basic_keyword,0.75,industry:元器件,20250101,
20250101,002449.SZ,国星光电,半导体,主板,SZSE,半导体国产替代,芯片设计/功率半导体,stock_basic_keyword,0.75,industry:半导体,20250101,
20250101,002456.SZ,欧菲光,元器件,主板,SZSE,半导体国产替代,芯片设计/功率半导体,stock_basic_keyword,0.75,industry:元器件,20250101,
20250101,002459.SZ,晶澳科技,电气设备,主板,SZSE,半导体国产替代,芯片设计/功率半导体,stock_basic_keyword,0.75,name:晶,20250101,
20250101,002463.SZ,沪电股份,元器件,主板,SZSE,半导体国产替代,芯片设计/功率半导体,stock_basic_keyword,0.75,industry:元器件,20250101,
20250101,002475.SZ,立讯精密,元器件,主板,SZSE,半导体国产替代,芯片设计/功率半导体,stock_basic_keyword,0.75,industry:元器件,20250101,
20250101,002484.SZ,江海股份,元器件,主板,SZSE,半导体国产替代,芯片设计/功率半导体,stock_basic_keyword,0.75,industry:元器件,20250101,
20250101,002552.SZ,宝鼎科技,元器件,主板,SZSE,半导体国产替代,芯片设计/功率半导体,stock_basic_keyword,0.75,industry:元器件,20250101,
20250101,002579.SZ,中京电子,元器件,主板,SZSE,半导体国产替代,芯片设计/功率半导体,stock_basic_keyword,0.75,industry:元器件,20250101,
20250101,002587.SZ,奥拓电子,元器件,主板,SZSE,半导体国产替代,芯片设计/功率半导体,stock_basic_keyword,0.75,industry:元器件,20250101,
20250101,002600.SZ,领益智造,元器件,主板,SZSE,半导体国产替代,芯片设计/功率半导体,stock_basic_keyword,0.75,industry:元器件,20250101,
20250101,002635.SZ,安洁科技,元器件,主板,SZSE,半导体国产替代,芯片设计/功率半导体,stock_basic_keyword,0.75,industry:元器件,20250101,
20250101,002636.SZ,金安国纪,元器件,主板,SZSE,半导体国产替代,芯片设计/功率半导体,stock_basic_keyword,0.75,industry:元器件,20250101,
20250101,002655.SZ,共达电声,元器件,主板,SZSE,半导体国产替代,芯片设计/功率半导体,stock_basic_keyword,0.75,industry:元器件,20250101,
20250101,002681.SZ,奋达科技,元器件,主板,SZSE,半导体国产替代,芯片设计/功率半导体,stock_basic_keyword,0.75,industry:元器件,20250101,
20250101,002724.SZ,海洋王,元器件,主板,SZSE,半导体国产替代,芯片设计/功率半导体,stock_basic_keyword,0.75,industry:元器件,20250101,
20250101,002729.SZ,好利科技,元器件,主板,SZSE,半导体国产替代,芯片设计/功率半导体,stock_basic_keyword,0.75,industry:元器件,20250101,
20250101,002745.SZ,木林森,元器件,主板,SZSE,半导体国产替代,芯片设计/功率半导体,stock_basic_keyword,0.75,industry:元器件,20250101,
20250101,002765.SZ,蓝黛科技,元器件,主板,SZSE,半导体国产替代,芯片设计/功率半导体,stock_basic_keyword,0.75,industry:元器件,20250101,
20250101,002782.SZ,可立克,元器件,主板,SZSE,半导体国产替代,芯片设计/功率半导体,stock_basic_keyword,0.75,industry:元器件,20250101,
20250101,002801.SZ,微光股份,电气设备,主板,SZSE,半导体国产替代,芯片设计/功率半导体,stock_basic_keyword,0.75,name:微,20250101,
20250101,002808.SZ,*ST恒久,元器件,主板,SZSE,半导体国产替代,芯片设计/功率半导体,stock_basic_keyword,0.75,industry:元器件,20250101,
20250101,002815.SZ,崇达技术,元器件,主板,SZSE,半导体国产替代,芯片设计/功率半导体,stock_basic_keyword,0.75,industry:元器件,20250101,
20250101,002841.SZ,视源股份,元器件,主板,SZSE,半导体国产替代,芯片设计/功率半导体,stock_basic_keyword,0.75,industry:元器件,20250101,
20250101,002845.SZ,同兴达,元器件,主板,SZSE,半导体国产替代,芯片设计/功率半导体,stock_basic_keyword,0.75,industry:元器件,20250101,
20250101,002855.SZ,捷荣技术,元器件,主板,SZSE,半导体国产替代,芯片设计/功率半导体,stock_basic_keyword,0.75,industry:元器件,20250101,
20250101,002859.SZ,洁美科技,元器件,主板,SZSE,半导体国产替代,芯片设计/功率半导体,stock_basic_keyword,0.75,industry:元器件,20250101,
20250101,002861.SZ,瀛通通讯,元器件,主板,SZSE,半导体国产替代,芯片设计/功率半导体,stock_basic_keyword,0.75,industry:元器件,20250101,
20250101,002876.SZ,三利谱,元器件,主板,SZSE,半导体国产替代,芯片设计/功率半导体,stock_basic_keyword,0.75,industry:元器件,20250101,
20250101,002881.SZ,美格智能,元器件,主板,SZSE,半导体国产替代,芯片设计/功率半导体,stock_basic_keyword,0.75,industry:元器件,20250101,
20250101,002885.SZ,京泉华,元器件,主板,SZSE,半导体国产替代,芯片设计/功率半导体,stock_basic_keyword,0.75,industry:元器件,20250101,
20250101,002888.SZ,惠威科技,元器件,主板,SZSE,半导体国产替代,芯片设计/功率半导体,stock_basic_keyword,0.75,industry:元器件,20250101,
20250101,002897.SZ,意华股份,元器件,主板,SZSE,半导体国产替代,芯片设计/功率半导体,stock_basic_keyword,0.75,industry:元器件,20250101,
20250101,002913.SZ,奥士康,元器件,主板,SZSE,半导体国产替代,芯片设计/功率半导体,stock_basic_keyword,0.75,industry:元器件,20250101,
20250101,002916.SZ,深南电路,元器件,主板,SZSE,半导体国产替代,芯片设计/功率半导体,stock_basic_keyword,0.75,industry:元器件,20250101,
20250101,002925.SZ,盈趣科技,元器件,主板,SZSE,半导体国产替代,芯片设计/功率半导体,stock_basic_keyword,0.75,industry:元器件,20250101,
20250101,002937.SZ,兴瑞科技,元器件,主板,SZSE,半导体国产替代,芯片设计/功率半导体,stock_basic_keyword,0.75,industry:元器件,20250101,
20250101,002938.SZ,鹏鼎控股,元器件,主板,SZSE,半导体国产替代,芯片设计/功率半导体,stock_basic_keyword,0.75,industry:元器件,20250101,
20250101,002943.SZ,宇晶股份,机床制造,主板,SZSE,半导体国产替代,芯片设计/功率半导体,stock_basic_keyword,0.75,name:晶,20250101,
20250101,002947.SZ,恒铭达,元器件,主板,SZSE,半导体国产替代,芯片设计/功率半导体,stock_basic_keyword,0.75,industry:元器件,20250101,
20250101,002952.SZ,亚世光电,元器件,主板,SZSE,半导体国产替代,芯片设计/功率半导体,stock_basic_keyword,0.75,industry:元器件,20250101,
20250101,002962.SZ,五方光电,元器件,主板,SZSE,半导体国产替代,芯片设计/功率半导体,stock_basic_keyword,0.75,industry:元器件,20250101,
20250101,002981.SZ,朝阳科技,元器件,主板,SZSE,半导体国产替代,芯片设计/功率半导体,stock_basic_keyword,0.75,industry:元器件,20250101,
20250101,002983.SZ,芯瑞达,元器件,主板,SZSE,半导体国产替代,芯片设计/功率半导体,stock_basic_keyword,0.75,industry:元器件;name:芯,20250101,
20250101,002992.SZ,宝明科技,元器件,主板,SZSE,半导体国产替代,芯片设计/功率半导体,stock_basic_keyword,0.75,industry:元器件,20250101,
20250101,002993.SZ,奥海科技,元器件,主板,SZSE,半导体国产替代,芯片设计/功率半导体,stock_basic_keyword,0.75,industry:元器件,20250101,
20250101,003015.SZ,日久光电,元器件,主板,SZSE,半导体国产替代,芯片设计/功率半导体,stock_basic_keyword,0.75,industry:元器件,20250101,
20250101,003019.SZ,宸展光电,元器件,主板,SZSE,半导体国产替代,芯片设计/功率半导体,stock_basic_keyword,0.75,industry:元器件,20250101,
20250101,003021.SZ,兆威机电,元器件,主板,SZSE,半导体国产替代,芯片设计/功率半导体,stock_basic_keyword,0.75,industry:元器件,20250101,
20250101,003026.SZ,中晶科技,半导体,主板,SZSE,半导体国产替代,芯片设计/功率半导体,stock_basic_keyword,0.75,industry:半导体;name:晶,20250101,
20250101,003028.SZ,振邦智能,元器件,主板,SZSE,半导体国产替代,芯片设计/功率半导体,stock_basic_keyword,0.75,industry:元器件,20250101,
20250101,003031.SZ,中瓷电子,元器件,主板,SZSE,半导体国产替代,芯片设计/功率半导体,stock_basic_keyword,0.75,industry:元器件,20250101,
20250101,003043.SZ,华亚智能,半导体,主板,SZSE,半导体国产替代,芯片设计/功率半导体,stock_basic_keyword,0.75,industry:半导体,20250101,
20250101,300032.SZ,金龙机电,元器件,创业板,SZSE,半导体国产替代,芯片设计/功率半导体,stock_basic_keyword,0.75,industry:元器件,20250101,
20250101,300046.SZ,台基股份,半导体,创业板,SZSE,半导体国产替代,芯片设计/功率半导体,stock_basic_keyword,0.75,industry:半导体,20250101,
20250101,300053.SZ,航宇微,半导体,创业板,SZSE,半导体国产替代,芯片设计/功率半导体,stock_basic_keyword,0.75,industry:半导体;name:微,20250101,
20250101,300077.SZ,国民技术,半导体,创业板,SZSE,半导体国产替代,芯片设计/功率半导体,stock_basic_keyword,0.75,industry:半导体,20250101,
20250101,300088.SZ,长信科技,元器件,创业板,SZSE,半导体国产替代,芯片设计/功率半导体,stock_basic_keyword,0.75,industry:元器件,20250101,
20250101,300101.SZ,振芯科技,通信设备,创业板,SZSE,半导体国产替代,芯片设计/功率半导体,stock_basic_keyword,0.75,name:芯,20250101,
20250101,300102.SZ,乾照光电,半导体,创业板,SZSE,半导体国产替代,芯片设计/功率半导体,stock_basic_keyword,0.75,industry:半导体,20250101,
20250101,300115.SZ,长盈精密,元器件,创业板,SZSE,半导体国产替代,芯片设计/功率半导体,stock_basic_keyword,0.75,industry:元器件,20250101,
20250101,300120.SZ,经纬辉开,元器件,创业板,SZSE,半导体国产替代,芯片设计/功率半导体,stock_basic_keyword,0.75,industry:元器件,20250101,
20250101,300123.SZ,亚光科技,半导体,创业板,SZSE,半导体国产替代,芯片设计/功率半导体,stock_basic_keyword,0.75,industry:半导体,20250101,
20250101,300128.SZ,锦富技术,元器件,创业板,SZSE,半导体国产替代,芯片设计/功率半导体,stock_basic_keyword,0.75,industry:元器件,20250101,
20250101,300131.SZ,英唐智控,元器件,创业板,SZSE,半导体国产替代,芯片设计/功率半导体,stock_basic_keyword,0.75,industry:元器件,20250101,
20250101,300136.SZ,信维通信,元器件,创业板,SZSE,半导体国产替代,芯片设计/功率半导体,stock_basic_keyword,0.75,industry:元器件,20250101,
20250101,300162.SZ,雷曼光电,元器件,创业板,SZSE,半导体国产替代,芯片设计/功率半导体,stock_basic_keyword,0.75,industry:元器件,20250101,
20250101,300184.SZ,力源信息,元器件,创业板,SZSE,半导体国产替代,芯片设计/功率半导体,stock_basic_keyword,0.75,industry:元器件,20250101,
20250101,300219.SZ,鸿利智汇,元器件,创业板,SZSE,半导体国产替代,芯片设计/功率半导体,stock_basic_keyword,0.75,industry:元器件,20250101,
20250101,300223.SZ,北京君正,半导体,创业板,SZSE,半导体国产替代,芯片设计/功率半导体,stock_basic_keyword,0.75,industry:半导体,20250101,
20250101,300232.SZ,洲明科技,元器件,创业板,SZSE,半导体国产替代,芯片设计/功率半导体,stock_basic_keyword,0.75,industry:元器件,20250101,
20250101,300236.SZ,上海新阳,半导体,创业板,SZSE,半导体国产替代,芯片设计/功率半导体,stock_basic_keyword,0.75,industry:半导体,20250101,
20250101,300241.SZ,瑞丰光电,半导体,创业板,SZSE,半导体国产替代,芯片设计/功率半导体,stock_basic_keyword,0.75,industry:半导体,20250101,
20250101,300256.SZ,星星科技,元器件,创业板,SZSE,半导体国产替代,芯片设计/功率半导体,stock_basic_keyword,0.75,industry:元器件,20250101,
20250101,300269.SZ,联建光电,元器件,创业板,SZSE,半导体国产替代,芯片设计/功率半导体,stock_basic_keyword,0.75,industry:元器件,20250101,
20250101,300279.SZ,和晶科技,元器件,创业板,SZSE,半导体国产替代,芯片设计/功率半导体,stock_basic_keyword,0.75,industry:元器件;name:晶,20250101,
20250101,300296.SZ,利亚德,元器件,创业板,SZSE,半导体国产替代,芯片设计/功率半导体,stock_basic_keyword,0.75,industry:元器件,20250101,
20250101,300301.SZ,ST长方,半导体,创业板,SZSE,半导体国产替代,芯片设计/功率半导体,stock_basic_keyword,0.75,industry:半导体,20250101,
20250101,300303.SZ,聚飞光电,半导体,创业板,SZSE,半导体国产替代,芯片设计/功率半导体,stock_basic_keyword,0.75,industry:半导体,20250101,
20250101,300316.SZ,晶盛机电,专用机械,创业板,SZSE,半导体国产替代,芯片设计/功率半导体,stock_basic_keyword,0.75,name:晶,20250101,
20250101,300319.SZ,麦捷科技,元器件,创业板,SZSE,半导体国产替代,芯片设计/功率半导体,stock_basic_keyword,0.75,industry:元器件,20250101,
20250101,300322.SZ,硕贝德,元器件,创业板,SZSE,半导体国产替代,芯片设计/功率半导体,stock_basic_keyword,0.75,industry:元器件,20250101,
20250101,300323.SZ,华灿光电,半导体,创业板,SZSE,半导体国产替代,芯片设计/功率半导体,stock_basic_keyword,0.75,industry:半导体,20250101,
20250101,300327.SZ,中颖电子,半导体,创业板,SZSE,半导体国产替代,芯片设计/功率半导体,stock_basic_keyword,0.75,industry:半导体,20250101,
20250101,300331.SZ,苏大维格,元器件,创业板,SZSE,半导体国产替代,芯片设计/功率半导体,stock_basic_keyword,0.75,industry:元器件,20250101,
20250101,300346.SZ,南大光电,半导体,创业板,SZSE,半导体国产替代,芯片设计/功率半导体,stock_basic_keyword,0.75,industry:半导体,20250101,
20250101,300373.SZ,扬杰科技,半导体,创业板,SZSE,半导体国产替代,芯片设计/功率半导体,stock_basic_keyword,0.75,industry:半导体,20250101,
20250101,300389.SZ,艾比森,元器件,创业板,SZSE,半导体国产替代,芯片设计/功率半导体,stock_basic_keyword,0.75,industry:元器件,20250101,
20250101,300408.SZ,三环集团,元器件,创业板,SZSE,半导体国产替代,芯片设计/功率半导体,stock_basic_keyword,0.75,industry:元器件,20250101,
20250101,300433.SZ,蓝思科技,元器件,创业板,SZSE,半导体国产替代,芯片设计/功率半导体,stock_basic_keyword,0.75,industry:元器件,20250101,
20250101,300456.SZ,赛微电子,半导体,创业板,SZSE,半导体国产替代,芯片设计/功率半导体,stock_basic_keyword,0.75,industry:半导体;name:微,20250101,
20250101,300458.SZ,全志科技,半导体,创业板,SZSE,半导体国产替代,芯片设计/功率半导体,stock_basic_keyword,0.75,industry:半导体,20250101,
20250101,300460.SZ,ST惠伦,元器件,创业板,SZSE,半导体国产替代,芯片设计/功率半导体,stock_basic_keyword,0.75,industry:元器件,20250101,
20250101,300474.SZ,景嘉微,元器件,创业板,SZSE,半导体国产替代,芯片设计/功率半导体,stock_basic_keyword,0.75,industry:元器件;name:微,20250101,
20250101,300475.SZ,香农芯创,元器件,创业板,SZSE,半导体国产替代,芯片设计/功率半导体,stock_basic_keyword,0.75,industry:元器件;name:芯,20250101,
20250101,300476.SZ,胜宏科技,元器件,创业板,SZSE,半导体国产替代,芯片设计/功率半导体,stock_basic_keyword,0.75,industry:元器件,20250101,
20250101,300493.SZ,润欣科技,元器件,创业板,SZSE,半导体国产替代,芯片设计/功率半导体,stock_basic_keyword,0.75,industry:元器件,20250101,
20250101,300543.SZ,朗科智能,元器件,创业板,SZSE,半导体国产替代,芯片设计/功率半导体,stock_basic_keyword,0.75,industry:元器件,20250101,
20250101,300548.SZ,长芯博创,通信设备,创业板,SZSE,半导体国产替代,芯片设计/功率半导体,stock_basic_keyword,0.75,name:芯,20250101,
20250101,300566.SZ,激智科技,元器件,创业板,SZSE,半导体国产替代,芯片设计/功率半导体,stock_basic_keyword,0.75,industry:元器件,20250101,
20250101,300582.SZ,英飞特,元器件,创业板,SZSE,半导体国产替代,芯片设计/功率半导体,stock_basic_keyword,0.75,industry:元器件,20250101,
20250101,300602.SZ,飞荣达,元器件,创业板,SZSE,半导体国产替代,芯片设计/功率半导体,stock_basic_keyword,0.75,industry:元器件,20250101,
20250101,300604.SZ,长川科技,半导体,创业板,SZSE,半导体国产替代,芯片设计/功率半导体,stock_basic_keyword,0.75,industry:半导体,20250101,
20250101,300613.SZ,富瀚微,半导体,创业板,SZSE,半导体国产替代,芯片设计/功率半导体,stock_basic_keyword,0.75,industry:半导体;name:微,20250101,
20250101,300623.SZ,捷捷微电,半导体,创业板,SZSE,半导体国产替代,芯片设计/功率半导体,stock_basic_keyword,0.75,industry:半导体;name:微,20250101,
20250101,300629.SZ,新劲刚,元器件,创业板,SZSE,半导体国产替代,芯片设计/功率半导体,stock_basic_keyword,0.75,industry:元器件,20250101,
20250101,300632.SZ,光莆股份,半导体,创业板,SZSE,半导体国产替代,芯片设计/功率半导体,stock_basic_keyword,0.75,industry:半导体,20250101,
20250101,300650.SZ,太龙股份,元器件,创业板,SZSE,半导体国产替代,芯片设计/功率半导体,stock_basic_keyword,0.75,industry:元器件,20250101,
20250101,300655.SZ,晶瑞电材,半导体,创业板,SZSE,半导体国产替代,芯片设计/功率半导体,stock_basic_keyword,0.75,industry:半导体;name:晶,20250101,
20250101,300657.SZ,弘信电子,元器件,创业板,SZSE,半导体国产替代,芯片设计/功率半导体,stock_basic_keyword,0.75,industry:元器件,20250101,
20250101,300661.SZ,圣邦股份,半导体,创业板,SZSE,半导体国产替代,芯片设计/功率半导体,stock_basic_keyword,0.75,industry:半导体,20250101,
20250101,300666.SZ,江丰电子,半导体,创业板,SZSE,半导体国产替代,芯片设计/功率半导体,stock_basic_keyword,0.75,industry:半导体,20250101,
20250101,300671.SZ,富满微,半导体,创业板,SZSE,半导体国产替代,芯片设计/功率半导体,stock_basic_keyword,0.75,industry:半导体;name:微,20250101,
20250101,300672.SZ,国科微,半导体,创业板,SZSE,半导体国产替代,芯片设计/功率半导体,stock_basic_keyword,0.75,industry:半导体;name:微,20250101,
20250101,300679.SZ,电连技术,元器件,创业板,SZSE,半导体国产替代,芯片设计/功率半导体,stock_basic_keyword,0.75,industry:元器件,20250101,
20250101,300684.SZ,中石科技,元器件,创业板,SZSE,半导体国产替代,芯片设计/功率半导体,stock_basic_keyword,0.75,industry:元器件,20250101,
20250101,300686.SZ,智动力,元器件,创业板,SZSE,半导体国产替代,芯片设计/功率半导体,stock_basic_keyword,0.75,industry:元器件,20250101,
20250101,300691.SZ,联合光电,元器件,创业板,SZSE,半导体国产替代,芯片设计/功率半导体,stock_basic_keyword,0.75,industry:元器件,20250101,
20250101,300701.SZ,森霸传感,元器件,创业板,SZSE,半导体国产替代,芯片设计/功率半导体,stock_basic_keyword,0.75,industry:元器件,20250101,
20250101,300706.SZ,阿石创,元器件,创业板,SZSE,半导体国产替代,芯片设计/功率半导体,stock_basic_keyword,0.75,industry:元器件,20250101,
20250101,300708.SZ,聚灿光电,半导体,创业板,SZSE,半导体国产替代,芯片设计/功率半导体,stock_basic_keyword,0.75,industry:半导体,20250101,
20250101,300709.SZ,精研科技,元器件,创业板,SZSE,半导体国产替代,芯片设计/功率半导体,stock_basic_keyword,0.75,industry:元器件,20250101,
20250101,300726.SZ,宏达电子,元器件,创业板,SZSE,半导体国产替代,芯片设计/功率半导体,stock_basic_keyword,0.75,industry:元器件,20250101,
20250101,300735.SZ,光弘科技,元器件,创业板,SZSE,半导体国产替代,芯片设计/功率半导体,stock_basic_keyword,0.75,industry:元器件,20250101,
20250101,300739.SZ,明阳电路,元器件,创业板,SZSE,半导体国产替代,芯片设计/功率半导体,stock_basic_keyword,0.75,industry:元器件,20250101,
20250101,300752.SZ,隆利科技,元器件,创业板,SZSE,半导体国产替代,芯片设计/功率半导体,stock_basic_keyword,0.75,industry:元器件,20250101,
20250101,300782.SZ,卓胜微,半导体,创业板,SZSE,半导体国产替代,芯片设计/功率半导体,stock_basic_keyword,0.75,industry:半导体;name:微,20250101,
20250101,300787.SZ,海能实业,元器件,创业板,SZSE,半导体国产替代,芯片设计/功率半导体,stock_basic_keyword,0.75,industry:元器件,20250101,
20250101,300790.SZ,宇瞳光学,元器件,创业板,SZSE,半导体国产替代,芯片设计/功率半导体,stock_basic_keyword,0.75,industry:元器件,20250101,
20250101,300814.SZ,中富电路,元器件,创业板,SZSE,半导体国产替代,芯片设计/功率半导体,stock_basic_keyword,0.75,industry:元器件,20250101,
20250101,300819.SZ,聚杰微纤,纺织,创业板,SZSE,半导体国产替代,芯片设计/功率半导体,stock_basic_keyword,0.75,name:微,20250101,
20250101,300822.SZ,贝仕达克,元器件,创业板,SZSE,半导体国产替代,芯片设计/功率半导体,stock_basic_keyword,0.75,industry:元器件,20250101,
20250101,300831.SZ,派瑞股份,半导体,创业板,SZSE,半导体国产替代,芯片设计/功率半导体,stock_basic_keyword,0.75,industry:半导体,20250101,
20250101,300843.SZ,胜蓝股份,元器件,创业板,SZSE,半导体国产替代,芯片设计/功率半导体,stock_basic_keyword,0.75,industry:元器件,20250101,
20250101,300852.SZ,四会富仕,元器件,创业板,SZSE,半导体国产替代,芯片设计/功率半导体,stock_basic_keyword,0.75,industry:元器件,20250101,
20250101,300866.SZ,安克创新,元器件,创业板,SZSE,半导体国产替代,芯片设计/功率半导体,stock_basic_keyword,0.75,industry:元器件,20250101,
20250101,300868.SZ,杰美特,元器件,创业板,SZSE,半导体国产替代,芯片设计/功率半导体,stock_basic_keyword,0.75,industry:元器件,20250101,
20250101,300903.SZ,科翔股份,元器件,创业板,SZSE,半导体国产替代,芯片设计/功率半导体,stock_basic_keyword,0.75,industry:元器件,20250101,
20250101,300909.SZ,汇创达,元器件,创业板,SZSE,半导体国产替代,芯片设计/功率半导体,stock_basic_keyword,0.75,industry:元器件,20250101,
20250101,300916.SZ,朗特智能,元器件,创业板,SZSE,半导体国产替代,芯片设计/功率半导体,stock_basic_keyword,0.75,industry:元器件,20250101,
20250101,300936.SZ,中英科技,元器件,创业板,SZSE,半导体国产替代,芯片设计/功率半导体,stock_basic_keyword,0.75,industry:元器件,20250101,
20250101,300939.SZ,秋田微,元器件,创业板,SZSE,半导体国产替代,芯片设计/功率半导体,stock_basic_keyword,0.75,industry:元器件;name:微,20250101,
20250101,300940.SZ,南极光,元器件,创业板,SZSE,半导体国产替代,芯片设计/功率半导体,stock_basic_keyword,0.75,industry:元器件,20250101,
20250101,300951.SZ,博硕科技,元器件,创业板,SZSE,半导体国产替代,芯片设计/功率半导体,stock_basic_keyword,0.75,industry:元器件,20250101,
20250101,300956.SZ,英力股份,元器件,创业板,SZSE,半导体国产替代,芯片设计/功率半导体,stock_basic_keyword,0.75,industry:元器件,20250101,
20250101,300964.SZ,本川智能,元器件,创业板,SZSE,半导体国产替代,芯片设计/功率半导体,stock_basic_keyword,0.75,industry:元器件,20250101,
20250101,300968.SZ,格林精密,元器件,创业板,SZSE,半导体国产替代,芯片设计/功率半导体,stock_basic_keyword,0.75,industry:元器件,20250101,
20250101,300975.SZ,商络电子,元器件,创业板,SZSE,半导体国产替代,芯片设计/功率半导体,stock_basic_keyword,0.75,industry:元器件,20250101,
20250101,300976.SZ,达瑞电子,元器件,创业板,SZSE,半导体国产替代,芯片设计/功率半导体,stock_basic_keyword,0.75,industry:元器件,20250101,
20250101,300991.SZ,创益通,元器件,创业板,SZSE,半导体国产替代,芯片设计/功率半导体,stock_basic_keyword,0.75,industry:元器件,20250101,
20250101,301010.SZ,晶雪节能,其他建材,创业板,SZSE,半导体国产替代,芯片设计/功率半导体,stock_basic_keyword,0.75,name:晶,20250101,
20250101,301041.SZ,金百泽,元器件,创业板,SZSE,半导体国产替代,芯片设计/功率半导体,stock_basic_keyword,0.75,industry:元器件,20250101,
20250101,301045.SZ,天禄科技,元器件,创业板,SZSE,半导体国产替代,芯片设计/功率半导体,stock_basic_keyword,0.75,industry:元器件,20250101,
20250101,301050.SZ,雷电微力,航空,创业板,SZSE,半导体国产替代,芯片设计/功率半导体,stock_basic_keyword,0.75,name:微,20250101,
20250101,301051.SZ,信濠光电,元器件,创业板,SZSE,半导体国产替代,芯片设计/功率半导体,stock_basic_keyword,0.75,industry:元器件,20250101,
20250101,301067.SZ,显盈科技,元器件,创业板,SZSE,半导体国产替代,芯片设计/功率半导体,stock_basic_keyword,0.75,industry:元器件,20250101,
20250101,301086.SZ,鸿富瀚,元器件,创业板,SZSE,半导体国产替代,芯片设计/功率半导体,stock_basic_keyword,0.75,industry:元器件,20250101,
20250101,301095.SZ,广立微,半导体,创业板,SZSE,半导体国产替代,芯片设计/功率半导体,stock_basic_keyword,0.75,industry:半导体;name:微,20250101,
20250101,301099.SZ,雅创电子,元器件,创业板,SZSE,半导体国产替代,芯片设计/功率半导体,stock_basic_keyword,0.75,industry:元器件,20250101,
20250101,301106.SZ,骏成科技,元器件,创业板,SZSE,半导体国产替代,芯片设计/功率半导体,stock_basic_keyword,0.75,industry:元器件,20250101,
20250101,301123.SZ,奕东电子,元器件,创业板,SZSE,半导体国产替代,芯片设计/功率半导体,stock_basic_keyword,0.75,industry:元器件,20250101,
20250101,301132.SZ,满坤科技,元器件,创业板,SZSE,半导体国产替代,芯片设计/功率半导体,stock_basic_keyword,0.75,industry:元器件,20250101,
20250101,301135.SZ,瑞德智能,元器件,创业板,SZSE,半导体国产替代,芯片设计/功率半导体,stock_basic_keyword,0.75,industry:元器件,20250101,
20250101,301176.SZ,逸豪新材,元器件,创业板,SZSE,半导体国产替代,芯片设计/功率半导体,stock_basic_keyword,0.75,industry:元器件,20250101,
20250101,301180.SZ,万祥科技,元器件,创业板,SZSE,半导体国产替代,芯片设计/功率半导体,stock_basic_keyword,0.75,industry:元器件,20250101,
20250101,301182.SZ,凯旺科技,元器件,创业板,SZSE,半导体国产替代,芯片设计/功率半导体,stock_basic_keyword,0.75,industry:元器件,20250101,
20250101,301183.SZ,东田微,元器件,创业板,SZSE,半导体国产替代,芯片设计/功率半导体,stock_basic_keyword,0.75,industry:元器件;name:微,20250101,
20250101,301217.SZ,铜冠铜箔,元器件,创业板,SZSE,半导体国产替代,芯片设计/功率半导体,stock_basic_keyword,0.75,industry:元器件,20250101,
20250101,301251.SZ,威尔高,元器件,创业板,SZSE,半导体国产替代,芯片设计/功率半导体,stock_basic_keyword,0.75,industry:元器件,20250101,
20250101,301269.SZ,华大九天,半导体,创业板,SZSE,半导体国产替代,芯片设计/功率半导体,stock_basic_keyword,0.75,industry:半导体,20250101,
20250101,301280.SZ,珠城科技,元器件,创业板,SZSE,半导体国产替代,芯片设计/功率半导体,stock_basic_keyword,0.75,industry:元器件,20250101,
20250101,301282.SZ,金禄电子,元器件,创业板,SZSE,半导体国产替代,芯片设计/功率半导体,stock_basic_keyword,0.75,industry:元器件,20250101,
20250101,301285.SZ,鸿日达,元器件,创业板,SZSE,半导体国产替代,芯片设计/功率半导体,stock_basic_keyword,0.75,industry:元器件,20250101,
20250101,301297.SZ,富乐德,半导体,创业板,SZSE,半导体国产替代,芯片设计/功率半导体,stock_basic_keyword,0.75,industry:半导体,20250101,
20250101,301308.SZ,江波龙,半导体,创业板,SZSE,半导体国产替代,芯片设计/功率半导体,stock_basic_keyword,0.75,industry:半导体,20250101,
20250101,301314.SZ,科瑞思,元器件,创业板,SZSE,半导体国产替代,芯片设计/功率半导体,stock_basic_keyword,0.75,industry:元器件,20250101,
20250101,301319.SZ,唯特偶,元器件,创业板,SZSE,半导体国产替代,芯片设计/功率半导体,stock_basic_keyword,0.75,industry:元器件,20250101,
20250101,301321.SZ,翰博高新,元器件,创业板,SZSE,半导体国产替代,芯片设计/功率半导体,stock_basic_keyword,0.75,industry:元器件,20250101,
20250101,301326.SZ,捷邦科技,元器件,创业板,SZSE,半导体国产替代,芯片设计/功率半导体,stock_basic_keyword,0.75,industry:元器件,20250101,
20250101,301328.SZ,维峰电子,元器件,创业板,SZSE,半导体国产替代,芯片设计/功率半导体,stock_basic_keyword,0.75,industry:元器件,20250101,
20250101,301329.SZ,信音电子,元器件,创业板,SZSE,半导体国产替代,芯片设计/功率半导体,stock_basic_keyword,0.75,industry:元器件,20250101,
20250101,301348.SZ,蓝箭电子,半导体,创业板,SZSE,半导体国产替代,芯片设计/功率半导体,stock_basic_keyword,0.75,industry:半导体,20250101,
20250101,301359.SZ,东南电子,元器件,创业板,SZSE,半导体国产替代,芯片设计/功率半导体,stock_basic_keyword,0.75,industry:元器件,20250101,
20250101,301366.SZ,一博科技,元器件,创业板,SZSE,半导体国产替代,芯片设计/功率半导体,stock_basic_keyword,0.75,industry:元器件,20250101,
20250101,301369.SZ,联动科技,半导体,创业板,SZSE,半导体国产替代,芯片设计/功率半导体,stock_basic_keyword,0.75,industry:半导体,20250101,
20250101,301379.SZ,天山电子,元器件,创业板,SZSE,半导体国产替代,芯片设计/功率半导体,stock_basic_keyword,0.75,industry:元器件,20250101,
20250101,301383.SZ,天键股份,元器件,创业板,SZSE,半导体国产替代,芯片设计/功率半导体,stock_basic_keyword,0.75,industry:元器件,20250101,
20250101,301387.SZ,光大同创,元器件,创业板,SZSE,半导体国产替代,芯片设计/功率半导体,stock_basic_keyword,0.75,industry:元器件,20250101,
20250101,301389.SZ,隆扬电子,元器件,创业板,SZSE,半导体国产替代,芯片设计/功率半导体,stock_basic_keyword,0.75,industry:元器件,20250101,
20250101,301421.SZ,波长光电,元器件,创业板,SZSE,半导体国产替代,芯片设计/功率半导体,stock_basic_keyword,0.75,industry:元器件,20250101,
20250101,301486.SZ,致尚科技,元器件,创业板,SZSE,半导体国产替代,芯片设计/功率半导体,stock_basic_keyword,0.75,industry:元器件,20250101,
20250101,301489.SZ,思泉新材,元器件,创业板,SZSE,半导体国产替代,芯片设计/功率半导体,stock_basic_keyword,0.75,industry:元器件,20250101,
20250101,301517.SZ,陕西华达,元器件,创业板,SZSE,半导体国产替代,芯片设计/功率半导体,stock_basic_keyword,0.75,industry:元器件,20250101,
20250101,301536.SZ,星宸科技,半导体,创业板,SZSE,半导体国产替代,芯片设计/功率半导体,stock_basic_keyword,0.75,industry:半导体,20250101,
20250101,301566.SZ,达利凯普,元器件,创业板,SZSE,半导体国产替代,芯片设计/功率半导体,stock_basic_keyword,0.75,industry:元器件,20250101,
20250101,301567.SZ,贝隆精密,元器件,创业板,SZSE,半导体国产替代,芯片设计/功率半导体,stock_basic_keyword,0.75,industry:元器件,20250101,
20250101,301571.SZ,国科天成,元器件,创业板,SZSE,半导体国产替代,芯片设计/功率半导体,stock_basic_keyword,0.75,industry:元器件,20250101,
20250101,301577.SZ,美信科技,元器件,创业板,SZSE,半导体国产替代,芯片设计/功率半导体,stock_basic_keyword,0.75,industry:元器件,20250101,
20250101,301606.SZ,绿联科技,元器件,创业板,SZSE,半导体国产替代,芯片设计/功率半导体,stock_basic_keyword,0.75,industry:元器件,20250101,
20250101,301611.SZ,珂玛科技,半导体,创业板,SZSE,半导体国产替代,芯片设计/功率半导体,stock_basic_keyword,0.75,industry:半导体,20250101,
20250101,301626.SZ,苏州天脉,元器件,创业板,SZSE,半导体国产替代,芯片设计/功率半导体,stock_basic_keyword,0.75,industry:元器件,20250101,
20250101,301628.SZ,强达电路,元器件,创业板,SZSE,半导体国产替代,芯片设计/功率半导体,stock_basic_keyword,0.75,industry:元器件,20250101,
20250101,301631.SZ,壹连科技,元器件,创业板,SZSE,半导体国产替代,芯片设计/功率半导体,stock_basic_keyword,0.75,industry:元器件,20250101,
20250101,600071.SH,凤凰光学,元器件,主板,SSE,半导体国产替代,芯片设计/功率半导体,stock_basic_keyword,0.75,industry:元器件,20250101,
20250101,600130.SH,*ST波导,元器件,主板,SSE,半导体国产替代,芯片设计/功率半导体,stock_basic_keyword,0.75,industry:元器件,20250101,
20250101,600171.SH,上海贝岭,半导体,主板,SSE,半导体国产替代,芯片设计/功率半导体,stock_basic_keyword,0.75,industry:半导体,20250101,
20250101,600183.SH,生益科技,元器件,主板,SSE,半导体国产替代,芯片设计/功率半导体,stock_basic_keyword,0.75,industry:元器件,20250101,
20250101,600203.SH,福日电子,元器件,主板,SSE,半导体国产替代,芯片设计/功率半导体,stock_basic_keyword,0.75,industry:元器件,20250101,
20250101,600206.SH,有研新材,半导体,主板,SSE,半导体国产替代,芯片设计/功率半导体,stock_basic_keyword,0.75,industry:半导体,20250101,
20250101,600237.SH,铜峰电子,元器件,主板,SSE,半导体国产替代,芯片设计/功率半导体,stock_basic_keyword,0.75,industry:元器件,20250101,
20250101,600288.SH,大恒科技,元器件,主板,SSE,半导体国产替代,芯片设计/功率半导体,stock_basic_keyword,0.75,industry:元器件,20250101,
20250101,600353.SH,旭光电子,元器件,主板,SSE,半导体国产替代,芯片设计/功率半导体,stock_basic_keyword,0.75,industry:元器件,20250101,
20250101,600360.SH,*ST华微,半导体,主板,SSE,半导体国产替代,芯片设计/功率半导体,stock_basic_keyword,0.75,industry:半导体;name:微,20250101,
20250101,600363.SH,联创光电,元器件,主板,SSE,半导体国产替代,芯片设计/功率半导体,stock_basic_keyword,0.75,industry:元器件,20250101,
20250101,600460.SH,士兰微,半导体,主板,SSE,半导体国产替代,芯片设计/功率半导体,stock_basic_keyword,0.75,industry:半导体;name:微,20250101,
20250101,600520.SH,三佳科技,半导体,主板,SSE,半导体国产替代,芯片设计/功率半导体,stock_basic_keyword,0.75,industry:半导体,20250101,
20250101,600537.SH,亿晶光电,电气设备,主板,SSE,半导体国产替代,芯片设计/功率半导体,stock_basic_keyword,0.75,name:晶,20250101,
20250101,600552.SH,凯盛科技,元器件,主板,SSE,半导体国产替代,芯片设计/功率半导体,stock_basic_keyword,0.75,industry:元器件,20250101,
20250101,600563.SH,法拉电子,元器件,主板,SSE,半导体国产替代,芯片设计/功率半导体,stock_basic_keyword,0.75,industry:元器件,20250101,
20250101,600584.SH,长电科技,半导体,主板,SSE,半导体国产替代,芯片设计/功率半导体,stock_basic_keyword,0.75,industry:半导体,20250101,
20250101,600586.SH,金晶科技,玻璃,主板,SSE,半导体国产替代,芯片设计/功率半导体,stock_basic_keyword,0.75,name:晶,20250101,
20250101,600601.SH,方正科技,元器件,主板,SSE,半导体国产替代,芯片设计/功率半导体,stock_basic_keyword,0.75,industry:元器件,20250101,
20250101,600641.SH,先导基电,半导体,主板,SSE,半导体国产替代,芯片设计/功率半导体,stock_basic_keyword,0.75,industry:半导体,20250101,
20250101,600666.SH,奥瑞德,元器件,主板,SSE,半导体国产替代,芯片设计/功率半导体,stock_basic_keyword,0.75,industry:元器件,20250101,
20250101,600667.SH,太极实业,半导体,主板,SSE,半导体国产替代,芯片设计/功率半导体,stock_basic_keyword,0.75,industry:半导体,20250101,
20250101,600703.SH,三安光电,半导体,主板,SSE,半导体国产替代,芯片设计/功率半导体,stock_basic_keyword,0.75,industry:半导体,20250101,
20250101,600707.SH,彩虹股份,元器件,主板,SSE,半导体国产替代,芯片设计/功率半导体,stock_basic_keyword,0.75,industry:元器件,20250101,
20250101,600745.SH,闻泰科技,半导体,主板,SSE,半导体国产替代,芯片设计/功率半导体,stock_basic_keyword,0.75,industry:半导体,20250101,
20250101,600877.SH,电科芯片,半导体,主板,SSE,半导体国产替代,芯片设计/功率半导体,stock_basic_keyword,0.75,industry:半导体;name:芯,20250101,
20250101,601231.SH,环旭电子,元器件,主板,SSE,半导体国产替代,芯片设计/功率半导体,stock_basic_keyword,0.75,industry:元器件,20250101,
20250101,601778.SH,晶科科技,新型电力,主板,SSE,半导体国产替代,芯片设计/功率半导体,stock_basic_keyword,0.75,name:晶,20250101,
20250101,603005.SH,晶方科技,半导体,主板,SSE,半导体国产替代,芯片设计/功率半导体,stock_basic_keyword,0.75,industry:半导体;name:晶,20250101,
20250101,603039.SH,泛微网络,软件服务,主板,SSE,半导体国产替代,芯片设计/功率半导体,stock_basic_keyword,0.75,name:微,20250101,
20250101,603052.SH,可川科技,元器件,主板,SSE,半导体国产替代,芯片设计/功率半导体,stock_basic_keyword,0.75,industry:元器件,20250101,
20250101,603061.SH,金海通,半导体,主板,SSE,半导体国产替代,芯片设计/功率半导体,stock_basic_keyword,0.75,industry:半导体,20250101,
20250101,603062.SH,麦加芯彩,染料涂料,主板,SSE,半导体国产替代,芯片设计/功率半导体,stock_basic_keyword,0.75,name:芯,20250101,
20250101,603068.SH,博通集成,半导体,主板,SSE,半导体国产替代,芯片设计/功率半导体,stock_basic_keyword,0.75,industry:半导体,20250101,
20250101,603078.SH,江化微,半导体,主板,SSE,半导体国产替代,芯片设计/功率半导体,stock_basic_keyword,0.75,industry:半导体;name:微,20250101,
20250101,603105.SH,芯能科技,电气设备,主板,SSE,半导体国产替代,芯片设计/功率半导体,stock_basic_keyword,0.75,name:芯,20250101,
20250101,603123.SH,翠微股份,多元金融,主板,SSE,半导体国产替代,芯片设计/功率半导体,stock_basic_keyword,0.75,name:微,20250101,
20250101,603160.SH,汇顶科技,半导体,主板,SSE,半导体国产替代,芯片设计/功率半导体,stock_basic_keyword,0.75,industry:半导体,20250101,
20250101,603186.SH,华正新材,元器件,主板,SSE,半导体国产替代,芯片设计/功率半导体,stock_basic_keyword,0.75,industry:元器件,20250101,
20250101,603228.SH,景旺电子,元器件,主板,SSE,半导体国产替代,芯片设计/功率半导体,stock_basic_keyword,0.75,industry:元器件,20250101,
20250101,603267.SH,鸿远电子,元器件,主板,SSE,半导体国产替代,芯片设计/功率半导体,stock_basic_keyword,0.75,industry:元器件,20250101,
20250101,603290.SH,斯达半导,半导体,主板,SSE,半导体国产替代,芯片设计/功率半导体,stock_basic_keyword,0.75,industry:半导体,20250101,
20250101,603296.SH,华勤技术,元器件,主板,SSE,半导体国产替代,芯片设计/功率半导体,stock_basic_keyword,0.75,industry:元器件,20250101,
20250101,603297.SH,永新光学,元器件,主板,SSE,半导体国产替代,芯片设计/功率半导体,stock_basic_keyword,0.75,industry:元器件,20250101,
20250101,603327.SH,福蓉科技,元器件,主板,SSE,半导体国产替代,芯片设计/功率半导体,stock_basic_keyword,0.75,industry:元器件,20250101,
20250101,603328.SH,依顿电子,元器件,主板,SSE,半导体国产替代,芯片设计/功率半导体,stock_basic_keyword,0.75,industry:元器件,20250101,
20250101,603375.SH,盛景微,半导体,主板,SSE,半导体国产替代,芯片设计/功率半导体,stock_basic_keyword,0.75,industry:半导体;name:微,20250101,
20250101,603380.SH,易德龙,元器件,主板,SSE,半导体国产替代,芯片设计/功率半导体,stock_basic_keyword,0.75,industry:元器件,20250101,
20250101,603386.SH,骏亚科技,元器件,主板,SSE,半导体国产替代,芯片设计/功率半导体,stock_basic_keyword,0.75,industry:元器件,20250101,
20250101,603501.SH,豪威集团,半导体,主板,SSE,半导体国产替代,芯片设计/功率半导体,stock_basic_keyword,0.75,industry:半导体,20250101,
20250101,603595.SH,ST东尼,元器件,主板,SSE,半导体国产替代,芯片设计/功率半导体,stock_basic_keyword,0.75,industry:元器件,20250101,
20250101,603626.SH,科森科技,元器件,主板,SSE,半导体国产替代,芯片设计/功率半导体,stock_basic_keyword,0.75,industry:元器件,20250101,
20250101,603629.SH,利通电子,元器件,主板,SSE,半导体国产替代,芯片设计/功率半导体,stock_basic_keyword,0.75,industry:元器件,20250101,
20250101,603678.SH,火炬电子,元器件,主板,SSE,半导体国产替代,芯片设计/功率半导体,stock_basic_keyword,0.75,industry:元器件,20250101,
20250101,603683.SH,晶华新材,化工原料,主板,SSE,半导体国产替代,芯片设计/功率半导体,stock_basic_keyword,0.75,name:晶,20250101,
20250101,603690.SH,至纯科技,半导体,主板,SSE,半导体国产替代,芯片设计/功率半导体,stock_basic_keyword,0.75,industry:半导体,20250101,
20250101,603703.SH,盛洋科技,元器件,主板,SSE,半导体国产替代,芯片设计/功率半导体,stock_basic_keyword,0.75,industry:元器件,20250101,
20250101,603738.SH,泰晶科技,元器件,主板,SSE,半导体国产替代,芯片设计/功率半导体,stock_basic_keyword,0.75,industry:元器件;name:晶,20250101,
20250101,603773.SH,沃格光电,元器件,主板,SSE,半导体国产替代,芯片设计/功率半导体,stock_basic_keyword,0.75,industry:元器件,20250101,
20250101,603890.SH,春秋电子,元器件,主板,SSE,半导体国产替代,芯片设计/功率半导体,stock_basic_keyword,0.75,industry:元器件,20250101,
20250101,603893.SH,瑞芯微,半导体,主板,SSE,半导体国产替代,芯片设计/功率半导体,stock_basic_keyword,0.75,industry:半导体;name:芯;name:微,20250101,
20250101,603920.SH,世运电路,元器件,主板,SSE,半导体国产替代,芯片设计/功率半导体,stock_basic_keyword,0.75,industry:元器件,20250101,
20250101,603933.SH,睿能科技,元器件,主板,SSE,半导体国产替代,芯片设计/功率半导体,stock_basic_keyword,0.75,industry:元器件,20250101,
20250101,603936.SH,博敏电子,元器件,主板,SSE,半导体国产替代,芯片设计/功率半导体,stock_basic_keyword,0.75,industry:元器件,20250101,
20250101,603986.SH,兆易创新,半导体,主板,SSE,半导体国产替代,芯片设计/功率半导体,stock_basic_keyword,0.75,industry:半导体;name:兆易,20250101,
20250101,603989.SH,艾华集团,元器件,主板,SSE,半导体国产替代,芯片设计/功率半导体,stock_basic_keyword,0.75,industry:元器件,20250101,
20250101,603991.SH,至正股份,半导体,主板,SSE,半导体国产替代,芯片设计/功率半导体,stock_basic_keyword,0.75,industry:半导体,20250101,
20250101,605058.SH,澳弘电子,元器件,主板,SSE,半导体国产替代,芯片设计/功率半导体,stock_basic_keyword,0.75,industry:元器件,20250101,
20250101,605111.SH,新洁能,半导体,主板,SSE,半导体国产替代,芯片设计/功率半导体,stock_basic_keyword,0.75,industry:半导体,20250101,
20250101,605118.SH,力鼎光电,元器件,主板,SSE,半导体国产替代,芯片设计/功率半导体,stock_basic_keyword,0.75,industry:元器件,20250101,
20250101,605218.SH,伟时电子,元器件,主板,SSE,半导体国产替代,芯片设计/功率半导体,stock_basic_keyword,0.75,industry:元器件,20250101,
20250101,605258.SH,协和电子,元器件,主板,SSE,半导体国产替代,芯片设计/功率半导体,stock_basic_keyword,0.75,industry:元器件,20250101,
20250101,605277.SH,新亚电子,元器件,主板,SSE,半导体国产替代,芯片设计/功率半导体,stock_basic_keyword,0.75,industry:元器件,20250101,
20250101,605358.SH,立昂微,半导体,主板,SSE,半导体国产替代,芯片设计/功率半导体,stock_basic_keyword,0.75,industry:半导体;name:微,20250101,
20250101,605588.SH,冠石科技,元器件,主板,SSE,半导体国产替代,芯片设计/功率半导体,stock_basic_keyword,0.75,industry:元器件,20250101,
20250101,688002.SH,睿创微纳,通信设备,科创板,SSE,半导体国产替代,芯片设计/功率半导体,stock_basic_keyword,0.75,name:微,20250101,
20250101,688007.SH,光峰科技,元器件,科创板,SSE,半导体国产替代,芯片设计/功率半导体,stock_basic_keyword,0.75,industry:元器件,20250101,
20250101,688008.SH,澜起科技,半导体,科创板,SSE,半导体国产替代,芯片设计/功率半导体,stock_basic_keyword,0.75,industry:半导体;name:澜起,20250101,
20250101,688010.SH,福光股份,元器件,科创板,SSE,半导体国产替代,芯片设计/功率半导体,stock_basic_keyword,0.75,industry:元器件,20250101,
20250101,688011.SH,新光光电,元器件,科创板,SSE,半导体国产替代,芯片设计/功率半导体,stock_basic_keyword,0.75,industry:元器件,20250101,
20250101,688012.SH,中微公司,半导体,科创板,SSE,半导体国产替代,芯片设计/功率半导体,stock_basic_keyword,0.75,industry:半导体;name:微,20250101,
20250101,688018.SH,乐鑫科技,半导体,科创板,SSE,半导体国产替代,芯片设计/功率半导体,stock_basic_keyword,0.75,industry:半导体,20250101,
20250101,688019.SH,安集科技,半导体,科创板,SSE,半导体国产替代,芯片设计/功率半导体,stock_basic_keyword,0.75,industry:半导体,20250101,
20250101,688020.SH,方邦股份,元器件,科创板,SSE,半导体国产替代,芯片设计/功率半导体,stock_basic_keyword,0.75,industry:元器件,20250101,
20250101,688029.SH,南微医学,医疗保健,科创板,SSE,半导体国产替代,芯片设计/功率半导体,stock_basic_keyword,0.75,name:微,20250101,
20250101,688035.SH,德邦科技,半导体,科创板,SSE,半导体国产替代,芯片设计/功率半导体,stock_basic_keyword,0.75,industry:半导体,20250101,
20250101,688037.SH,芯源微,半导体,科创板,SSE,半导体国产替代,芯片设计/功率半导体,stock_basic_keyword,0.75,industry:半导体;name:芯;name:微,20250101,
20250101,688041.SH,海光信息,半导体,科创板,SSE,半导体国产替代,芯片设计/功率半导体,stock_basic_keyword,0.75,industry:半导体,20250101,
20250101,688045.SH,必易微,半导体,科创板,SSE,半导体国产替代,芯片设计/功率半导体,stock_basic_keyword,0.75,industry:半导体;name:微,20250101,
20250101,688047.SH,龙芯中科,半导体,科创板,SSE,半导体国产替代,芯片设计/功率半导体,stock_basic_keyword,0.75,industry:半导体;name:芯,20250101,
20250101,688048.SH,长光华芯,半导体,科创板,SSE,半导体国产替代,芯片设计/功率半导体,stock_basic_keyword,0.75,industry:半导体;name:芯,20250101,
20250101,688049.SH,炬芯科技,半导体,科创板,SSE,半导体国产替代,芯片设计/功率半导体,stock_basic_keyword,0.75,industry:半导体;name:芯,20250101,
20250101,688052.SH,纳芯微,半导体,科创板,SSE,半导体国产替代,芯片设计/功率半导体,stock_basic_keyword,0.75,industry:半导体;name:芯;name:微,20250101,
20250101,688053.SH,ST思科瑞,元器件,科创板,SSE,半导体国产替代,芯片设计/功率半导体,stock_basic_keyword,0.75,industry:元器件,20250101,
20250101,688055.SH,龙腾光电,元器件,科创板,SSE,半导体国产替代,芯片设计/功率半导体,stock_basic_keyword,0.75,industry:元器件,20250101,
20250101,688061.SH,灿瑞科技,半导体,科创板,SSE,半导体国产替代,芯片设计/功率半导体,stock_basic_keyword,0.75,industry:半导体,20250101,
20250101,688072.SH,拓荆科技,半导体,科创板,SSE,半导体国产替代,芯片设计/功率半导体,stock_basic_keyword,0.75,industry:半导体,20250101,
20250101,688079.SH,美迪凯,元器件,科创板,SSE,半导体国产替代,芯片设计/功率半导体,stock_basic_keyword,0.75,industry:元器件,20250101,
20250101,688082.SH,盛美上海,半导体,科创板,SSE,半导体国产替代,芯片设计/功率半导体,stock_basic_keyword,0.75,industry:半导体,20250101,
20250101,688084.SH,晶品特装,专用机械,科创板,SSE,半导体国产替代,芯片设计/功率半导体,stock_basic_keyword,0.75,name:晶,20250101,
20250101,688099.SH,晶晨股份,半导体,科创板,SSE,半导体国产替代,芯片设计/功率半导体,stock_basic_keyword,0.75,industry:半导体;name:晶,20250101,
20250101,688103.SH,国力电子,元器件,科创板,SSE,半导体国产替代,芯片设计/功率半导体,stock_basic_keyword,0.75,industry:元器件,20250101,
20250101,688107.SH,安路科技,半导体,科创板,SSE,半导体国产替代,芯片设计/功率半导体,stock_basic_keyword,0.75,industry:半导体,20250101,
20250101,688110.SH,东芯股份,半导体,科创板,SSE,半导体国产替代,芯片设计/功率半导体,stock_basic_keyword,0.75,industry:半导体;name:芯,20250101,
20250101,688120.SH,华海清科,半导体,科创板,SSE,半导体国产替代,芯片设计/功率半导体,stock_basic_keyword,0.75,industry:半导体,20250101,
20250101,688123.SH,聚辰股份,半导体,科创板,SSE,半导体国产替代,芯片设计/功率半导体,stock_basic_keyword,0.75,industry:半导体,20250101,
20250101,688126.SH,沪硅产业,半导体,科创板,SSE,半导体国产替代,芯片设计/功率半导体,stock_basic_keyword,0.75,industry:半导体,20250101,
20250101,688127.SH,蓝特光学,元器件,科创板,SSE,半导体国产替代,芯片设计/功率半导体,stock_basic_keyword,0.75,industry:元器件,20250101,
20250101,688130.SH,晶华微,半导体,科创板,SSE,半导体国产替代,芯片设计/功率半导体,stock_basic_keyword,0.75,industry:半导体;name:微;name:晶,20250101,
20250101,688135.SH,利扬芯片,半导体,科创板,SSE,半导体国产替代,芯片设计/功率半导体,stock_basic_keyword,0.75,industry:半导体;name:芯,20250101,
20250101,688138.SH,清溢光电,半导体,科创板,SSE,半导体国产替代,芯片设计/功率半导体,stock_basic_keyword,0.75,industry:半导体,20250101,
20250101,688141.SH,杰华特,半导体,科创板,SSE,半导体国产替代,芯片设计/功率半导体,stock_basic_keyword,0.75,industry:半导体,20250101,
20250101,688146.SH,中船特气,半导体,科创板,SSE,半导体国产替代,芯片设计/功率半导体,stock_basic_keyword,0.75,industry:半导体,20250101,
20250101,688147.SH,微导纳米,专用机械,科创板,SSE,半导体国产替代,芯片设计/功率半导体,stock_basic_keyword,0.75,name:微,20250101,
20250101,688150.SH,莱特光电,元器件,科创板,SSE,半导体国产替代,芯片设计/功率半导体,stock_basic_keyword,0.75,industry:元器件,20250101,
20250101,688153.SH,唯捷创芯,半导体,科创板,SSE,半导体国产替代,芯片设计/功率半导体,stock_basic_keyword,0.75,industry:半导体;name:芯,20250101,
20250101,688167.SH,炬光科技,元器件,科创板,SSE,半导体国产替代,芯片设计/功率半导体,stock_basic_keyword,0.75,industry:元器件,20250101,
20250101,688172.SH,燕东微,半导体,科创板,SSE,半导体国产替代,芯片设计/功率半导体,stock_basic_keyword,0.75,industry:半导体;name:微,20250101,
20250101,688173.SH,希荻微,半导体,科创板,SSE,半导体国产替代,芯片设计/功率半导体,stock_basic_keyword,0.75,industry:半导体;name:微,20250101,
20250101,688181.SH,八亿时空,元器件,科创板,SSE,半导体国产替代,芯片设计/功率半导体,stock_basic_keyword,0.75,industry:元器件,20250101,
20250101,688183.SH,生益电子,元器件,科创板,SSE,半导体国产替代,芯片设计/功率半导体,stock_basic_keyword,0.75,industry:元器件,20250101,
20250101,688195.SH,腾景科技,元器件,科创板,SSE,半导体国产替代,芯片设计/功率半导体,stock_basic_keyword,0.75,industry:元器件,20250101,
20250101,688200.SH,华峰测控,半导体,科创板,SSE,半导体国产替代,芯片设计/功率半导体,stock_basic_keyword,0.75,industry:半导体,20250101,
20250101,688206.SH,概伦电子,半导体,科创板,SSE,半导体国产替代,芯片设计/功率半导体,stock_basic_keyword,0.75,industry:半导体,20250101,
20250101,688209.SH,英集芯,半导体,科创板,SSE,半导体国产替代,芯片设计/功率半导体,stock_basic_keyword,0.75,industry:半导体;name:芯,20250101,
20250101,688210.SH,统联精密,元器件,科创板,SSE,半导体国产替代,芯片设计/功率半导体,stock_basic_keyword,0.75,industry:元器件,20250101,
20250101,688211.SH,中科微至,专用机械,科创板,SSE,半导体国产替代,芯片设计/功率半导体,stock_basic_keyword,0.75,name:微,20250101,
20250101,688213.SH,思特威-W,半导体,科创板,SSE,半导体国产替代,芯片设计/功率半导体,stock_basic_keyword,0.75,industry:半导体,20250101,
20250101,688216.SH,气派科技,半导体,科创板,SSE,半导体国产替代,芯片设计/功率半导体,stock_basic_keyword,0.75,industry:半导体,20250101,
20250101,688220.SH,翱捷科技-U,半导体,科创板,SSE,半导体国产替代,芯片设计/功率半导体,stock_basic_keyword,0.75,industry:半导体,20250101,
20250101,688223.SH,晶科能源,电气设备,科创板,SSE,半导体国产替代,芯片设计/功率半导体,stock_basic_keyword,0.75,name:晶,20250101,
20250101,688230.SH,芯导科技,半导体,科创板,SSE,半导体国产替代,芯片设计/功率半导体,stock_basic_keyword,0.75,industry:半导体;name:芯,20250101,
20250101,688233.SH,神工股份,半导体,科创板,SSE,半导体国产替代,芯片设计/功率半导体,stock_basic_keyword,0.75,industry:半导体,20250101,
20250101,688234.SH,天岳先进,半导体,科创板,SSE,半导体国产替代,芯片设计/功率半导体,stock_basic_keyword,0.75,industry:半导体,20250101,
20250101,688249.SH,晶合集成,半导体,科创板,SSE,半导体国产替代,芯片设计/功率半导体,stock_basic_keyword,0.75,industry:半导体;name:晶,20250101,
20250101,688252.SH,天德钰,半导体,科创板,SSE,半导体国产替代,芯片设计/功率半导体,stock_basic_keyword,0.75,industry:半导体,20250101,
20250101,688256.SH,寒武纪,半导体,科创板,SSE,半导体国产替代,芯片设计/功率半导体,stock_basic_keyword,0.75,industry:半导体,20250101,
20250101,688259.SH,创耀科技,半导体,科创板,SSE,半导体国产替代,芯片设计/功率半导体,stock_basic_keyword,0.75,industry:半导体,20250101,
20250101,688260.SH,昀冢科技,元器件,科创板,SSE,半导体国产替代,芯片设计/功率半导体,stock_basic_keyword,0.75,industry:元器件,20250101,
20250101,688261.SH,东微半导,半导体,科创板,SSE,半导体国产替代,芯片设计/功率半导体,stock_basic_keyword,0.75,industry:半导体;name:微,20250101,
20250101,688262.SH,国芯科技,半导体,科创板,SSE,半导体国产替代,芯片设计/功率半导体,stock_basic_keyword,0.75,industry:半导体;name:芯,20250101,
20250101,688270.SH,臻镭科技,半导体,科创板,SSE,半导体国产替代,芯片设计/功率半导体,stock_basic_keyword,0.75,industry:半导体,20250101,
20250101,688272.SH,富吉瑞,元器件,科创板,SSE,半导体国产替代,芯片设计/功率半导体,stock_basic_keyword,0.75,industry:元器件,20250101,
20250101,688279.SH,峰岹科技,半导体,科创板,SSE,半导体国产替代,芯片设计/功率半导体,stock_basic_keyword,0.75,industry:半导体,20250101,
20250101,688286.SH,敏芯股份,半导体,科创板,SSE,半导体国产替代,芯片设计/功率半导体,stock_basic_keyword,0.75,industry:半导体;name:芯,20250101,
20250101,688299.SH,长阳科技,元器件,科创板,SSE,半导体国产替代,芯片设计/功率半导体,stock_basic_keyword,0.75,industry:元器件,20250101,
20250101,688307.SH,中润光学,元器件,科创板,SSE,半导体国产替代,芯片设计/功率半导体,stock_basic_keyword,0.75,industry:元器件,20250101,
20250101,688311.SH,盟升电子,元器件,科创板,SSE,半导体国产替代,芯片设计/功率半导体,stock_basic_keyword,0.75,industry:元器件,20250101,
20250101,688321.SH,微芯生物,化学制药,科创板,SSE,半导体国产替代,芯片设计/功率半导体,stock_basic_keyword,0.75,name:芯;name:微,20250101,
20250101,688322.SH,奥比中光-UW,元器件,科创板,SSE,半导体国产替代,芯片设计/功率半导体,stock_basic_keyword,0.75,industry:元器件,20250101,
20250101,688325.SH,赛微微电,半导体,科创板,SSE,半导体国产替代,芯片设计/功率半导体,stock_basic_keyword,0.75,industry:半导体;name:微,20250101,
20250101,688332.SH,中科蓝讯,半导体,科创板,SSE,半导体国产替代,芯片设计/功率半导体,stock_basic_keyword,0.75,industry:半导体,20250101,
20250101,688347.SH,华虹公司,半导体,科创板,SSE,半导体国产替代,芯片设计/功率半导体,stock_basic_keyword,0.75,industry:半导体,20250101,
20250101,688351.SH,微电生理,医疗保健,科创板,SSE,半导体国产替代,芯片设计/功率半导体,stock_basic_keyword,0.75,name:微,20250101,
20250101,688352.SH,颀中科技,半导体,科创板,SSE,半导体国产替代,芯片设计/功率半导体,stock_basic_keyword,0.75,industry:半导体,20250101,
20250101,688357.SH,建龙微纳,化工原料,科创板,SSE,半导体国产替代,芯片设计/功率半导体,stock_basic_keyword,0.75,name:微,20250101,
20250101,688361.SH,中科飞测,半导体,科创板,SSE,半导体国产替代,芯片设计/功率半导体,stock_basic_keyword,0.75,industry:半导体,20250101,
20250101,688362.SH,甬矽电子,半导体,科创板,SSE,半导体国产替代,芯片设计/功率半导体,stock_basic_keyword,0.75,industry:半导体,20250101,
20250101,688368.SH,晶丰明源,半导体,科创板,SSE,半导体国产替代,芯片设计/功率半导体,stock_basic_keyword,0.75,industry:半导体;name:晶,20250101,
20250101,688371.SH,菲沃泰,元器件,科创板,SSE,半导体国产替代,芯片设计/功率半导体,stock_basic_keyword,0.75,industry:元器件,20250101,
20250101,688372.SH,伟测科技,半导体,科创板,SSE,半导体国产替代,芯片设计/功率半导体,stock_basic_keyword,0.75,industry:半导体,20250101,
20250101,688375.SH,国博电子,元器件,科创板,SSE,半导体国产替代,芯片设计/功率半导体,stock_basic_keyword,0.75,industry:元器件,20250101,
20250101,688380.SH,中微半导,半导体,科创板,SSE,半导体国产替代,芯片设计/功率半导体,stock_basic_keyword,0.75,industry:半导体;name:微,20250101,
20250101,688381.SH,帝奥微,半导体,科创板,SSE,半导体国产替代,芯片设计/功率半导体,stock_basic_keyword,0.75,industry:半导体;name:微,20250101,
20250101,688385.SH,复旦微电,半导体,科创板,SSE,半导体国产替代,芯片设计/功率半导体,stock_basic_keyword,0.75,industry:半导体;name:微,20250101,
20250101,688386.SH,泛亚微透,化工原料,科创板,SSE,半导体国产替代,芯片设计/功率半导体,stock_basic_keyword,0.75,name:微,20250101,
20250101,688391.SH,钜泉科技,半导体,科创板,SSE,半导体国产替代,芯片设计/功率半导体,stock_basic_keyword,0.75,industry:半导体,20250101,
20250101,688396.SH,华润微,半导体,科创板,SSE,半导体国产替代,芯片设计/功率半导体,stock_basic_keyword,0.75,industry:半导体;name:微,20250101,
20250101,688401.SH,路维光电,半导体,科创板,SSE,半导体国产替代,芯片设计/功率半导体,stock_basic_keyword,0.75,industry:半导体,20250101,
20250101,688403.SH,汇成股份,半导体,科创板,SSE,半导体国产替代,芯片设计/功率半导体,stock_basic_keyword,0.75,industry:半导体,20250101,
20250101,688409.SH,富创精密,半导体,科创板,SSE,半导体国产替代,芯片设计/功率半导体,stock_basic_keyword,0.75,industry:半导体,20250101,
20250101,688416.SH,恒烁股份,半导体,科创板,SSE,半导体国产替代,芯片设计/功率半导体,stock_basic_keyword,0.75,industry:半导体,20250101,
20250101,688419.SH,耐科装备,半导体,科创板,SSE,半导体国产替代,芯片设计/功率半导体,stock_basic_keyword,0.75,industry:半导体,20250101,
20250101,688432.SH,有研硅,半导体,科创板,SSE,半导体国产替代,芯片设计/功率半导体,stock_basic_keyword,0.75,industry:半导体,20250101,
20250101,688439.SH,振华风光,元器件,科创板,SSE,半导体国产替代,芯片设计/功率半导体,stock_basic_keyword,0.75,industry:元器件,20250101,
20250101,688449.SH,联芸科技,半导体,科创板,SSE,半导体国产替代,芯片设计/功率半导体,stock_basic_keyword,0.75,industry:半导体,20250101,
20250101,688458.SH,美芯晟,半导体,科创板,SSE,半导体国产替代,芯片设计/功率半导体,stock_basic_keyword,0.75,industry:半导体;name:芯,20250101,
20250101,688469.SH,芯联集成-U,半导体,科创板,SSE,半导体国产替代,芯片设计/功率半导体,stock_basic_keyword,0.75,industry:半导体;name:芯,20250101,
20250101,688478.SH,晶升股份,半导体,科创板,SSE,半导体国产替代,芯片设计/功率半导体,stock_basic_keyword,0.75,industry:半导体;name:晶,20250101,
20250101,688484.SH,南芯科技,半导体,科创板,SSE,半导体国产替代,芯片设计/功率半导体,stock_basic_keyword,0.75,industry:半导体;name:芯,20250101,
20250101,688486.SH,龙迅股份,半导体,科创板,SSE,半导体国产替代,芯片设计/功率半导体,stock_basic_keyword,0.75,industry:半导体,20250101,
20250101,688496.SH,清越科技,元器件,科创板,SSE,半导体国产替代,芯片设计/功率半导体,stock_basic_keyword,0.75,industry:元器件,20250101,
20250101,688498.SH,源杰科技,半导体,科创板,SSE,半导体国产替代,芯片设计/功率半导体,stock_basic_keyword,0.75,industry:半导体,20250101,
20250101,688502.SH,茂莱光学,元器件,科创板,SSE,半导体国产替代,芯片设计/功率半导体,stock_basic_keyword,0.75,industry:元器件,20250101,
20250101,688508.SH,芯朋微,半导体,科创板,SSE,半导体国产替代,芯片设计/功率半导体,stock_basic_keyword,0.75,industry:半导体;name:芯;name:微,20250101,
20250101,688511.SH,DR*ST天,元器件,科创板,SSE,半导体国产替代,芯片设计/功率半导体,stock_basic_keyword,0.75,industry:元器件,20250101,
20250101,688512.SH,慧智微-U,半导体,科创板,SSE,半导体国产替代,芯片设计/功率半导体,stock_basic_keyword,0.75,industry:半导体;name:微,20250101,
20250101,688515.SH,裕太微-U,半导体,科创板,SSE,半导体国产替代,芯片设计/功率半导体,stock_basic_keyword,0.75,industry:半导体;name:微,20250101,
20250101,688519.SH,南亚新材,元器件,科创板,SSE,半导体国产替代,芯片设计/功率半导体,stock_basic_keyword,0.75,industry:元器件,20250101,
20250101,688521.SH,芯原股份,半导体,科创板,SSE,半导体国产替代,芯片设计/功率半导体,stock_basic_keyword,0.75,industry:半导体;name:芯,20250101,
20250101,688525.SH,佰维存储,半导体,科创板,SSE,半导体国产替代,芯片设计/功率半导体,stock_basic_keyword,0.75,industry:半导体,20250101,
20250101,688530.SH,欧莱新材,半导体,科创板,SSE,半导体国产替代,芯片设计/功率半导体,stock_basic_keyword,0.75,industry:半导体,20250101,
20250101,688535.SH,华海诚科,半导体,科创板,SSE,半导体国产替代,芯片设计/功率半导体,stock_basic_keyword,0.75,industry:半导体,20250101,
20250101,688536.SH,思瑞浦,半导体,科创板,SSE,半导体国产替代,芯片设计/功率半导体,stock_basic_keyword,0.75,industry:半导体;name:思瑞浦,20250101,
20250101,688538.SH,和辉光电-U,半导体,科创板,SSE,半导体国产替代,芯片设计/功率半导体,stock_basic_keyword,0.75,industry:半导体,20250101,
20250101,688549.SH,中巨芯-U,元器件,科创板,SSE,半导体国产替代,芯片设计/功率半导体,stock_basic_keyword,0.75,industry:元器件;name:芯,20250101,
20250101,688582.SH,芯动联科,元器件,科创板,SSE,半导体国产替代,芯片设计/功率半导体,stock_basic_keyword,0.75,industry:元器件;name:芯,20250101,
20250101,688584.SH,上海合晶,半导体,科创板,SSE,半导体国产替代,芯片设计/功率半导体,stock_basic_keyword,0.75,industry:半导体;name:晶,20250101,
20250101,688589.SH,力合微,半导体,科创板,SSE,半导体国产替代,芯片设计/功率半导体,stock_basic_keyword,0.75,industry:半导体;name:微,20250101,
20250101,688591.SH,泰凌微,半导体,科创板,SSE,半导体国产替代,芯片设计/功率半导体,stock_basic_keyword,0.75,industry:半导体;name:微,20250101,
20250101,688593.SH,新相微,半导体,科创板,SSE,半导体国产替代,芯片设计/功率半导体,stock_basic_keyword,0.75,industry:半导体;name:微,20250101,
20250101,688595.SH,芯海科技,半导体,科创板,SSE,半导体国产替代,芯片设计/功率半导体,stock_basic_keyword,0.75,industry:半导体;name:芯,20250101,
20250101,688601.SH,力芯微,半导体,科创板,SSE,半导体国产替代,芯片设计/功率半导体,stock_basic_keyword,0.75,industry:半导体;name:芯;name:微,20250101,
20250101,688605.SH,先锋精科,半导体,科创板,SSE,半导体国产替代,芯片设计/功率半导体,stock_basic_keyword,0.75,industry:半导体,20250101,
20250101,688608.SH,恒玄科技,半导体,科创板,SSE,半导体国产替代,芯片设计/功率半导体,stock_basic_keyword,0.75,industry:半导体,20250101,
20250101,688620.SH,安凯微,半导体,科创板,SSE,半导体国产替代,芯片设计/功率半导体,stock_basic_keyword,0.75,industry:半导体;name:微,20250101,
20250101,688629.SH,华丰科技,元器件,科创板,SSE,半导体国产替代,芯片设计/功率半导体,stock_basic_keyword,0.75,industry:元器件,20250101,
20250101,688630.SH,芯碁微装,专用机械,科创板,SSE,半导体国产替代,芯片设计/功率半导体,stock_basic_keyword,0.75,name:芯;name:微,20250101,
20250101,688636.SH,智明达,元器件,科创板,SSE,半导体国产替代,芯片设计/功率半导体,stock_basic_keyword,0.75,industry:元器件,20250101,
20250101,688652.SH,京仪装备,半导体,科创板,SSE,半导体国产替代,芯片设计/功率半导体,stock_basic_keyword,0.75,industry:半导体,20250101,
20250101,688653.SH,康希通信,半导体,科创板,SSE,半导体国产替代,芯片设计/功率半导体,stock_basic_keyword,0.75,industry:半导体,20250101,
20250101,688655.SH,迅捷兴,元器件,科创板,SSE,半导体国产替代,芯片设计/功率半导体,stock_basic_keyword,0.75,industry:元器件,20250101,
20250101,688661.SH,和林微纳,元器件,科创板,SSE,半导体国产替代,芯片设计/功率半导体,stock_basic_keyword,0.75,industry:元器件;name:微,20250101,
20250101,688662.SH,富信科技,元器件,科创板,SSE,半导体国产替代,芯片设计/功率半导体,stock_basic_keyword,0.75,industry:元器件,20250101,
20250101,688678.SH,福立旺,元器件,科创板,SSE,半导体国产替代,芯片设计/功率半导体,stock_basic_keyword,0.75,industry:元器件,20250101,
20250101,688683.SH,莱尔科技,元器件,科创板,SSE,半导体国产替代,芯片设计/功率半导体,stock_basic_keyword,0.75,industry:元器件,20250101,
20250101,688689.SH,银河微电,半导体,科创板,SSE,半导体国产替代,芯片设计/功率半导体,stock_basic_keyword,0.75,industry:半导体;name:微,20250101,
20250101,688690.SH,纳微科技,化工原料,科创板,SSE,半导体国产替代,芯片设计/功率半导体,stock_basic_keyword,0.75,name:微,20250101,
20250101,688691.SH,灿芯股份,半导体,科创板,SSE,半导体国产替代,芯片设计/功率半导体,stock_basic_keyword,0.75,industry:半导体;name:芯,20250101,
20250101,688693.SH,锴威特,半导体,科创板,SSE,半导体国产替代,芯片设计/功率半导体,stock_basic_keyword,0.75,industry:半导体,20250101,
20250101,688699.SH,明微电子,半导体,科创板,SSE,半导体国产替代,芯片设计/功率半导体,stock_basic_keyword,0.75,industry:半导体;name:微,20250101,
20250101,688702.SH,盛科通信-U,半导体,科创板,SSE,半导体国产替代,芯片设计/功率半导体,stock_basic_keyword,0.75,industry:半导体,20250101,
20250101,688709.SH,成都华微,半导体,科创板,SSE,半导体国产替代,芯片设计/功率半导体,stock_basic_keyword,0.75,industry:半导体;name:微,20250101,
20250101,688711.SH,宏微科技,半导体,科创板,SSE,半导体国产替代,芯片设计/功率半导体,stock_basic_keyword,0.75,industry:半导体;name:微,20250101,
20250101,688720.SH,艾森股份,半导体,科创板,SSE,半导体国产替代,芯片设计/功率半导体,stock_basic_keyword,0.75,industry:半导体,20250101,
20250101,688721.SH,龙图光罩,半导体,科创板,SSE,半导体国产替代,芯片设计/功率半导体,stock_basic_keyword,0.75,industry:半导体,20250101,
20250101,688728.SH,格科微,半导体,科创板,SSE,半导体国产替代,芯片设计/功率半导体,stock_basic_keyword,0.75,industry:半导体;name:微,20250101,
20250101,688766.SH,普冉股份,半导体,科创板,SSE,半导体国产替代,芯片设计/功率半导体,stock_basic_keyword,0.75,industry:半导体,20250101,
20250101,688776.SH,国光电气,元器件,科创板,SSE,半导体国产替代,芯片设计/功率半导体,stock_basic_keyword,0.75,industry:元器件,20250101,
20250101,688798.SH,艾为电子,半导体,科创板,SSE,半导体国产替代,芯片设计/功率半导体,stock_basic_keyword,0.75,industry:半导体,20250101,
20250101,688800.SH,瑞可达,元器件,科创板,SSE,半导体国产替代,芯片设计/功率半导体,stock_basic_keyword,0.75,industry:元器件,20250101,
20250101,688981.SH,中芯国际,半导体,科创板,SSE,半导体国产替代,芯片设计/功率半导体,stock_basic_keyword,0.75,industry:半导体;name:芯,20250101,
20250101,920001.BJ,纬达光电,元器件,北交所,BSE,半导体国产替代,芯片设计/功率半导体,stock_basic_keyword,0.75,industry:元器件,20250101,
20250101,920060.BJ,万源通,元器件,北交所,BSE,半导体国产替代,芯片设计/功率半导体,stock_basic_keyword,0.75,industry:元器件,20250101,
20250101,920128.BJ,胜业电气,元器件,北交所,BSE,半导体国产替代,芯片设计/功率半导体,stock_basic_keyword,0.75,industry:元器件,20250101,
20250101,920139.BJ,华岭股份,半导体,北交所,BSE,半导体国产替代,芯片设计/功率半导体,stock_basic_keyword,0.75,industry:半导体,20250101,
20250101,920198.BJ,微创光电,IT设备,北交所,BSE,半导体国产替代,芯片设计/功率半导体,stock_basic_keyword,0.75,name:微,20250101,
20250101,920212.BJ,智新电子,元器件,北交所,BSE,半导体国产替代,芯片设计/功率半导体,stock_basic_keyword,0.75,industry:元器件,20250101,
20250101,920249.BJ,利尔达,元器件,北交所,BSE,半导体国产替代,芯片设计/功率半导体,stock_basic_keyword,0.75,industry:元器件,20250101,
20250101,920267.BJ,鑫汇科,元器件,北交所,BSE,半导体国产替代,芯片设计/功率半导体,stock_basic_keyword,0.75,industry:元器件,20250101,
20250101,920346.BJ,威贸电子,元器件,北交所,BSE,半导体国产替代,芯片设计/功率半导体,stock_basic_keyword,0.75,industry:元器件,20250101,
20250101,920357.BJ,雅葆轩,元器件,北交所,BSE,半导体国产替代,芯片设计/功率半导体,stock_basic_keyword,0.75,industry:元器件,20250101,
20250101,920438.BJ,戈碧迦,元器件,北交所,BSE,半导体国产替代,芯片设计/功率半导体,stock_basic_keyword,0.75,industry:元器件,20250101,
20250101,920491.BJ,奥迪威,元器件,北交所,BSE,半导体国产替代,芯片设计/功率半导体,stock_basic_keyword,0.75,industry:元器件,20250101,
20250101,920547.BJ,无锡晶海,化学制药,北交所,BSE,半导体国产替代,芯片设计/功率半导体,stock_basic_keyword,0.75,name:晶,20250101,
20250101,920701.BJ,豪声电子,元器件,北交所,BSE,半导体国产替代,芯片设计/功率半导体,stock_basic_keyword,0.75,industry:元器件,20250101,
20250101,920821.BJ,则成电子,元器件,北交所,BSE,半导体国产替代,芯片设计/功率半导体,stock_basic_keyword,0.75,industry:元器件,20250101,
20250101,920857.BJ,泓禧科技,元器件,北交所,BSE,半导体国产替代,芯片设计/功率半导体,stock_basic_keyword,0.75,industry:元器件,20250101,
20250101,920876.BJ,慧为智能,元器件,北交所,BSE,半导体国产替代,芯片设计/功率半导体,stock_basic_keyword,0.75,industry:元器件,20250101,
20250101,920950.BJ,迅安科技,元器件,北交所,BSE,半导体国产替代,芯片设计/功率半导体,stock_basic_keyword,0.75,industry:元器件,20250101,
20250101,920981.BJ,晶赛科技,元器件,北交所,BSE,半导体国产替代,芯片设计/功率半导体,stock_basic_keyword,0.75,industry:元器件;name:晶,20250101,
20250101,000410.SZ,沈阳机床,机床制造,主板,SZSE,机器人/具身智能,机器人本体/工业自动化,stock_basic_keyword,0.7,industry:机床制造,20250101,
20250101,000519.SZ,中兵红箭,专用机械,主板,SZSE,机器人/具身智能,机器人本体/工业自动化,stock_basic_keyword,0.7,industry:专用机械,20250101,
20250101,000530.SZ,冰山冷热,机械基件,主板,SZSE,机器人/具身智能,机器人本体/工业自动化,stock_basic_keyword,0.7,industry:机械基件,20250101,
20250101,000551.SZ,创元科技,专用机械,主板,SZSE,机器人/具身智能,机器人本体/工业自动化,stock_basic_keyword,0.7,industry:专用机械,20250101,
20250101,000777.SZ,中核科技,机械基件,主板,SZSE,机器人/具身智能,机器人本体/工业自动化,stock_basic_keyword,0.7,industry:机械基件,20250101,
20250101,000837.SZ,秦川机床,机床制造,主板,SZSE,机器人/具身智能,机器人本体/工业自动化,stock_basic_keyword,0.7,industry:机床制造,20250101,
20250101,000856.SZ,冀东装备,专用机械,主板,SZSE,机器人/具身智能,机器人本体/工业自动化,stock_basic_keyword,0.7,industry:专用机械,20250101,
20250101,000880.SZ,潍柴重机,专用机械,主板,SZSE,机器人/具身智能,机器人本体/工业自动化,stock_basic_keyword,0.7,industry:专用机械,20250101,
20250101,000988.SZ,华工科技,专用机械,主板,SZSE,机器人/具身智能,机器人本体/工业自动化,stock_basic_keyword,0.7,industry:专用机械,20250101,
20250101,001223.SZ,欧克科技,专用机械,主板,SZSE,机器人/具身智能,机器人本体/工业自动化,stock_basic_keyword,0.7,industry:专用机械,20250101,
20250101,001225.SZ,和泰机电,专用机械,主板,SZSE,机器人/具身智能,机器人本体/工业自动化,stock_basic_keyword,0.7,industry:专用机械,20250101,
20250101,001266.SZ,宏英智能,电器仪表,主板,SZSE,机器人/具身智能,机器人本体/工业自动化,stock_basic_keyword,0.7,industry:电器仪表,20250101,
20250101,001268.SZ,联合精密,机械基件,主板,SZSE,机器人/具身智能,机器人本体/工业自动化,stock_basic_keyword,0.7,industry:机械基件,20250101,
20250101,001277.SZ,速达股份,专用机械,主板,SZSE,机器人/具身智能,机器人本体/工业自动化,stock_basic_keyword,0.7,industry:专用机械,20250101,
20250101,001288.SZ,运机集团,专用机械,主板,SZSE,机器人/具身智能,机器人本体/工业自动化,stock_basic_keyword,0.7,industry:专用机械,20250101,
20250101,001306.SZ,夏厦精密,机械基件,主板,SZSE,机器人/具身智能,机器人本体/工业自动化,stock_basic_keyword,0.7,industry:机械基件,20250101,
20250101,001332.SZ,锡装股份,专用机械,主板,SZSE,机器人/具身智能,机器人本体/工业自动化,stock_basic_keyword,0.7,industry:专用机械,20250101,
20250101,001336.SZ,楚环科技,专用机械,主板,SZSE,机器人/具身智能,机器人本体/工业自动化,stock_basic_keyword,0.7,industry:专用机械,20250101,
20250101,001379.SZ,腾达科技,机械基件,主板,SZSE,机器人/具身智能,机器人本体/工业自动化,stock_basic_keyword,0.7,industry:机械基件,20250101,
20250101,002006.SZ,精工科技,专用机械,主板,SZSE,机器人/具身智能,机器人本体/工业自动化,stock_basic_keyword,0.7,industry:专用机械,20250101,
20250101,002008.SZ,大族激光,专用机械,主板,SZSE,机器人/具身智能,机器人本体/工业自动化,stock_basic_keyword,0.7,industry:专用机械,20250101,
20250101,002026.SZ,山东威达,机械基件,主板,SZSE,机器人/具身智能,机器人本体/工业自动化,stock_basic_keyword,0.7,industry:机械基件,20250101,
20250101,002046.SZ,国机精工,机械基件,主板,SZSE,机器人/具身智能,机器人本体/工业自动化,stock_basic_keyword,0.7,industry:机械基件,20250101,
20250101,002073.SZ,软控股份,专用机械,主板,SZSE,机器人/具身智能,机器人本体/工业自动化,stock_basic_keyword,0.7,industry:专用机械,20250101,
20250101,002121.SZ,科陆电子,电器仪表,主板,SZSE,机器人/具身智能,机器人本体/工业自动化,stock_basic_keyword,0.7,industry:电器仪表,20250101,
20250101,002122.SZ,ST汇洲,机床制造,主板,SZSE,机器人/具身智能,机器人本体/工业自动化,stock_basic_keyword,0.7,industry:机床制造,20250101,
20250101,002150.SZ,正泰电源,机械基件,主板,SZSE,机器人/具身智能,机器人本体/工业自动化,stock_basic_keyword,0.7,industry:机械基件,20250101,
20250101,002164.SZ,宁波东力,机械基件,主板,SZSE,机器人/具身智能,机器人本体/工业自动化,stock_basic_keyword,0.7,industry:机械基件,20250101,
20250101,002175.SZ,东方智造,电器仪表,主板,SZSE,机器人/具身智能,机器人本体/工业自动化,stock_basic_keyword,0.7,industry:电器仪表,20250101,
20250101,002184.SZ,海得控制,机械基件,主板,SZSE,机器人/具身智能,机器人本体/工业自动化,stock_basic_keyword,0.7,industry:机械基件,20250101,
20250101,002204.SZ,大连重工,专用机械,主板,SZSE,机器人/具身智能,机器人本体/工业自动化,stock_basic_keyword,0.7,industry:专用机械,20250101,
20250101,002214.SZ,*ST大立,电器仪表,主板,SZSE,机器人/具身智能,机器人本体/工业自动化,stock_basic_keyword,0.7,industry:电器仪表,20250101,
20250101,002248.SZ,华东数控,机床制造,主板,SZSE,机器人/具身智能,机器人本体/工业自动化,stock_basic_keyword,0.7,industry:机床制造,20250101,
20250101,002255.SZ,海陆重工,专用机械,主板,SZSE,机器人/具身智能,机器人本体/工业自动化,stock_basic_keyword,0.7,industry:专用机械,20250101,
20250101,002265.SZ,建设工业,专用机械,主板,SZSE,机器人/具身智能,机器人本体/工业自动化,stock_basic_keyword,0.7,industry:专用机械,20250101,
20250101,002272.SZ,川润股份,机械基件,主板,SZSE,机器人/具身智能,机器人本体/工业自动化,stock_basic_keyword,0.7,industry:机械基件,20250101,
20250101,002282.SZ,博深股份,机械基件,主板,SZSE,机器人/具身智能,机器人本体/工业自动化,stock_basic_keyword,0.7,industry:机械基件,20250101,
20250101,002338.SZ,奥普光电,电器仪表,主板,SZSE,机器人/具身智能,机器人本体/工业自动化,stock_basic_keyword,0.7,industry:电器仪表,20250101,
20250101,002342.SZ,巨力索具,机械基件,主板,SZSE,机器人/具身智能,机器人本体/工业自动化,stock_basic_keyword,0.7,industry:机械基件,20250101,
20250101,002347.SZ,泰尔股份,机械基件,主板,SZSE,机器人/具身智能,机器人本体/工业自动化,stock_basic_keyword,0.7,industry:机械基件,20250101,
20250101,002366.SZ,融发核电,专用机械,主板,SZSE,机器人/具身智能,机器人本体/工业自动化,stock_basic_keyword,0.7,industry:专用机械,20250101,
20250101,002414.SZ,高德红外,电器仪表,主板,SZSE,机器人/具身智能,机器人本体/工业自动化,stock_basic_keyword,0.7,industry:电器仪表,20250101,
20250101,002438.SZ,江苏神通,机械基件,主板,SZSE,机器人/具身智能,机器人本体/工业自动化,stock_basic_keyword,0.7,industry:机械基件,20250101,
20250101,002483.SZ,润邦股份,专用机械,主板,SZSE,机器人/具身智能,机器人本体/工业自动化,stock_basic_keyword,0.7,industry:专用机械,20250101,
20250101,002514.SZ,宝馨科技,机械基件,主板,SZSE,机器人/具身智能,机器人本体/工业自动化,stock_basic_keyword,0.7,industry:机械基件,20250101,
20250101,002520.SZ,日发精机,机床制造,主板,SZSE,机器人/具身智能,机器人本体/工业自动化,stock_basic_keyword,0.7,industry:机床制造,20250101,
20250101,002523.SZ,天桥起重,专用机械,主板,SZSE,机器人/具身智能,机器人本体/工业自动化,stock_basic_keyword,0.7,industry:专用机械,20250101,
20250101,002527.SZ,新时达,电器仪表,主板,SZSE,机器人/具身智能,机器人本体/工业自动化,stock_basic_keyword,0.7,industry:电器仪表,20250101,
20250101,002529.SZ,*ST海源,专用机械,主板,SZSE,机器人/具身智能,机器人本体/工业自动化,stock_basic_keyword,0.7,industry:专用机械,20250101,
20250101,002530.SZ,金财互联,专用机械,主板,SZSE,机器人/具身智能,机器人本体/工业自动化,stock_basic_keyword,0.7,industry:专用机械,20250101,
20250101,002534.SZ,西子洁能,专用机械,主板,SZSE,机器人/具身智能,机器人本体/工业自动化,stock_basic_keyword,0.7,industry:专用机械,20250101,
20250101,002559.SZ,亚威股份,机床制造,主板,SZSE,机器人/具身智能,机器人本体/工业自动化,stock_basic_keyword,0.7,industry:机床制造,20250101,
20250101,002595.SZ,豪迈科技,专用机械,主板,SZSE,机器人/具身智能,机器人本体/工业自动化,stock_basic_keyword,0.7,industry:专用机械,20250101,
20250101,002598.SZ,ST章鼓,机械基件,主板,SZSE,机器人/具身智能,机器人本体/工业自动化,stock_basic_keyword,0.7,industry:机械基件,20250101,
20250101,002613.SZ,北玻股份,专用机械,主板,SZSE,机器人/具身智能,机器人本体/工业自动化,stock_basic_keyword,0.7,industry:专用机械,20250101,
20250101,002630.SZ,ST华西,专用机械,主板,SZSE,机器人/具身智能,机器人本体/工业自动化,stock_basic_keyword,0.7,industry:专用机械,20250101,
20250101,002633.SZ,申科股份,机械基件,主板,SZSE,机器人/具身智能,机器人本体/工业自动化,stock_basic_keyword,0.7,industry:机械基件,20250101,
20250101,002639.SZ,雪人集团,专用机械,主板,SZSE,机器人/具身智能,机器人本体/工业自动化,stock_basic_keyword,0.7,industry:专用机械,20250101,
20250101,002645.SZ,华宏科技,专用机械,主板,SZSE,机器人/具身智能,机器人本体/工业自动化,stock_basic_keyword,0.7,industry:专用机械,20250101,
20250101,002685.SZ,华东重机,机床制造,主板,SZSE,机器人/具身智能,机器人本体/工业自动化,stock_basic_keyword,0.7,industry:机床制造,20250101,
20250101,002686.SZ,亿利达,专用机械,主板,SZSE,机器人/具身智能,机器人本体/工业自动化,stock_basic_keyword,0.7,industry:专用机械,20250101,
20250101,002690.SZ,美亚光电,专用机械,主板,SZSE,机器人/具身智能,机器人本体/工业自动化,stock_basic_keyword,0.7,industry:专用机械,20250101,
20250101,002691.SZ,冀凯股份,专用机械,主板,SZSE,机器人/具身智能,机器人本体/工业自动化,stock_basic_keyword,0.7,industry:专用机械,20250101,
20250101,002730.SZ,电光科技,专用机械,主板,SZSE,机器人/具身智能,机器人本体/工业自动化,stock_basic_keyword,0.7,industry:专用机械,20250101,
20250101,002747.SZ,埃斯顿,机械基件,主板,SZSE,机器人/具身智能,机器人本体/工业自动化,stock_basic_keyword,0.7,industry:机械基件;name:埃斯顿,20250101,
20250101,002757.SZ,南兴股份,专用机械,主板,SZSE,机器人/具身智能,机器人本体/工业自动化,stock_basic_keyword,0.7,industry:专用机械,20250101,
20250101,002760.SZ,凤形股份,机械基件,主板,SZSE,机器人/具身智能,机器人本体/工业自动化,stock_basic_keyword,0.7,industry:机械基件,20250101,
20250101,002767.SZ,先锋电子,电器仪表,主板,SZSE,机器人/具身智能,机器人本体/工业自动化,stock_basic_keyword,0.7,industry:电器仪表,20250101,
20250101,002786.SZ,银宝山新,专用机械,主板,SZSE,机器人/具身智能,机器人本体/工业自动化,stock_basic_keyword,0.7,industry:专用机械,20250101,
20250101,002795.SZ,永和智控,机械基件,主板,SZSE,机器人/具身智能,机器人本体/工业自动化,stock_basic_keyword,0.7,industry:机械基件,20250101,
20250101,002816.SZ,*ST和科,专用机械,主板,SZSE,机器人/具身智能,机器人本体/工业自动化,stock_basic_keyword,0.7,industry:专用机械,20250101,
20250101,002819.SZ,东方中科,电器仪表,主板,SZSE,机器人/具身智能,机器人本体/工业自动化,stock_basic_keyword,0.7,industry:电器仪表,20250101,
20250101,002823.SZ,凯中精密,机械基件,主板,SZSE,机器人/具身智能,机器人本体/工业自动化,stock_basic_keyword,0.7,industry:机械基件,20250101,
20250101,002833.SZ,弘亚数控,专用机械,主板,SZSE,机器人/具身智能,机器人本体/工业自动化,stock_basic_keyword,0.7,industry:专用机械,20250101,
20250101,002837.SZ,英维克,专用机械,主板,SZSE,机器人/具身智能,机器人本体/工业自动化,stock_basic_keyword,0.7,industry:专用机械,20250101,
20250101,002849.SZ,威星智能,电器仪表,主板,SZSE,机器人/具身智能,机器人本体/工业自动化,stock_basic_keyword,0.7,industry:电器仪表,20250101,
20250101,002857.SZ,三晖电气,电器仪表,主板,SZSE,机器人/具身智能,机器人本体/工业自动化,stock_basic_keyword,0.7,industry:电器仪表,20250101,
20250101,002871.SZ,伟隆股份,机械基件,主板,SZSE,机器人/具身智能,机器人本体/工业自动化,stock_basic_keyword,0.7,industry:机械基件,20250101,
20250101,002877.SZ,智能自控,机械基件,主板,SZSE,机器人/具身智能,机器人本体/工业自动化,stock_basic_keyword,0.7,industry:机械基件,20250101,
20250101,002884.SZ,凌霄泵业,机械基件,主板,SZSE,机器人/具身智能,机器人本体/工业自动化,stock_basic_keyword,0.7,industry:机械基件,20250101,
20250101,002896.SZ,中大力德,机械基件,主板,SZSE,机器人/具身智能,机器人本体/工业自动化,stock_basic_keyword,0.7,industry:机械基件,20250101,
20250101,002903.SZ,宇环数控,机床制造,主板,SZSE,机器人/具身智能,机器人本体/工业自动化,stock_basic_keyword,0.7,industry:机床制造,20250101,
20250101,002931.SZ,锋龙股份,机械基件,主板,SZSE,机器人/具身智能,机器人本体/工业自动化,stock_basic_keyword,0.7,industry:机械基件,20250101,
20250101,002943.SZ,宇晶股份,机床制造,主板,SZSE,机器人/具身智能,机器人本体/工业自动化,stock_basic_keyword,0.7,industry:机床制造,20250101,
20250101,002957.SZ,科瑞技术,专用机械,主板,SZSE,机器人/具身智能,机器人本体/工业自动化,stock_basic_keyword,0.7,industry:专用机械,20250101,
20250101,002960.SZ,青鸟消防,专用机械,主板,SZSE,机器人/具身智能,机器人本体/工业自动化,stock_basic_keyword,0.7,industry:专用机械,20250101,
20250101,002967.SZ,广电计量,电器仪表,主板,SZSE,机器人/具身智能,机器人本体/工业自动化,stock_basic_keyword,0.7,industry:电器仪表,20250101,
20250101,002975.SZ,博杰股份,专用机械,主板,SZSE,机器人/具身智能,机器人本体/工业自动化,stock_basic_keyword,0.7,industry:专用机械,20250101,
20250101,002979.SZ,雷赛智能,专用机械,主板,SZSE,机器人/具身智能,机器人本体/工业自动化,stock_basic_keyword,0.7,industry:专用机械,20250101,
20250101,002980.SZ,华盛昌,电器仪表,主板,SZSE,机器人/具身智能,机器人本体/工业自动化,stock_basic_keyword,0.7,industry:电器仪表,20250101,
20250101,003025.SZ,思进智能,机床制造,主板,SZSE,机器人/具身智能,机器人本体/工业自动化,stock_basic_keyword,0.7,industry:机床制造,20250101,
20250101,300007.SZ,汉威科技,电器仪表,创业板,SZSE,机器人/具身智能,机器人本体/工业自动化,stock_basic_keyword,0.7,industry:电器仪表,20250101,
20250101,300012.SZ,华测检测,电器仪表,创业板,SZSE,机器人/具身智能,机器人本体/工业自动化,stock_basic_keyword,0.7,industry:电器仪表,20250101,
20250101,300024.SZ,机器人,专用机械,创业板,SZSE,机器人/具身智能,机器人本体/工业自动化,stock_basic_keyword,0.7,industry:专用机械;name:机器人,20250101,
20250101,300066.SZ,三川智慧,电器仪表,创业板,SZSE,机器人/具身智能,机器人本体/工业自动化,stock_basic_keyword,0.7,industry:电器仪表,20250101,
20250101,300083.SZ,创世纪,机床制造,创业板,SZSE,机器人/具身智能,机器人本体/工业自动化,stock_basic_keyword,0.7,industry:机床制造,20250101,
20250101,300084.SZ,海默科技,专用机械,创业板,SZSE,机器人/具身智能,机器人本体/工业自动化,stock_basic_keyword,0.7,industry:专用机械,20250101,
20250101,300091.SZ,*ST金灵,机械基件,创业板,SZSE,机器人/具身智能,机器人本体/工业自动化,stock_basic_keyword,0.7,industry:机械基件,20250101,
20250101,300092.SZ,科新机电,专用机械,创业板,SZSE,机器人/具身智能,机器人本体/工业自动化,stock_basic_keyword,0.7,industry:专用机械,20250101,
20250101,300095.SZ,华伍股份,专用机械,创业板,SZSE,机器人/具身智能,机器人本体/工业自动化,stock_basic_keyword,0.7,industry:专用机械,20250101,
20250101,300097.SZ,智云股份,专用机械,创业板,SZSE,机器人/具身智能,机器人本体/工业自动化,stock_basic_keyword,0.7,industry:专用机械,20250101,
20250101,300099.SZ,尤洛卡,电器仪表,创业板,SZSE,机器人/具身智能,机器人本体/工业自动化,stock_basic_keyword,0.7,industry:电器仪表,20250101,
20250101,300103.SZ,达刚控股,专用机械,创业板,SZSE,机器人/具身智能,机器人本体/工业自动化,stock_basic_keyword,0.7,industry:专用机械,20250101,
20250101,300112.SZ,万讯自控,电器仪表,创业板,SZSE,机器人/具身智能,机器人本体/工业自动化,stock_basic_keyword,0.7,industry:电器仪表,20250101,
20250101,300124.SZ,汇川技术,电器仪表,创业板,SZSE,机器人/具身智能,机器人本体/工业自动化,stock_basic_keyword,0.7,industry:电器仪表;name:汇川,20250101,
20250101,300145.SZ,南方泵业,机械基件,创业板,SZSE,机器人/具身智能,机器人本体/工业自动化,stock_basic_keyword,0.7,industry:机械基件,20250101,
20250101,300151.SZ,昌红科技,专用机械,创业板,SZSE,机器人/具身智能,机器人本体/工业自动化,stock_basic_keyword,0.7,industry:专用机械,20250101,
20250101,300154.SZ,瑞凌股份,机械基件,创业板,SZSE,机器人/具身智能,机器人本体/工业自动化,stock_basic_keyword,0.7,industry:机械基件,20250101,
20250101,300157.SZ,新锦动力,专用机械,创业板,SZSE,机器人/具身智能,机器人本体/工业自动化,stock_basic_keyword,0.7,industry:专用机械,20250101,
20250101,300161.SZ,华中数控,机床制造,创业板,SZSE,机器人/具身智能,机器人本体/工业自动化,stock_basic_keyword,0.7,industry:机床制造,20250101,
20250101,300165.SZ,天瑞仪器,电器仪表,创业板,SZSE,机器人/具身智能,机器人本体/工业自动化,stock_basic_keyword,0.7,industry:电器仪表,20250101,
20250101,300193.SZ,佳士科技,专用机械,创业板,SZSE,机器人/具身智能,机器人本体/工业自动化,stock_basic_keyword,0.7,industry:专用机械,20250101,
20250101,300203.SZ,聚光科技,电器仪表,创业板,SZSE,机器人/具身智能,机器人本体/工业自动化,stock_basic_keyword,0.7,industry:电器仪表,20250101,
20250101,300210.SZ,森远股份,专用机械,创业板,SZSE,机器人/具身智能,机器人本体/工业自动化,stock_basic_keyword,0.7,industry:专用机械,20250101,
20250101,300220.SZ,金运激光,专用机械,创业板,SZSE,机器人/具身智能,机器人本体/工业自动化,stock_basic_keyword,0.7,industry:专用机械,20250101,
20250101,300227.SZ,光韵达,专用机械,创业板,SZSE,机器人/具身智能,机器人本体/工业自动化,stock_basic_keyword,0.7,industry:专用机械,20250101,
20250101,300257.SZ,开山股份,机械基件,创业板,SZSE,机器人/具身智能,机器人本体/工业自动化,stock_basic_keyword,0.7,industry:机械基件,20250101,
20250101,300259.SZ,新天科技,电器仪表,创业板,SZSE,机器人/具身智能,机器人本体/工业自动化,stock_basic_keyword,0.7,industry:电器仪表,20250101,
20250101,300260.SZ,新莱应材,机械基件,创业板,SZSE,机器人/具身智能,机器人本体/工业自动化,stock_basic_keyword,0.7,industry:机械基件,20250101,
20250101,300263.SZ,隆华科技,专用机械,创业板,SZSE,机器人/具身智能,机器人本体/工业自动化,stock_basic_keyword,0.7,industry:专用机械,20250101,
20250101,300276.SZ,三丰智能,专用机械,创业板,SZSE,机器人/具身智能,机器人本体/工业自动化,stock_basic_keyword,0.7,industry:专用机械,20250101,
20250101,300277.SZ,汽轮科技,机械基件,创业板,SZSE,机器人/具身智能,机器人本体/工业自动化,stock_basic_keyword,0.7,industry:机械基件,20250101,
20250101,300278.SZ,华昌达,专用机械,创业板,SZSE,机器人/具身智能,机器人本体/工业自动化,stock_basic_keyword,0.7,industry:专用机械,20250101,
20250101,300281.SZ,金明精机,专用机械,创业板,SZSE,机器人/具身智能,机器人本体/工业自动化,stock_basic_keyword,0.7,industry:专用机械,20250101,
20250101,300286.SZ,安科瑞,电器仪表,创业板,SZSE,机器人/具身智能,机器人本体/工业自动化,stock_basic_keyword,0.7,industry:电器仪表,20250101,
20250101,300293.SZ,蓝英装备,专用机械,创业板,SZSE,机器人/具身智能,机器人本体/工业自动化,stock_basic_keyword,0.7,industry:专用机械,20250101,
20250101,300306.SZ,远方信息,电器仪表,创业板,SZSE,机器人/具身智能,机器人本体/工业自动化,stock_basic_keyword,0.7,industry:电器仪表,20250101,
20250101,300316.SZ,晶盛机电,专用机械,创业板,SZSE,机器人/具身智能,机器人本体/工业自动化,stock_basic_keyword,0.7,industry:专用机械,20250101,
20250101,300334.SZ,津膜科技,专用机械,创业板,SZSE,机器人/具身智能,机器人本体/工业自动化,stock_basic_keyword,0.7,industry:专用机械,20250101,
20250101,300349.SZ,金卡智能,电器仪表,创业板,SZSE,机器人/具身智能,机器人本体/工业自动化,stock_basic_keyword,0.7,industry:电器仪表,20250101,
20250101,300354.SZ,东华测试,电器仪表,创业板,SZSE,机器人/具身智能,机器人本体/工业自动化,stock_basic_keyword,0.7,industry:电器仪表,20250101,
20250101,300360.SZ,炬华科技,电器仪表,创业板,SZSE,机器人/具身智能,机器人本体/工业自动化,stock_basic_keyword,0.7,industry:电器仪表,20250101,
20250101,300370.SZ,安控科技,电器仪表,创业板,SZSE,机器人/具身智能,机器人本体/工业自动化,stock_basic_keyword,0.7,industry:电器仪表,20250101,
20250101,300371.SZ,汇中股份,电器仪表,创业板,SZSE,机器人/具身智能,机器人本体/工业自动化,stock_basic_keyword,0.7,industry:电器仪表,20250101,
20250101,300382.SZ,斯莱克,专用机械,创业板,SZSE,机器人/具身智能,机器人本体/工业自动化,stock_basic_keyword,0.7,industry:专用机械,20250101,
20250101,300400.SZ,劲拓股份,专用机械,创业板,SZSE,机器人/具身智能,机器人本体/工业自动化,stock_basic_keyword,0.7,industry:专用机械,20250101,
20250101,300402.SZ,宝色股份,专用机械,创业板,SZSE,机器人/具身智能,机器人本体/工业自动化,stock_basic_keyword,0.7,industry:专用机械,20250101,
20250101,300410.SZ,正业科技,专用机械,创业板,SZSE,机器人/具身智能,机器人本体/工业自动化,stock_basic_keyword,0.7,industry:专用机械,20250101,
20250101,300411.SZ,金盾股份,专用机械,创业板,SZSE,机器人/具身智能,机器人本体/工业自动化,stock_basic_keyword,0.7,industry:专用机械,20250101,
20250101,300415.SZ,伊之密,专用机械,创业板,SZSE,机器人/具身智能,机器人本体/工业自动化,stock_basic_keyword,0.7,industry:专用机械,20250101,
20250101,300416.SZ,苏试试验,电器仪表,创业板,SZSE,机器人/具身智能,机器人本体/工业自动化,stock_basic_keyword,0.7,industry:电器仪表,20250101,
20250101,300417.SZ,南华仪器,电器仪表,创业板,SZSE,机器人/具身智能,机器人本体/工业自动化,stock_basic_keyword,0.7,industry:电器仪表,20250101,
20250101,300420.SZ,五洋自控,机械基件,创业板,SZSE,机器人/具身智能,机器人本体/工业自动化,stock_basic_keyword,0.7,industry:机械基件,20250101,
20250101,300421.SZ,力星股份,机械基件,创业板,SZSE,机器人/具身智能,机器人本体/工业自动化,stock_basic_keyword,0.7,industry:机械基件,20250101,
20250101,300430.SZ,诚益通,电器仪表,创业板,SZSE,机器人/具身智能,机器人本体/工业自动化,stock_basic_keyword,0.7,industry:电器仪表,20250101,
20250101,300441.SZ,鲍斯股份,机床制造,创业板,SZSE,机器人/具身智能,机器人本体/工业自动化,stock_basic_keyword,0.7,industry:机床制造,20250101,
20250101,300445.SZ,康斯特,电器仪表,创业板,SZSE,机器人/具身智能,机器人本体/工业自动化,stock_basic_keyword,0.7,industry:电器仪表,20250101,
20250101,300450.SZ,先导智能,专用机械,创业板,SZSE,机器人/具身智能,机器人本体/工业自动化,stock_basic_keyword,0.7,industry:专用机械,20250101,
20250101,300457.SZ,赢合科技,专用机械,创业板,SZSE,机器人/具身智能,机器人本体/工业自动化,stock_basic_keyword,0.7,industry:专用机械,20250101,
20250101,300461.SZ,田中精机,专用机械,创业板,SZSE,机器人/具身智能,机器人本体/工业自动化,stock_basic_keyword,0.7,industry:专用机械,20250101,
20250101,300464.SZ,星徽股份,机械基件,创业板,SZSE,机器人/具身智能,机器人本体/工业自动化,stock_basic_keyword,0.7,industry:机械基件,20250101,
20250101,300466.SZ,赛摩智能,电器仪表,创业板,SZSE,机器人/具身智能,机器人本体/工业自动化,stock_basic_keyword,0.7,industry:电器仪表,20250101,
20250101,300470.SZ,中密控股,机械基件,创业板,SZSE,机器人/具身智能,机器人本体/工业自动化,stock_basic_keyword,0.7,industry:机械基件,20250101,
20250101,300471.SZ,厚普股份,专用机械,创业板,SZSE,机器人/具身智能,机器人本体/工业自动化,stock_basic_keyword,0.7,industry:专用机械,20250101,
20250101,300472.SZ,*ST新元,专用机械,创业板,SZSE,机器人/具身智能,机器人本体/工业自动化,stock_basic_keyword,0.7,industry:专用机械,20250101,
20250101,300480.SZ,光力科技,专用机械,创业板,SZSE,机器人/具身智能,机器人本体/工业自动化,stock_basic_keyword,0.7,industry:专用机械,20250101,
20250101,300486.SZ,东杰智能,专用机械,创业板,SZSE,机器人/具身智能,机器人本体/工业自动化,stock_basic_keyword,0.7,industry:专用机械,20250101,
20250101,300488.SZ,恒锋工具,机械基件,创业板,SZSE,机器人/具身智能,机器人本体/工业自动化,stock_basic_keyword,0.7,industry:机械基件,20250101,
20250101,300489.SZ,光智科技,专用机械,创业板,SZSE,机器人/具身智能,机器人本体/工业自动化,stock_basic_keyword,0.7,industry:专用机械,20250101,
20250101,300490.SZ,华自科技,专用机械,创业板,SZSE,机器人/具身智能,机器人本体/工业自动化,stock_basic_keyword,0.7,industry:专用机械,20250101,
20250101,300499.SZ,高澜股份,专用机械,创业板,SZSE,机器人/具身智能,机器人本体/工业自动化,stock_basic_keyword,0.7,industry:专用机械,20250101,
20250101,300503.SZ,昊志机电,机械基件,创业板,SZSE,机器人/具身智能,机器人本体/工业自动化,stock_basic_keyword,0.7,industry:机械基件,20250101,
20250101,300509.SZ,新美星,专用机械,创业板,SZSE,机器人/具身智能,机器人本体/工业自动化,stock_basic_keyword,0.7,industry:专用机械,20250101,
20250101,300512.SZ,中亚股份,专用机械,创业板,SZSE,机器人/具身智能,机器人本体/工业自动化,stock_basic_keyword,0.7,industry:专用机械,20250101,
20250101,300514.SZ,友讯达,电器仪表,创业板,SZSE,机器人/具身智能,机器人本体/工业自动化,stock_basic_keyword,0.7,industry:电器仪表,20250101,
20250101,300515.SZ,三德科技,电器仪表,创业板,SZSE,机器人/具身智能,机器人本体/工业自动化,stock_basic_keyword,0.7,industry:电器仪表,20250101,
20250101,300516.SZ,久之洋,电器仪表,创业板,SZSE,机器人/具身智能,机器人本体/工业自动化,stock_basic_keyword,0.7,industry:电器仪表,20250101,
20250101,300521.SZ,爱司凯,专用机械,创业板,SZSE,机器人/具身智能,机器人本体/工业自动化,stock_basic_keyword,0.7,industry:专用机械,20250101,
20250101,300527.SZ,ST应急,专用机械,创业板,SZSE,机器人/具身智能,机器人本体/工业自动化,stock_basic_keyword,0.7,industry:专用机械,20250101,
20250101,300540.SZ,蜀道装备,专用机械,创业板,SZSE,机器人/具身智能,机器人本体/工业自动化,stock_basic_keyword,0.7,industry:专用机械,20250101,
20250101,300545.SZ,联得装备,专用机械,创业板,SZSE,机器人/具身智能,机器人本体/工业自动化,stock_basic_keyword,0.7,industry:专用机械,20250101,
20250101,300549.SZ,优德精密,专用机械,创业板,SZSE,机器人/具身智能,机器人本体/工业自动化,stock_basic_keyword,0.7,industry:专用机械,20250101,
20250101,300553.SZ,集智股份,电器仪表,创业板,SZSE,机器人/具身智能,机器人本体/工业自动化,stock_basic_keyword,0.7,industry:电器仪表,20250101,
20250101,300557.SZ,理工光科,电器仪表,创业板,SZSE,机器人/具身智能,机器人本体/工业自动化,stock_basic_keyword,0.7,industry:电器仪表,20250101,
20250101,300567.SZ,精测电子,电器仪表,创业板,SZSE,机器人/具身智能,机器人本体/工业自动化,stock_basic_keyword,0.7,industry:电器仪表,20250101,
20250101,300572.SZ,安车检测,电器仪表,创业板,SZSE,机器人/具身智能,机器人本体/工业自动化,stock_basic_keyword,0.7,industry:电器仪表,20250101,
20250101,300606.SZ,金太阳,机械基件,创业板,SZSE,机器人/具身智能,机器人本体/工业自动化,stock_basic_keyword,0.7,industry:机械基件,20250101,
20250101,300607.SZ,拓斯达,专用机械,创业板,SZSE,机器人/具身智能,机器人本体/工业自动化,stock_basic_keyword,0.7,industry:专用机械;name:拓斯达,20250101,
20250101,300619.SZ,金银河,专用机械,创业板,SZSE,机器人/具身智能,机器人本体/工业自动化,stock_basic_keyword,0.7,industry:专用机械,20250101,
20250101,300667.SZ,必创科技,电器仪表,创业板,SZSE,机器人/具身智能,机器人本体/工业自动化,stock_basic_keyword,0.7,industry:电器仪表,20250101,
20250101,300718.SZ,长盛轴承,机械基件,创业板,SZSE,机器人/具身智能,机器人本体/工业自动化,stock_basic_keyword,0.7,industry:机械基件,20250101,
20250101,300720.SZ,海川智能,电器仪表,创业板,SZSE,机器人/具身智能,机器人本体/工业自动化,stock_basic_keyword,0.7,industry:电器仪表,20250101,
20250101,300724.SZ,捷佳伟创,专用机械,创业板,SZSE,机器人/具身智能,机器人本体/工业自动化,stock_basic_keyword,0.7,industry:专用机械,20250101,
20250101,300747.SZ,锐科激光,专用机械,创业板,SZSE,机器人/具身智能,机器人本体/工业自动化,stock_basic_keyword,0.7,industry:专用机械,20250101,
20250101,300751.SZ,迈为股份,专用机械,创业板,SZSE,机器人/具身智能,机器人本体/工业自动化,stock_basic_keyword,0.7,industry:专用机械,20250101,
20250101,300756.SZ,金马游乐,专用机械,创业板,SZSE,机器人/具身智能,机器人本体/工业自动化,stock_basic_keyword,0.7,industry:专用机械,20250101,
20250101,300757.SZ,罗博特科,专用机械,创业板,SZSE,机器人/具身智能,机器人本体/工业自动化,stock_basic_keyword,0.7,industry:专用机械,20250101,
20250101,300776.SZ,帝尔激光,专用机械,创业板,SZSE,机器人/具身智能,机器人本体/工业自动化,stock_basic_keyword,0.7,industry:专用机械,20250101,
20250101,300780.SZ,德恩精工,机械基件,创业板,SZSE,机器人/具身智能,机器人本体/工业自动化,stock_basic_keyword,0.7,industry:机械基件,20250101,
20250101,300797.SZ,钢研纳克,电器仪表,创业板,SZSE,机器人/具身智能,机器人本体/工业自动化,stock_basic_keyword,0.7,industry:电器仪表,20250101,
20250101,300802.SZ,矩子科技,专用机械,创业板,SZSE,机器人/具身智能,机器人本体/工业自动化,stock_basic_keyword,0.7,industry:专用机械,20250101,
20250101,300809.SZ,华辰装备,机床制造,创业板,SZSE,机器人/具身智能,机器人本体/工业自动化,stock_basic_keyword,0.7,industry:机床制造,20250101,
20250101,300812.SZ,易天股份,专用机械,创业板,SZSE,机器人/具身智能,机器人本体/工业自动化,stock_basic_keyword,0.7,industry:专用机械,20250101,
20250101,300817.SZ,双飞集团,机械基件,创业板,SZSE,机器人/具身智能,机器人本体/工业自动化,stock_basic_keyword,0.7,industry:机械基件,20250101,
20250101,300818.SZ,耐普矿机,专用机械,创业板,SZSE,机器人/具身智能,机器人本体/工业自动化,stock_basic_keyword,0.7,industry:专用机械,20250101,
20250101,300823.SZ,建科智能,专用机械,创业板,SZSE,机器人/具身智能,机器人本体/工业自动化,stock_basic_keyword,0.7,industry:专用机械,20250101,
20250101,300828.SZ,锐新科技,机械基件,创业板,SZSE,机器人/具身智能,机器人本体/工业自动化,stock_basic_keyword,0.7,industry:机械基件,20250101,
20250101,300833.SZ,浩洋股份,专用机械,创业板,SZSE,机器人/具身智能,机器人本体/工业自动化,stock_basic_keyword,0.7,industry:专用机械,20250101,
20250101,300836.SZ,佰奥智能,专用机械,创业板,SZSE,机器人/具身智能,机器人本体/工业自动化,stock_basic_keyword,0.7,industry:专用机械,20250101,
20250101,300837.SZ,浙矿股份,专用机械,创业板,SZSE,机器人/具身智能,机器人本体/工业自动化,stock_basic_keyword,0.7,industry:专用机械,20250101,
20250101,300838.SZ,浙江力诺,机械基件,创业板,SZSE,机器人/具身智能,机器人本体/工业自动化,stock_basic_keyword,0.7,industry:机械基件,20250101,
20250101,300850.SZ,新强联,机械基件,创业板,SZSE,机器人/具身智能,机器人本体/工业自动化,stock_basic_keyword,0.7,industry:机械基件,20250101,
20250101,300853.SZ,申昊科技,专用机械,创业板,SZSE,机器人/具身智能,机器人本体/工业自动化,stock_basic_keyword,0.7,industry:专用机械,20250101,
20250101,300862.SZ,蓝盾光电,电器仪表,创业板,SZSE,机器人/具身智能,机器人本体/工业自动化,stock_basic_keyword,0.7,industry:电器仪表,20250101,
20250101,300865.SZ,大宏立,专用机械,创业板,SZSE,机器人/具身智能,机器人本体/工业自动化,stock_basic_keyword,0.7,industry:专用机械,20250101,
20250101,300875.SZ,捷强装备,专用机械,创业板,SZSE,机器人/具身智能,机器人本体/工业自动化,stock_basic_keyword,0.7,industry:专用机械,20250101,
20250101,300880.SZ,迦南智能,电器仪表,创业板,SZSE,机器人/具身智能,机器人本体/工业自动化,stock_basic_keyword,0.7,industry:电器仪表,20250101,
20250101,300882.SZ,万胜智能,电器仪表,创业板,SZSE,机器人/具身智能,机器人本体/工业自动化,stock_basic_keyword,0.7,industry:电器仪表,20250101,
20250101,300885.SZ,海昌新材,机械基件,创业板,SZSE,机器人/具身智能,机器人本体/工业自动化,stock_basic_keyword,0.7,industry:机械基件,20250101,
20250101,300887.SZ,谱尼测试,电器仪表,创业板,SZSE,机器人/具身智能,机器人本体/工业自动化,stock_basic_keyword,0.7,industry:电器仪表,20250101,
20250101,300897.SZ,山科智能,电器仪表,创业板,SZSE,机器人/具身智能,机器人本体/工业自动化,stock_basic_keyword,0.7,industry:电器仪表,20250101,
20250101,300902.SZ,国安达,专用机械,创业板,SZSE,机器人/具身智能,机器人本体/工业自动化,stock_basic_keyword,0.7,industry:专用机械,20250101,
20250101,300922.SZ,天秦装备,专用机械,创业板,SZSE,机器人/具身智能,机器人本体/工业自动化,stock_basic_keyword,0.7,industry:专用机械,20250101,
20250101,300938.SZ,信测标准,电器仪表,创业板,SZSE,机器人/具身智能,机器人本体/工业自动化,stock_basic_keyword,0.7,industry:电器仪表,20250101,
20250101,300943.SZ,春晖智控,机械基件,创业板,SZSE,机器人/具身智能,机器人本体/工业自动化,stock_basic_keyword,0.7,industry:机械基件,20250101,
20250101,300946.SZ,恒而达,机械基件,创业板,SZSE,机器人/具身智能,机器人本体/工业自动化,stock_basic_keyword,0.7,industry:机械基件,20250101,
20250101,300950.SZ,德固特,专用机械,创业板,SZSE,机器人/具身智能,机器人本体/工业自动化,stock_basic_keyword,0.7,industry:专用机械,20250101,
20250101,300971.SZ,博亚精工,机械基件,创业板,SZSE,机器人/具身智能,机器人本体/工业自动化,stock_basic_keyword,0.7,industry:机械基件,20250101,
20250101,300984.SZ,金沃股份,机械基件,创业板,SZSE,机器人/具身智能,机器人本体/工业自动化,stock_basic_keyword,0.7,industry:机械基件,20250101,
20250101,300988.SZ,津荣天宇,机械基件,创业板,SZSE,机器人/具身智能,机器人本体/工业自动化,stock_basic_keyword,0.7,industry:机械基件,20250101,
20250101,300990.SZ,同飞股份,专用机械,创业板,SZSE,机器人/具身智能,机器人本体/工业自动化,stock_basic_keyword,0.7,industry:专用机械,20250101,
20250101,300992.SZ,泰福泵业,机械基件,创业板,SZSE,机器人/具身智能,机器人本体/工业自动化,stock_basic_keyword,0.7,industry:机械基件,20250101,
20250101,300998.SZ,宁波方正,专用机械,创业板,SZSE,机器人/具身智能,机器人本体/工业自动化,stock_basic_keyword,0.7,industry:专用机械,20250101,
20250101,301006.SZ,迈拓股份,电器仪表,创业板,SZSE,机器人/具身智能,机器人本体/工业自动化,stock_basic_keyword,0.7,industry:电器仪表,20250101,
20250101,301013.SZ,利和兴,专用机械,创业板,SZSE,机器人/具身智能,机器人本体/工业自动化,stock_basic_keyword,0.7,industry:专用机械,20250101,
20250101,301018.SZ,申菱环境,专用机械,创业板,SZSE,机器人/具身智能,机器人本体/工业自动化,stock_basic_keyword,0.7,industry:专用机械,20250101,
20250101,301021.SZ,英诺激光,专用机械,创业板,SZSE,机器人/具身智能,机器人本体/工业自动化,stock_basic_keyword,0.7,industry:专用机械,20250101,
20250101,301022.SZ,海泰科,专用机械,创业板,SZSE,机器人/具身智能,机器人本体/工业自动化,stock_basic_keyword,0.7,industry:专用机械,20250101,
20250101,301028.SZ,鼎熔岩,专用机械,创业板,SZSE,机器人/具身智能,机器人本体/工业自动化,stock_basic_keyword,0.7,industry:专用机械,20250101,
20250101,301029.SZ,怡合达,专用机械,创业板,SZSE,机器人/具身智能,机器人本体/工业自动化,stock_basic_keyword,0.7,industry:专用机械,20250101,
20250101,301040.SZ,中环海陆,机械基件,创业板,SZSE,机器人/具身智能,机器人本体/工业自动化,stock_basic_keyword,0.7,industry:机械基件,20250101,
20250101,301043.SZ,绿岛风,机械基件,创业板,SZSE,机器人/具身智能,机器人本体/工业自动化,stock_basic_keyword,0.7,industry:机械基件,20250101,
20250101,301053.SZ,远信工业,专用机械,创业板,SZSE,机器人/具身智能,机器人本体/工业自动化,stock_basic_keyword,0.7,industry:专用机械,20250101,
20250101,301070.SZ,开勒股份,机械基件,创业板,SZSE,机器人/具身智能,机器人本体/工业自动化,stock_basic_keyword,0.7,industry:机械基件,20250101,
20250101,301079.SZ,邵阳液压,机械基件,创业板,SZSE,机器人/具身智能,机器人本体/工业自动化,stock_basic_keyword,0.7,industry:机械基件,20250101,
20250101,301083.SZ,百胜智能,专用机械,创业板,SZSE,机器人/具身智能,机器人本体/工业自动化,stock_basic_keyword,0.7,industry:专用机械,20250101,
20250101,301105.SZ,鸿铭股份,专用机械,创业板,SZSE,机器人/具身智能,机器人本体/工业自动化,stock_basic_keyword,0.7,industry:专用机械,20250101,
20250101,301107.SZ,瑜欣电子,机械基件,创业板,SZSE,机器人/具身智能,机器人本体/工业自动化,stock_basic_keyword,0.7,industry:机械基件,20250101,
20250101,301112.SZ,信邦智能,专用机械,创业板,SZSE,机器人/具身智能,机器人本体/工业自动化,stock_basic_keyword,0.7,industry:专用机械,20250101,
20250101,301125.SZ,腾亚精工,机械基件,创业板,SZSE,机器人/具身智能,机器人本体/工业自动化,stock_basic_keyword,0.7,industry:机械基件,20250101,
20250101,301128.SZ,强瑞技术,专用机械,创业板,SZSE,机器人/具身智能,机器人本体/工业自动化,stock_basic_keyword,0.7,industry:专用机械,20250101,
20250101,301129.SZ,瑞纳智能,电器仪表,创业板,SZSE,机器人/具身智能,机器人本体/工业自动化,stock_basic_keyword,0.7,industry:电器仪表,20250101,
20250101,301137.SZ,哈焊华通,机械基件,创业板,SZSE,机器人/具身智能,机器人本体/工业自动化,stock_basic_keyword,0.7,industry:机械基件,20250101,
20250101,301138.SZ,华研精机,专用机械,创业板,SZSE,机器人/具身智能,机器人本体/工业自动化,stock_basic_keyword,0.7,industry:专用机械,20250101,
20250101,301151.SZ,冠龙节能,机械基件,创业板,SZSE,机器人/具身智能,机器人本体/工业自动化,stock_basic_keyword,0.7,industry:机械基件,20250101,
20250101,301158.SZ,德石股份,专用机械,创业板,SZSE,机器人/具身智能,机器人本体/工业自动化,stock_basic_keyword,0.7,industry:专用机械,20250101,
20250101,301160.SZ,翔楼新材,机械基件,创业板,SZSE,机器人/具身智能,机器人本体/工业自动化,stock_basic_keyword,0.7,industry:机械基件,20250101,
20250101,301186.SZ,超达装备,专用机械,创业板,SZSE,机器人/具身智能,机器人本体/工业自动化,stock_basic_keyword,0.7,industry:专用机械,20250101,
20250101,301196.SZ,唯科科技,专用机械,创业板,SZSE,机器人/具身智能,机器人本体/工业自动化,stock_basic_keyword,0.7,industry:专用机械,20250101,
20250101,301199.SZ,迈赫股份,专用机械,创业板,SZSE,机器人/具身智能,机器人本体/工业自动化,stock_basic_keyword,0.7,industry:专用机械,20250101,
20250101,301200.SZ,大族数控,专用机械,创业板,SZSE,机器人/具身智能,机器人本体/工业自动化,stock_basic_keyword,0.7,industry:专用机械,20250101,
20250101,301202.SZ,朗威股份,机械基件,创业板,SZSE,机器人/具身智能,机器人本体/工业自动化,stock_basic_keyword,0.7,industry:机械基件,20250101,
20250101,301228.SZ,实朴检测,电器仪表,创业板,SZSE,机器人/具身智能,机器人本体/工业自动化,stock_basic_keyword,0.7,industry:电器仪表,20250101,
20250101,301232.SZ,飞沃科技,机械基件,创业板,SZSE,机器人/具身智能,机器人本体/工业自动化,stock_basic_keyword,0.7,industry:机械基件,20250101,
20250101,301252.SZ,同星科技,机械基件,创业板,SZSE,机器人/具身智能,机器人本体/工业自动化,stock_basic_keyword,0.7,industry:机械基件,20250101,
20250101,301255.SZ,通力科技,机械基件,创业板,SZSE,机器人/具身智能,机器人本体/工业自动化,stock_basic_keyword,0.7,industry:机械基件,20250101,
20250101,301260.SZ,格力博,专用机械,创业板,SZSE,机器人/具身智能,机器人本体/工业自动化,stock_basic_keyword,0.7,industry:专用机械,20250101,
20250101,301261.SZ,恒工精密,机械基件,创业板,SZSE,机器人/具身智能,机器人本体/工业自动化,stock_basic_keyword,0.7,industry:机械基件,20250101,
20250101,301268.SZ,铭利达,机械基件,创业板,SZSE,机器人/具身智能,机器人本体/工业自动化,stock_basic_keyword,0.7,industry:机械基件,20250101,
20250101,301272.SZ,英华特,专用机械,创业板,SZSE,机器人/具身智能,机器人本体/工业自动化,stock_basic_keyword,0.7,industry:专用机械,20250101,
20250101,301273.SZ,瑞晨环保,机械基件,创业板,SZSE,机器人/具身智能,机器人本体/工业自动化,stock_basic_keyword,0.7,industry:机械基件,20250101,
20250101,301289.SZ,国缆检测,电器仪表,创业板,SZSE,机器人/具身智能,机器人本体/工业自动化,stock_basic_keyword,0.7,industry:电器仪表,20250101,
20250101,301303.SZ,真兰仪表,电器仪表,创业板,SZSE,机器人/具身智能,机器人本体/工业自动化,stock_basic_keyword,0.7,industry:电器仪表,20250101,
20250101,301309.SZ,万得凯,机械基件,创业板,SZSE,机器人/具身智能,机器人本体/工业自动化,stock_basic_keyword,0.7,industry:机械基件,20250101,
20250101,301311.SZ,昆船智能,机械基件,创业板,SZSE,机器人/具身智能,机器人本体/工业自动化,stock_basic_keyword,0.7,industry:机械基件,20250101,
20250101,301312.SZ,智立方,专用机械,创业板,SZSE,机器人/具身智能,机器人本体/工业自动化,stock_basic_keyword,0.7,industry:专用机械,20250101,
20250101,301317.SZ,鑫磊股份,机械基件,创业板,SZSE,机器人/具身智能,机器人本体/工业自动化,stock_basic_keyword,0.7,industry:机械基件,20250101,
20250101,301325.SZ,曼恩斯特,专用机械,创业板,SZSE,机器人/具身智能,机器人本体/工业自动化,stock_basic_keyword,0.7,industry:专用机械,20250101,
20250101,301338.SZ,凯格精机,专用机械,创业板,SZSE,机器人/具身智能,机器人本体/工业自动化,stock_basic_keyword,0.7,industry:专用机械,20250101,
20250101,301353.SZ,普莱得,专用机械,创业板,SZSE,机器人/具身智能,机器人本体/工业自动化,stock_basic_keyword,0.7,industry:专用机械,20250101,
20250101,301357.SZ,北方长龙,专用机械,创业板,SZSE,机器人/具身智能,机器人本体/工业自动化,stock_basic_keyword,0.7,industry:专用机械,20250101,
20250101,301360.SZ,荣旗科技,专用机械,创业板,SZSE,机器人/具身智能,机器人本体/工业自动化,stock_basic_keyword,0.7,industry:专用机械,20250101,
20250101,301368.SZ,丰立智能,机械基件,创业板,SZSE,机器人/具身智能,机器人本体/工业自动化,stock_basic_keyword,0.7,industry:机械基件,20250101,
20250101,301377.SZ,鼎泰高科,机械基件,创业板,SZSE,机器人/具身智能,机器人本体/工业自动化,stock_basic_keyword,0.7,industry:机械基件,20250101,
20250101,301392.SZ,汇成真空,专用机械,创业板,SZSE,机器人/具身智能,机器人本体/工业自动化,stock_basic_keyword,0.7,industry:专用机械,20250101,
20250101,301399.SZ,英特科技,机械基件,创业板,SZSE,机器人/具身智能,机器人本体/工业自动化,stock_basic_keyword,0.7,industry:机械基件,20250101,
20250101,301413.SZ,安培龙,电器仪表,创业板,SZSE,机器人/具身智能,机器人本体/工业自动化,stock_basic_keyword,0.7,industry:电器仪表,20250101,
20250101,301446.SZ,福事特,机械基件,创业板,SZSE,机器人/具身智能,机器人本体/工业自动化,stock_basic_keyword,0.7,industry:机械基件,20250101,
20250101,301448.SZ,开创电气,机械基件,创业板,SZSE,机器人/具身智能,机器人本体/工业自动化,stock_basic_keyword,0.7,industry:机械基件,20250101,
20250101,301468.SZ,博盈特焊,专用机械,创业板,SZSE,机器人/具身智能,机器人本体/工业自动化,stock_basic_keyword,0.7,industry:专用机械,20250101,
20250101,301508.SZ,中机认检,电器仪表,创业板,SZSE,机器人/具身智能,机器人本体/工业自动化,stock_basic_keyword,0.7,industry:电器仪表,20250101,
20250101,301510.SZ,固高科技,电器仪表,创业板,SZSE,机器人/具身智能,机器人本体/工业自动化,stock_basic_keyword,0.7,industry:电器仪表,20250101,
20250101,301512.SZ,智信精密,专用机械,创业板,SZSE,机器人/具身智能,机器人本体/工业自动化,stock_basic_keyword,0.7,industry:专用机械,20250101,
20250101,301519.SZ,舜禹股份,专用机械,创业板,SZSE,机器人/具身智能,机器人本体/工业自动化,stock_basic_keyword,0.7,industry:专用机械,20250101,
20250101,301528.SZ,多浦乐,电器仪表,创业板,SZSE,机器人/具身智能,机器人本体/工业自动化,stock_basic_keyword,0.7,industry:电器仪表,20250101,
20250101,301548.SZ,崇德科技,机械基件,创业板,SZSE,机器人/具身智能,机器人本体/工业自动化,stock_basic_keyword,0.7,industry:机械基件,20250101,
20250101,301559.SZ,中集环科,专用机械,创业板,SZSE,机器人/具身智能,机器人本体/工业自动化,stock_basic_keyword,0.7,industry:专用机械,20250101,
20250101,301568.SZ,思泰克,专用机械,创业板,SZSE,机器人/具身智能,机器人本体/工业自动化,stock_basic_keyword,0.7,industry:专用机械,20250101,
20250101,301596.SZ,瑞迪智驱,机械基件,创业板,SZSE,机器人/具身智能,机器人本体/工业自动化,stock_basic_keyword,0.7,industry:机械基件,20250101,
20250101,301598.SZ,博科测试,专用机械,创业板,SZSE,机器人/具身智能,机器人本体/工业自动化,stock_basic_keyword,0.7,industry:专用机械,20250101,
20250101,301603.SZ,乔锋智能,机床制造,创业板,SZSE,机器人/具身智能,机器人本体/工业自动化,stock_basic_keyword,0.7,industry:机床制造,20250101,
20250101,301633.SZ,港迪技术,专用机械,创业板,SZSE,机器人/具身智能,机器人本体/工业自动化,stock_basic_keyword,0.7,industry:专用机械,20250101,
20250101,600114.SH,东睦股份,机械基件,主板,SSE,机器人/具身智能,机器人本体/工业自动化,stock_basic_keyword,0.7,industry:机械基件,20250101,
20250101,600184.SH,光电股份,专用机械,主板,SSE,机器人/具身智能,机器人本体/工业自动化,stock_basic_keyword,0.7,industry:专用机械,20250101,
20250101,600202.SH,哈空调,专用机械,主板,SSE,机器人/具身智能,机器人本体/工业自动化,stock_basic_keyword,0.7,industry:专用机械,20250101,
20250101,600215.SH,派斯林,专用机械,主板,SSE,机器人/具身智能,机器人本体/工业自动化,stock_basic_keyword,0.7,industry:专用机械,20250101,
20250101,600262.SH,北方股份,专用机械,主板,SSE,机器人/具身智能,机器人本体/工业自动化,stock_basic_keyword,0.7,industry:专用机械,20250101,
20250101,600320.SH,振华重工,专用机械,主板,SSE,机器人/具身智能,机器人本体/工业自动化,stock_basic_keyword,0.7,industry:专用机械,20250101,
20250101,600330.SH,天通股份,专用机械,主板,SSE,机器人/具身智能,机器人本体/工业自动化,stock_basic_keyword,0.7,industry:专用机械,20250101,
20250101,600343.SH,航天动力,机械基件,主板,SSE,机器人/具身智能,机器人本体/工业自动化,stock_basic_keyword,0.7,industry:机械基件,20250101,
20250101,600355.SH,*ST精伦,专用机械,主板,SSE,机器人/具身智能,机器人本体/工业自动化,stock_basic_keyword,0.7,industry:专用机械,20250101,
20250101,600397.SH,江钨装备,专用机械,主板,SSE,机器人/具身智能,机器人本体/工业自动化,stock_basic_keyword,0.7,industry:专用机械,20250101,
20250101,600421.SH,*ST华嵘,专用机械,主板,SSE,机器人/具身智能,机器人本体/工业自动化,stock_basic_keyword,0.7,industry:专用机械,20250101,
20250101,600435.SH,北方导航,专用机械,主板,SSE,机器人/具身智能,机器人本体/工业自动化,stock_basic_keyword,0.7,industry:专用机械,20250101,
20250101,600444.SH,国机通用,专用机械,主板,SSE,机器人/具身智能,机器人本体/工业自动化,stock_basic_keyword,0.7,industry:专用机械,20250101,
20250101,600499.SH,科达制造,专用机械,主板,SSE,机器人/具身智能,机器人本体/工业自动化,stock_basic_keyword,0.7,industry:专用机械,20250101,
20250101,600501.SH,航天晨光,专用机械,主板,SSE,机器人/具身智能,机器人本体/工业自动化,stock_basic_keyword,0.7,industry:专用机械,20250101,
20250101,600582.SH,天地科技,专用机械,主板,SSE,机器人/具身智能,机器人本体/工业自动化,stock_basic_keyword,0.7,industry:专用机械,20250101,
20250101,600592.SH,龙溪股份,机械基件,主板,SSE,机器人/具身智能,机器人本体/工业自动化,stock_basic_keyword,0.7,industry:机械基件,20250101,
20250101,600651.SH,飞乐音响,电器仪表,主板,SSE,机器人/具身智能,机器人本体/工业自动化,stock_basic_keyword,0.7,industry:电器仪表,20250101,
20250101,600783.SH,鲁信创投,专用机械,主板,SSE,机器人/具身智能,机器人本体/工业自动化,stock_basic_keyword,0.7,industry:专用机械,20250101,
20250101,600817.SH,宇通重工,专用机械,主板,SSE,机器人/具身智能,机器人本体/工业自动化,stock_basic_keyword,0.7,industry:专用机械,20250101,
20250101,600855.SH,航天长峰,专用机械,主板,SSE,机器人/具身智能,机器人本体/工业自动化,stock_basic_keyword,0.7,industry:专用机械,20250101,
20250101,600860.SH,京城股份,专用机械,主板,SSE,机器人/具身智能,机器人本体/工业自动化,stock_basic_keyword,0.7,industry:专用机械,20250101,
20250101,600889.SH,南京化纤,机械基件,主板,SSE,机器人/具身智能,机器人本体/工业自动化,stock_basic_keyword,0.7,industry:机械基件,20250101,
20250101,600980.SH,北矿科技,专用机械,主板,SSE,机器人/具身智能,机器人本体/工业自动化,stock_basic_keyword,0.7,industry:专用机械,20250101,
20250101,601002.SH,晋亿实业,机械基件,主板,SSE,机器人/具身智能,机器人本体/工业自动化,stock_basic_keyword,0.7,industry:机械基件,20250101,
20250101,601177.SH,杭齿前进,机械基件,主板,SSE,机器人/具身智能,机器人本体/工业自动化,stock_basic_keyword,0.7,industry:机械基件,20250101,
20250101,601369.SH,陕鼓动力,机械基件,主板,SSE,机器人/具身智能,机器人本体/工业自动化,stock_basic_keyword,0.7,industry:机械基件,20250101,
20250101,601606.SH,长城军工,专用机械,主板,SSE,机器人/具身智能,机器人本体/工业自动化,stock_basic_keyword,0.7,industry:专用机械,20250101,
20250101,601608.SH,中信重工,专用机械,主板,SSE,机器人/具身智能,机器人本体/工业自动化,stock_basic_keyword,0.7,industry:专用机械,20250101,
20250101,601717.SH,中创智领,专用机械,主板,SSE,机器人/具身智能,机器人本体/工业自动化,stock_basic_keyword,0.7,industry:专用机械,20250101,
20250101,601882.SH,海天精工,机床制造,主板,SSE,机器人/具身智能,机器人本体/工业自动化,stock_basic_keyword,0.7,industry:机床制造,20250101,
20250101,603011.SH,合锻智能,专用机械,主板,SSE,机器人/具身智能,机器人本体/工业自动化,stock_basic_keyword,0.7,industry:专用机械,20250101,
20250101,603012.SH,创力集团,专用机械,主板,SSE,机器人/具身智能,机器人本体/工业自动化,stock_basic_keyword,0.7,industry:专用机械,20250101,
20250101,603032.SH,德新科技,专用机械,主板,SSE,机器人/具身智能,机器人本体/工业自动化,stock_basic_keyword,0.7,industry:专用机械,20250101,
20250101,603036.SH,如通股份,专用机械,主板,SSE,机器人/具身智能,机器人本体/工业自动化,stock_basic_keyword,0.7,industry:专用机械,20250101,
20250101,603076.SH,乐惠国际,专用机械,主板,SSE,机器人/具身智能,机器人本体/工业自动化,stock_basic_keyword,0.7,industry:专用机械,20250101,
20250101,603081.SH,大丰实业,专用机械,主板,SSE,机器人/具身智能,机器人本体/工业自动化,stock_basic_keyword,0.7,industry:专用机械,20250101,
20250101,603088.SH,宁波精达,机床制造,主板,SSE,机器人/具身智能,机器人本体/工业自动化,stock_basic_keyword,0.7,industry:机床制造,20250101,
20250101,603090.SH,宏盛股份,专用机械,主板,SSE,机器人/具身智能,机器人本体/工业自动化,stock_basic_keyword,0.7,industry:专用机械,20250101,
20250101,603100.SH,川仪股份,电器仪表,主板,SSE,机器人/具身智能,机器人本体/工业自动化,stock_basic_keyword,0.7,industry:电器仪表,20250101,
20250101,603112.SH,华翔股份,机械基件,主板,SSE,机器人/具身智能,机器人本体/工业自动化,stock_basic_keyword,0.7,industry:机械基件,20250101,
20250101,603131.SH,上海沪工,专用机械,主板,SSE,机器人/具身智能,机器人本体/工业自动化,stock_basic_keyword,0.7,industry:专用机械,20250101,
20250101,603135.SH,中重科技,专用机械,主板,SSE,机器人/具身智能,机器人本体/工业自动化,stock_basic_keyword,0.7,industry:专用机械,20250101,
20250101,603159.SH,上海亚虹,专用机械,主板,SSE,机器人/具身智能,机器人本体/工业自动化,stock_basic_keyword,0.7,industry:专用机械,20250101,
20250101,603169.SH,兰石重装,专用机械,主板,SSE,机器人/具身智能,机器人本体/工业自动化,stock_basic_keyword,0.7,industry:专用机械,20250101,
20250101,603173.SH,福斯达,机械基件,主板,SSE,机器人/具身智能,机器人本体/工业自动化,stock_basic_keyword,0.7,industry:机械基件,20250101,
20250101,603187.SH,海容冷链,机械基件,主板,SSE,机器人/具身智能,机器人本体/工业自动化,stock_basic_keyword,0.7,industry:机械基件,20250101,
20250101,603203.SH,快克智能,专用机械,主板,SSE,机器人/具身智能,机器人本体/工业自动化,stock_basic_keyword,0.7,industry:专用机械,20250101,
20250101,603269.SH,海鸥股份,机械基件,主板,SSE,机器人/具身智能,机器人本体/工业自动化,stock_basic_keyword,0.7,industry:机械基件,20250101,
20250101,603270.SH,金帝股份,机械基件,主板,SSE,机器人/具身智能,机器人本体/工业自动化,stock_basic_keyword,0.7,industry:机械基件,20250101,
20250101,603273.SH,天元智能,专用机械,主板,SSE,机器人/具身智能,机器人本体/工业自动化,stock_basic_keyword,0.7,industry:专用机械,20250101,
20250101,603275.SH,众辰科技,电器仪表,主板,SSE,机器人/具身智能,机器人本体/工业自动化,stock_basic_keyword,0.7,industry:电器仪表,20250101,
20250101,603277.SH,银都股份,专用机械,主板,SSE,机器人/具身智能,机器人本体/工业自动化,stock_basic_keyword,0.7,industry:专用机械,20250101,
20250101,603282.SH,亚光股份,专用机械,主板,SSE,机器人/具身智能,机器人本体/工业自动化,stock_basic_keyword,0.7,industry:专用机械,20250101,
20250101,603283.SH,赛腾股份,专用机械,主板,SSE,机器人/具身智能,机器人本体/工业自动化,stock_basic_keyword,0.7,industry:专用机械,20250101,
20250101,603289.SH,泰瑞机器,专用机械,主板,SSE,机器人/具身智能,机器人本体/工业自动化,stock_basic_keyword,0.7,industry:专用机械,20250101,
20250101,603308.SH,应流股份,机械基件,主板,SSE,机器人/具身智能,机器人本体/工业自动化,stock_basic_keyword,0.7,industry:机械基件,20250101,
20250101,603331.SH,百达精工,专用机械,主板,SSE,机器人/具身智能,机器人本体/工业自动化,stock_basic_keyword,0.7,industry:专用机械,20250101,
20250101,603339.SH,四方科技,专用机械,主板,SSE,机器人/具身智能,机器人本体/工业自动化,stock_basic_keyword,0.7,industry:专用机械,20250101,
20250101,603391.SH,力聚热能,专用机械,主板,SSE,机器人/具身智能,机器人本体/工业自动化,stock_basic_keyword,0.7,industry:专用机械,20250101,
20250101,603396.SH,金辰股份,专用机械,主板,SSE,机器人/具身智能,机器人本体/工业自动化,stock_basic_keyword,0.7,industry:专用机械,20250101,
20250101,603416.SH,信捷电气,电器仪表,主板,SSE,机器人/具身智能,机器人本体/工业自动化,stock_basic_keyword,0.7,industry:电器仪表,20250101,
20250101,603556.SH,海兴电力,电器仪表,主板,SSE,机器人/具身智能,机器人本体/工业自动化,stock_basic_keyword,0.7,industry:电器仪表,20250101,
20250101,603611.SH,诺力股份,专用机械,主板,SSE,机器人/具身智能,机器人本体/工业自动化,stock_basic_keyword,0.7,industry:专用机械,20250101,
20250101,603617.SH,君禾股份,机械基件,主板,SSE,机器人/具身智能,机器人本体/工业自动化,stock_basic_keyword,0.7,industry:机械基件,20250101,
20250101,603638.SH,艾迪精密,专用机械,主板,SSE,机器人/具身智能,机器人本体/工业自动化,stock_basic_keyword,0.7,industry:专用机械,20250101,
20250101,603656.SH,泰禾智能,专用机械,主板,SSE,机器人/具身智能,机器人本体/工业自动化,stock_basic_keyword,0.7,industry:专用机械,20250101,
20250101,603662.SH,柯力传感,电器仪表,主板,SSE,机器人/具身智能,机器人本体/工业自动化,stock_basic_keyword,0.7,industry:电器仪表,20250101,
20250101,603666.SH,亿嘉和,专用机械,主板,SSE,机器人/具身智能,机器人本体/工业自动化,stock_basic_keyword,0.7,industry:专用机械,20250101,
20250101,603667.SH,五洲新春,机械基件,主板,SSE,机器人/具身智能,机器人本体/工业自动化,stock_basic_keyword,0.7,industry:机械基件,20250101,
20250101,603698.SH,航天工程,专用机械,主板,SSE,机器人/具身智能,机器人本体/工业自动化,stock_basic_keyword,0.7,industry:专用机械,20250101,
20250101,603699.SH,纽威股份,机械基件,主板,SSE,机器人/具身智能,机器人本体/工业自动化,stock_basic_keyword,0.7,industry:机械基件,20250101,
20250101,603700.SH,宁水集团,电器仪表,主板,SSE,机器人/具身智能,机器人本体/工业自动化,stock_basic_keyword,0.7,industry:电器仪表,20250101,
20250101,603728.SH,鸣志电器,电气设备,主板,SSE,机器人/具身智能,机器人本体/工业自动化,stock_basic_keyword,0.7,name:鸣志,20250101,
20250101,603757.SH,大元泵业,机械基件,主板,SSE,机器人/具身智能,机器人本体/工业自动化,stock_basic_keyword,0.7,industry:机械基件,20250101,
20250101,603800.SH,洪田股份,专用机械,主板,SSE,机器人/具身智能,机器人本体/工业自动化,stock_basic_keyword,0.7,industry:专用机械,20250101,
20250101,603855.SH,华荣股份,专用机械,主板,SSE,机器人/具身智能,机器人本体/工业自动化,stock_basic_keyword,0.7,industry:专用机械,20250101,
20250101,603895.SH,天永智能,专用机械,主板,SSE,机器人/具身智能,机器人本体/工业自动化,stock_basic_keyword,0.7,industry:专用机械,20250101,
20250101,603901.SH,永创智能,专用机械,主板,SSE,机器人/具身智能,机器人本体/工业自动化,stock_basic_keyword,0.7,industry:专用机械,20250101,
20250101,603912.SH,佳力图,专用机械,主板,SSE,机器人/具身智能,机器人本体/工业自动化,stock_basic_keyword,0.7,industry:专用机械,20250101,
20250101,603915.SH,国茂股份,机械基件,主板,SSE,机器人/具身智能,机器人本体/工业自动化,stock_basic_keyword,0.7,industry:机械基件,20250101,
20250101,603956.SH,威派格,专用机械,主板,SSE,机器人/具身智能,机器人本体/工业自动化,stock_basic_keyword,0.7,industry:专用机械,20250101,
20250101,603966.SH,法兰泰克,专用机械,主板,SSE,机器人/具身智能,机器人本体/工业自动化,stock_basic_keyword,0.7,industry:专用机械,20250101,
20250101,605056.SH,咸亨国际,电器仪表,主板,SSE,机器人/具身智能,机器人本体/工业自动化,stock_basic_keyword,0.7,industry:电器仪表,20250101,
20250101,605060.SH,联德股份,机械基件,主板,SSE,机器人/具身智能,机器人本体/工业自动化,stock_basic_keyword,0.7,industry:机械基件,20250101,
20250101,605100.SH,华丰股份,机械基件,主板,SSE,机器人/具身智能,机器人本体/工业自动化,stock_basic_keyword,0.7,industry:机械基件,20250101,
20250101,605186.SH,健麾信息,专用机械,主板,SSE,机器人/具身智能,机器人本体/工业自动化,stock_basic_keyword,0.7,industry:专用机械,20250101,
20250101,605389.SH,长龄液压,机械基件,主板,SSE,机器人/具身智能,机器人本体/工业自动化,stock_basic_keyword,0.7,industry:机械基件,20250101,
20250101,688001.SH,华兴源创,专用机械,科创板,SSE,机器人/具身智能,机器人本体/工业自动化,stock_basic_keyword,0.7,industry:专用机械,20250101,
20250101,688003.SH,天准科技,专用机械,科创板,SSE,机器人/具身智能,机器人本体/工业自动化,stock_basic_keyword,0.7,industry:专用机械,20250101,
20250101,688017.SH,绿的谐波,机械基件,科创板,SSE,机器人/具身智能,机器人本体/工业自动化,stock_basic_keyword,0.7,industry:机械基件;name:绿的,20250101,
20250101,688022.SH,瀚川智能,专用机械,科创板,SSE,机器人/具身智能,机器人本体/工业自动化,stock_basic_keyword,0.7,industry:专用机械,20250101,
20250101,688025.SH,杰普特,专用机械,科创板,SSE,机器人/具身智能,机器人本体/工业自动化,stock_basic_keyword,0.7,industry:专用机械,20250101,
20250101,688028.SH,沃尔德,机械基件,科创板,SSE,机器人/具身智能,机器人本体/工业自动化,stock_basic_keyword,0.7,industry:机械基件,20250101,
20250101,688056.SH,莱伯泰科,电器仪表,科创板,SSE,机器人/具身智能,机器人本体/工业自动化,stock_basic_keyword,0.7,industry:电器仪表,20250101,
20250101,688059.SH,华锐精密,机械基件,科创板,SSE,机器人/具身智能,机器人本体/工业自动化,stock_basic_keyword,0.7,industry:机械基件,20250101,
20250101,688071.SH,华依科技,专用机械,科创板,SSE,机器人/具身智能,机器人本体/工业自动化,stock_basic_keyword,0.7,industry:专用机械,20250101,
20250101,688084.SH,晶品特装,专用机械,科创板,SSE,机器人/具身智能,机器人本体/工业自动化,stock_basic_keyword,0.7,industry:专用机械,20250101,
20250101,688090.SH,瑞松科技,专用机械,科创板,SSE,机器人/具身智能,机器人本体/工业自动化,stock_basic_keyword,0.7,industry:专用机械,20250101,
20250101,688092.SH,爱科科技,专用机械,科创板,SSE,机器人/具身智能,机器人本体/工业自动化,stock_basic_keyword,0.7,industry:专用机械,20250101,
20250101,688097.SH,博众精工,专用机械,科创板,SSE,机器人/具身智能,机器人本体/工业自动化,stock_basic_keyword,0.7,industry:专用机械,20250101,
20250101,688112.SH,鼎阳科技,电器仪表,科创板,SSE,机器人/具身智能,机器人本体/工业自动化,stock_basic_keyword,0.7,industry:电器仪表,20250101,
20250101,688113.SH,联测科技,专用机械,科创板,SSE,机器人/具身智能,机器人本体/工业自动化,stock_basic_keyword,0.7,industry:专用机械,20250101,
20250101,688115.SH,思林杰,电器仪表,科创板,SSE,机器人/具身智能,机器人本体/工业自动化,stock_basic_keyword,0.7,industry:电器仪表,20250101,
20250101,688121.SH,卓然股份,专用机械,科创板,SSE,机器人/具身智能,机器人本体/工业自动化,stock_basic_keyword,0.7,industry:专用机械,20250101,
20250101,688125.SH,安达智能,专用机械,科创板,SSE,机器人/具身智能,机器人本体/工业自动化,stock_basic_keyword,0.7,industry:专用机械,20250101,
20250101,688128.SH,中国电研,专用机械,科创板,SSE,机器人/具身智能,机器人本体/工业自动化,stock_basic_keyword,0.7,industry:专用机械,20250101,
20250101,688147.SH,微导纳米,专用机械,科创板,SSE,机器人/具身智能,机器人本体/工业自动化,stock_basic_keyword,0.7,industry:专用机械,20250101,
20250101,688160.SH,步科股份,电器仪表,科创板,SSE,机器人/具身智能,机器人本体/工业自动化,stock_basic_keyword,0.7,industry:电器仪表,20250101,
20250101,688162.SH,巨一科技,专用机械,科创板,SSE,机器人/具身智能,机器人本体/工业自动化,stock_basic_keyword,0.7,industry:专用机械,20250101,
20250101,688165.SH,埃夫特-U,专用机械,科创板,SSE,机器人/具身智能,机器人本体/工业自动化,stock_basic_keyword,0.7,industry:专用机械,20250101,
20250101,688170.SH,德龙激光,专用机械,科创板,SSE,机器人/具身智能,机器人本体/工业自动化,stock_basic_keyword,0.7,industry:专用机械,20250101,
20250101,688188.SH,柏楚电子,专用机械,科创板,SSE,机器人/具身智能,机器人本体/工业自动化,stock_basic_keyword,0.7,industry:专用机械,20250101,
20250101,688211.SH,中科微至,专用机械,科创板,SSE,机器人/具身智能,机器人本体/工业自动化,stock_basic_keyword,0.7,industry:专用机械,20250101,
20250101,688215.SH,瑞晟智能,专用机械,科创板,SSE,机器人/具身智能,机器人本体/工业自动化,stock_basic_keyword,0.7,industry:专用机械,20250101,
20250101,688218.SH,江苏北人,专用机械,科创板,SSE,机器人/具身智能,机器人本体/工业自动化,stock_basic_keyword,0.7,industry:专用机械,20250101,
20250101,688251.SH,井松智能,专用机械,科创板,SSE,机器人/具身智能,机器人本体/工业自动化,stock_basic_keyword,0.7,industry:专用机械,20250101,
20250101,688255.SH,凯尔达,机械基件,科创板,SSE,机器人/具身智能,机器人本体/工业自动化,stock_basic_keyword,0.7,industry:机械基件,20250101,
20250101,688257.SH,新锐股份,机械基件,科创板,SSE,机器人/具身智能,机器人本体/工业自动化,stock_basic_keyword,0.7,industry:机械基件,20250101,
20250101,688283.SH,坤恒顺维,电器仪表,科创板,SSE,机器人/具身智能,机器人本体/工业自动化,stock_basic_keyword,0.7,industry:电器仪表,20250101,
20250101,688290.SH,景业智能,专用机械,科创板,SSE,机器人/具身智能,机器人本体/工业自动化,stock_basic_keyword,0.7,industry:专用机械,20250101,
20250101,688305.SH,科德数控,机床制造,科创板,SSE,机器人/具身智能,机器人本体/工业自动化,stock_basic_keyword,0.7,industry:机床制造,20250101,
20250101,688306.SH,均普智能,专用机械,科创板,SSE,机器人/具身智能,机器人本体/工业自动化,stock_basic_keyword,0.7,industry:专用机械,20250101,
20250101,688308.SH,欧科亿,机械基件,科创板,SSE,机器人/具身智能,机器人本体/工业自动化,stock_basic_keyword,0.7,industry:机械基件,20250101,
20250101,688312.SH,燕麦科技,专用机械,科创板,SSE,机器人/具身智能,机器人本体/工业自动化,stock_basic_keyword,0.7,industry:专用机械,20250101,
20250101,688320.SH,禾川科技,电器仪表,科创板,SSE,机器人/具身智能,机器人本体/工业自动化,stock_basic_keyword,0.7,industry:电器仪表,20250101,
20250101,688328.SH,深科达,专用机械,科创板,SSE,机器人/具身智能,机器人本体/工业自动化,stock_basic_keyword,0.7,industry:专用机械,20250101,
20250101,688329.SH,艾隆科技,专用机械,科创板,SSE,机器人/具身智能,机器人本体/工业自动化,stock_basic_keyword,0.7,industry:专用机械,20250101,
20250101,688333.SH,铂力特,机械基件,科创板,SSE,机器人/具身智能,机器人本体/工业自动化,stock_basic_keyword,0.7,industry:机械基件,20250101,
20250101,688337.SH,普源精电,电器仪表,科创板,SSE,机器人/具身智能,机器人本体/工业自动化,stock_basic_keyword,0.7,industry:电器仪表,20250101,
20250101,688355.SH,明志科技,机械基件,科创板,SSE,机器人/具身智能,机器人本体/工业自动化,stock_basic_keyword,0.7,industry:机械基件,20250101,
20250101,688360.SH,德马科技,机械基件,科创板,SSE,机器人/具身智能,机器人本体/工业自动化,stock_basic_keyword,0.7,industry:机械基件,20250101,
20250101,688376.SH,美埃科技,专用机械,科创板,SSE,机器人/具身智能,机器人本体/工业自动化,stock_basic_keyword,0.7,industry:专用机械,20250101,
20250101,688377.SH,迪威尔,专用机械,科创板,SSE,机器人/具身智能,机器人本体/工业自动化,stock_basic_keyword,0.7,industry:专用机械,20250101,
20250101,688378.SH,奥来德,专用机械,科创板,SSE,机器人/具身智能,机器人本体/工业自动化,stock_basic_keyword,0.7,industry:专用机械,20250101,
20250101,688379.SH,华光新材,机械基件,科创板,SSE,机器人/具身智能,机器人本体/工业自动化,stock_basic_keyword,0.7,industry:机械基件,20250101,
20250101,688383.SH,新益昌,专用机械,科创板,SSE,机器人/具身智能,机器人本体/工业自动化,stock_basic_keyword,0.7,industry:专用机械,20250101,
20250101,688392.SH,骄成超声,专用机械,科创板,SSE,机器人/具身智能,机器人本体/工业自动化,stock_basic_keyword,0.7,industry:专用机械,20250101,
20250101,688395.SH,正弦电气,机械基件,科创板,SSE,机器人/具身智能,机器人本体/工业自动化,stock_basic_keyword,0.7,industry:机械基件,20250101,
20250101,688400.SH,凌云光,专用机械,科创板,SSE,机器人/具身智能,机器人本体/工业自动化,stock_basic_keyword,0.7,industry:专用机械,20250101,
20250101,688420.SH,美腾科技,专用机械,科创板,SSE,机器人/具身智能,机器人本体/工业自动化,stock_basic_keyword,0.7,industry:专用机械,20250101,
20250101,688433.SH,华曙高科,专用机械,科创板,SSE,机器人/具身智能,机器人本体/工业自动化,stock_basic_keyword,0.7,industry:专用机械,20250101,
20250101,688448.SH,磁谷科技,专用机械,科创板,SSE,机器人/具身智能,机器人本体/工业自动化,stock_basic_keyword,0.7,industry:专用机械,20250101,
20250101,688450.SH,光格科技,电器仪表,科创板,SSE,机器人/具身智能,机器人本体/工业自动化,stock_basic_keyword,0.7,industry:电器仪表,20250101,
20250101,688455.SH,科捷智能,机械基件,科创板,SSE,机器人/具身智能,机器人本体/工业自动化,stock_basic_keyword,0.7,industry:机械基件,20250101,
20250101,688499.SH,利元亨,专用机械,科创板,SSE,机器人/具身智能,机器人本体/工业自动化,stock_basic_keyword,0.7,industry:专用机械,20250101,
20250101,688516.SH,奥特维,专用机械,科创板,SSE,机器人/具身智能,机器人本体/工业自动化,stock_basic_keyword,0.7,industry:专用机械,20250101,
20250101,688518.SH,联赢激光,专用机械,科创板,SSE,机器人/具身智能,机器人本体/工业自动化,stock_basic_keyword,0.7,industry:专用机械,20250101,
20250101,688528.SH,秦川物联,电器仪表,科创板,SSE,机器人/具身智能,机器人本体/工业自动化,stock_basic_keyword,0.7,industry:电器仪表,20250101,
20250101,688529.SH,豪森智能,专用机械,科创板,SSE,机器人/具身智能,机器人本体/工业自动化,stock_basic_keyword,0.7,industry:专用机械,20250101,
20250101,688531.SH,日联科技,专用机械,科创板,SSE,机器人/具身智能,机器人本体/工业自动化,stock_basic_keyword,0.7,industry:专用机械,20250101,
20250101,688539.SH,高华科技,电器仪表,科创板,SSE,机器人/具身智能,机器人本体/工业自动化,stock_basic_keyword,0.7,industry:电器仪表,20250101,
20250101,688543.SH,国科军工,专用机械,科创板,SSE,机器人/具身智能,机器人本体/工业自动化,stock_basic_keyword,0.7,industry:专用机械,20250101,
20250101,688551.SH,科威尔,专用机械,科创板,SSE,机器人/具身智能,机器人本体/工业自动化,stock_basic_keyword,0.7,industry:专用机械,20250101,
20250101,688556.SH,高测股份,专用机械,科创板,SSE,机器人/具身智能,机器人本体/工业自动化,stock_basic_keyword,0.7,industry:专用机械,20250101,
20250101,688557.SH,兰剑智能,专用机械,科创板,SSE,机器人/具身智能,机器人本体/工业自动化,stock_basic_keyword,0.7,industry:专用机械,20250101,
20250101,688558.SH,国盛智科,机床制造,科创板,SSE,机器人/具身智能,机器人本体/工业自动化,stock_basic_keyword,0.7,industry:机床制造,20250101,
20250101,688559.SH,海目星,专用机械,科创板,SSE,机器人/具身智能,机器人本体/工业自动化,stock_basic_keyword,0.7,industry:专用机械,20250101,
20250101,688570.SH,天玛智控,专用机械,科创板,SSE,机器人/具身智能,机器人本体/工业自动化,stock_basic_keyword,0.7,industry:专用机械,20250101,
20250101,688573.SH,信宇人,专用机械,科创板,SSE,机器人/具身智能,机器人本体/工业自动化,stock_basic_keyword,0.7,industry:专用机械,20250101,
20250101,688577.SH,浙海德曼,机床制造,科创板,SSE,机器人/具身智能,机器人本体/工业自动化,stock_basic_keyword,0.7,industry:机床制造,20250101,
20250101,688596.SH,正帆科技,专用机械,科创板,SSE,机器人/具身智能,机器人本体/工业自动化,stock_basic_keyword,0.7,industry:专用机械,20250101,
20250101,688597.SH,煜邦电力,电器仪表,科创板,SSE,机器人/具身智能,机器人本体/工业自动化,stock_basic_keyword,0.7,industry:电器仪表,20250101,
20250101,688600.SH,皖仪科技,电器仪表,科创板,SSE,机器人/具身智能,机器人本体/工业自动化,stock_basic_keyword,0.7,industry:电器仪表,20250101,
20250101,688610.SH,埃科光电,电器仪表,科创板,SSE,机器人/具身智能,机器人本体/工业自动化,stock_basic_keyword,0.7,industry:电器仪表,20250101,
20250101,688616.SH,西力科技,电器仪表,科创板,SSE,机器人/具身智能,机器人本体/工业自动化,stock_basic_keyword,0.7,industry:电器仪表,20250101,
20250101,688622.SH,禾信仪器,电器仪表,科创板,SSE,机器人/具身智能,机器人本体/工业自动化,stock_basic_keyword,0.7,industry:电器仪表,20250101,
20250101,688623.SH,双元科技,专用机械,科创板,SSE,机器人/具身智能,机器人本体/工业自动化,stock_basic_keyword,0.7,industry:专用机械,20250101,
20250101,688627.SH,精智达,专用机械,科创板,SSE,机器人/具身智能,机器人本体/工业自动化,stock_basic_keyword,0.7,industry:专用机械,20250101,
20250101,688628.SH,优利德,电器仪表,科创板,SSE,机器人/具身智能,机器人本体/工业自动化,stock_basic_keyword,0.7,industry:电器仪表,20250101,
20250101,688630.SH,芯碁微装,专用机械,科创板,SSE,机器人/具身智能,机器人本体/工业自动化,stock_basic_keyword,0.7,industry:专用机械,20250101,
20250101,688633.SH,星球石墨,专用机械,科创板,SSE,机器人/具身智能,机器人本体/工业自动化,stock_basic_keyword,0.7,industry:专用机械,20250101,
20250101,688638.SH,誉辰智能,专用机械,科创板,SSE,机器人/具身智能,机器人本体/工业自动化,stock_basic_keyword,0.7,industry:专用机械,20250101,
20250101,688646.SH,ST逸飞,专用机械,科创板,SSE,机器人/具身智能,机器人本体/工业自动化,stock_basic_keyword,0.7,industry:专用机械,20250101,
20250101,688648.SH,中邮科技,机床制造,科创板,SSE,机器人/具身智能,机器人本体/工业自动化,stock_basic_keyword,0.7,industry:机床制造,20250101,
20250101,688665.SH,四方光电,电器仪表,科创板,SSE,机器人/具身智能,机器人本体/工业自动化,stock_basic_keyword,0.7,industry:电器仪表,20250101,
20250101,688686.SH,奥普特,电器仪表,科创板,SSE,机器人/具身智能,机器人本体/工业自动化,stock_basic_keyword,0.7,industry:电器仪表,20250101,
20250101,688697.SH,纽威数控,机床制造,科创板,SSE,机器人/具身智能,机器人本体/工业自动化,stock_basic_keyword,0.7,industry:机床制造,20250101,
20250101,688700.SH,东威科技,专用机械,科创板,SSE,机器人/具身智能,机器人本体/工业自动化,stock_basic_keyword,0.7,industry:专用机械,20250101,
20250101,688726.SH,拉普拉斯,专用机械,科创板,SSE,机器人/具身智能,机器人本体/工业自动化,stock_basic_keyword,0.7,industry:专用机械,20250101,
20250101,688768.SH,容知日新,电器仪表,科创板,SSE,机器人/具身智能,机器人本体/工业自动化,stock_basic_keyword,0.7,industry:电器仪表,20250101,
20250101,688777.SH,中控技术,专用机械,科创板,SSE,机器人/具身智能,机器人本体/工业自动化,stock_basic_keyword,0.7,industry:专用机械,20250101,
20250101,688789.SH,宏华数科,专用机械,科创板,SSE,机器人/具身智能,机器人本体/工业自动化,stock_basic_keyword,0.7,industry:专用机械,20250101,
20250101,920014.BJ,特瑞斯,专用机械,北交所,BSE,机器人/具身智能,机器人本体/工业自动化,stock_basic_keyword,0.7,industry:专用机械,20250101,
20250101,920026.BJ,卓兆点胶,机械基件,北交所,BSE,机器人/具身智能,机器人本体/工业自动化,stock_basic_keyword,0.7,industry:机械基件,20250101,
20250101,920061.BJ,西磁科技,专用机械,北交所,BSE,机器人/具身智能,机器人本体/工业自动化,stock_basic_keyword,0.7,industry:专用机械,20250101,
20250101,920082.BJ,方正阀门,机械基件,北交所,BSE,机器人/具身智能,机器人本体/工业自动化,stock_basic_keyword,0.7,industry:机械基件,20250101,
20250101,920169.BJ,七丰精工,机械基件,北交所,BSE,机器人/具身智能,机器人本体/工业自动化,stock_basic_keyword,0.7,industry:机械基件,20250101,
20250101,920223.BJ,荣亿精密,机械基件,北交所,BSE,机器人/具身智能,机器人本体/工业自动化,stock_basic_keyword,0.7,industry:机械基件,20250101,
20250101,920245.BJ,威博液压,机械基件,北交所,BSE,机器人/具身智能,机器人本体/工业自动化,stock_basic_keyword,0.7,industry:机械基件,20250101,
20250101,920260.BJ,中寰股份,专用机械,北交所,BSE,机器人/具身智能,机器人本体/工业自动化,stock_basic_keyword,0.7,industry:专用机械,20250101,
20250101,920284.BJ,灵鸽科技,专用机械,北交所,BSE,机器人/具身智能,机器人本体/工业自动化,stock_basic_keyword,0.7,industry:专用机械,20250101,
20250101,920363.BJ,莱赛激光,电器仪表,北交所,BSE,机器人/具身智能,机器人本体/工业自动化,stock_basic_keyword,0.7,industry:电器仪表,20250101,
20250101,920368.BJ,连城数控,专用机械,北交所,BSE,机器人/具身智能,机器人本体/工业自动化,stock_basic_keyword,0.7,industry:专用机械,20250101,
20250101,920396.BJ,常辅股份,电器仪表,北交所,BSE,机器人/具身智能,机器人本体/工业自动化,stock_basic_keyword,0.7,industry:电器仪表,20250101,
20250101,920405.BJ,海希通讯,电器仪表,北交所,BSE,机器人/具身智能,机器人本体/工业自动化,stock_basic_keyword,0.7,industry:电器仪表,20250101,
20250101,920407.BJ,驰诚股份,电器仪表,北交所,BSE,机器人/具身智能,机器人本体/工业自动化,stock_basic_keyword,0.7,industry:电器仪表,20250101,
20250101,920414.BJ,欧普泰,电器仪表,北交所,BSE,机器人/具身智能,机器人本体/工业自动化,stock_basic_keyword,0.7,industry:电器仪表,20250101,
20250101,920425.BJ,乐创技术,专用机械,北交所,BSE,机器人/具身智能,机器人本体/工业自动化,stock_basic_keyword,0.7,industry:专用机械,20250101,
20250101,920455.BJ,汇隆活塞,专用机械,北交所,BSE,机器人/具身智能,机器人本体/工业自动化,stock_basic_keyword,0.7,industry:专用机械,20250101,
20250101,920475.BJ,三友科技,专用机械,北交所,BSE,机器人/具身智能,机器人本体/工业自动化,stock_basic_keyword,0.7,industry:专用机械,20250101,
20250101,920476.BJ,海能技术,电器仪表,北交所,BSE,机器人/具身智能,机器人本体/工业自动化,stock_basic_keyword,0.7,industry:电器仪表,20250101,
20250101,920505.BJ,九菱科技,机械基件,北交所,BSE,机器人/具身智能,机器人本体/工业自动化,stock_basic_keyword,0.7,industry:机械基件,20250101,
20250101,920509.BJ,同惠电子,电器仪表,北交所,BSE,机器人/具身智能,机器人本体/工业自动化,stock_basic_keyword,0.7,industry:电器仪表,20250101,
20250101,920510.BJ,丰光精密,机械基件,北交所,BSE,机器人/具身智能,机器人本体/工业自动化,stock_basic_keyword,0.7,industry:机械基件,20250101,
20250101,920522.BJ,纳科诺尔,专用机械,北交所,BSE,机器人/具身智能,机器人本体/工业自动化,stock_basic_keyword,0.7,industry:专用机械,20250101,
20250101,920553.BJ,凯腾精工,专用机械,北交所,BSE,机器人/具身智能,机器人本体/工业自动化,stock_basic_keyword,0.7,industry:专用机械,20250101,
20250101,920556.BJ,雅达股份,电器仪表,北交所,BSE,机器人/具身智能,机器人本体/工业自动化,stock_basic_keyword,0.7,industry:电器仪表,20250101,
20250101,920570.BJ,坤博精工,机械基件,北交所,BSE,机器人/具身智能,机器人本体/工业自动化,stock_basic_keyword,0.7,industry:机械基件,20250101,
20250101,920578.BJ,巨能股份,专用机械,北交所,BSE,机器人/具身智能,机器人本体/工业自动化,stock_basic_keyword,0.7,industry:专用机械,20250101,
20250101,920579.BJ,机科股份,机械基件,北交所,BSE,机器人/具身智能,机器人本体/工业自动化,stock_basic_keyword,0.7,industry:机械基件,20250101,
20250101,920593.BJ,鼎智科技,机械基件,北交所,BSE,机器人/具身智能,机器人本体/工业自动化,stock_basic_keyword,0.7,industry:机械基件,20250101,
20250101,920608.BJ,丰安股份,机械基件,北交所,BSE,机器人/具身智能,机器人本体/工业自动化,stock_basic_keyword,0.7,industry:机械基件,20250101,
20250101,920651.BJ,天罡股份,电器仪表,北交所,BSE,机器人/具身智能,机器人本体/工业自动化,stock_basic_keyword,0.7,industry:电器仪表,20250101,
20250101,920662.BJ,方盛股份,机械基件,北交所,BSE,机器人/具身智能,机器人本体/工业自动化,stock_basic_keyword,0.7,industry:机械基件,20250101,
20250101,920679.BJ,前进科技,机械基件,北交所,BSE,机器人/具身智能,机器人本体/工业自动化,stock_basic_keyword,0.7,industry:机械基件,20250101,
20250101,920685.BJ,新芝生物,电器仪表,北交所,BSE,机器人/具身智能,机器人本体/工业自动化,stock_basic_keyword,0.7,industry:电器仪表,20250101,
20250101,920689.BJ,克莱特,专用机械,北交所,BSE,机器人/具身智能,机器人本体/工业自动化,stock_basic_keyword,0.7,industry:专用机械,20250101,
20250101,920693.BJ,阿为特,机械基件,北交所,BSE,机器人/具身智能,机器人本体/工业自动化,stock_basic_keyword,0.7,industry:机械基件,20250101,
20250101,920703.BJ,广厦环能,专用机械,北交所,BSE,机器人/具身智能,机器人本体/工业自动化,stock_basic_keyword,0.7,industry:专用机械,20250101,
20250101,920717.BJ,瑞星股份,专用机械,北交所,BSE,机器人/具身智能,机器人本体/工业自动化,stock_basic_keyword,0.7,industry:专用机械,20250101,
20250101,920720.BJ,吉冈精密,机械基件,北交所,BSE,机器人/具身智能,机器人本体/工业自动化,stock_basic_keyword,0.7,industry:机械基件,20250101,
20250101,920779.BJ,武汉蓝电,电器仪表,北交所,BSE,机器人/具身智能,机器人本体/工业自动化,stock_basic_keyword,0.7,industry:电器仪表,20250101,
20250101,920781.BJ,瑞奇智造,专用机械,北交所,BSE,机器人/具身智能,机器人本体/工业自动化,stock_basic_keyword,0.7,industry:专用机械,20250101,
20250101,920807.BJ,奔朗新材,机械基件,北交所,BSE,机器人/具身智能,机器人本体/工业自动化,stock_basic_keyword,0.7,industry:机械基件,20250101,
20250101,920810.BJ,春光智能,专用机械,北交所,BSE,机器人/具身智能,机器人本体/工业自动化,stock_basic_keyword,0.7,industry:专用机械,20250101,
20250101,920855.BJ,浙江大农,机床制造,北交所,BSE,机器人/具身智能,机器人本体/工业自动化,stock_basic_keyword,0.7,industry:机床制造,20250101,
20250101,920856.BJ,浩淼科技,专用机械,北交所,BSE,机器人/具身智能,机器人本体/工业自动化,stock_basic_keyword,0.7,industry:专用机械,20250101,
20250101,920870.BJ,恒进感应,机床制造,北交所,BSE,机器人/具身智能,机器人本体/工业自动化,stock_basic_keyword,0.7,industry:机床制造,20250101,
20250101,920879.BJ,基康技术,电器仪表,北交所,BSE,机器人/具身智能,机器人本体/工业自动化,stock_basic_keyword,0.7,industry:电器仪表,20250101,
20250101,920885.BJ,星辰科技,电器仪表,北交所,BSE,机器人/具身智能,机器人本体/工业自动化,stock_basic_keyword,0.7,industry:电器仪表,20250101,
20250101,920942.BJ,恒立钻具,机械基件,北交所,BSE,机器人/具身智能,机器人本体/工业自动化,stock_basic_keyword,0.7,industry:机械基件,20250101,
20250101,920943.BJ,优机股份,机械基件,北交所,BSE,机器人/具身智能,机器人本体/工业自动化,stock_basic_keyword,0.7,industry:机械基件,20250101,
20250101,920961.BJ,创远信科,电器仪表,北交所,BSE,机器人/具身智能,机器人本体/工业自动化,stock_basic_keyword,0.7,industry:电器仪表,20250101,
