trade_date,source_us_trade_date,us_risk_on,us_tech_strong,us_smallcap_strong,vix_stress,spy_return_20d,qqq_return_20d,iwm_return_20d,vix_return_20d,qqq_spy_relative_20d,iwm_spy_relative_20d,semiconductor_strong,technology_strong,biotech_strong,innovation_strong,semiconductor_return_20d,semiconductor_spy_relative_20d,technology_return_20d,technology_spy_relative_20d,biotech_return_20d,biotech_spy_relative_20d,innovation_return_20d,innovation_spy_relative_20d
20230103,20221230,0,0,0,0,-0.06124502921105601,-0.09342230695900877,-0.06739409499358151,-0.03551912568306015,-0.03427654579651429,-0.006550235124036519,0,0,1,0,-0.0967189284601806,-0.037788241184290916,-0.08600807932427479,-0.026378608778398704,-0.0010831628354796008,0.06408686850948486,-0.17572559366754614,-0.12194935634831205
20230104,20230103,0,0,0,0,-0.0641173723919295,-0.09594941035720383,-0.07790481254985382,-0.02712100139082063,-0.034012852708496966,-0.01473201847240424,0,0,1,0,-0.09530310588358848,-0.03332226987839648,-0.08939125295508277,-0.02700539556733539,-0.04821386878356282,0.01699305355097036,-0.20178197064989511,-0.14709600776521403
20230105,20230104,0,0,0,0,-0.039615605996146,-0.07613683771380886,-0.03997375184557339,-0.06971975393028029,-0.038027723009331105,-0.0003729192723908037,0,0,1,0,-0.06012178583774297,-0.021352054416572175,-0.07159492149350177,-0.03329845392846653,0.004343629343629418,0.04577254234266426,-0.11893540338231212,-0.08259171835923007
20230106,20230105,0,0,1,0,-0.03669095802757527,-0.07135756887247946,-0.035486199811184505,-0.08958195089581944,-0.03598700866953619,0.001250645601668987,0,0,1,0,-0.056116905693176955,-0.020165852098539383,-0.0697067403654229,-0.03427330264672479,0.023948380692393467,0.0629489977544555,-0.10398613518197564,-0.06985834682565639
20230109,20230106,0,0,1,0,-0.012920948214467542,-0.0418137097636615,-0.010916787345438217,-0.12361020274689327,-0.02927097023985037,0.002030395504193816,1,0,1,0,-0.010071589950186421,0.0028866566047844877,-0.03757716049382709,-0.024978964182006402,0.025527192008878874,0.03895142962845499,-0.08675400291120816,-0.07479953562299146
20230110,20230109,0,0,1,0,-0.0211487987078538,-0.046890963537079444,-0.016368060163680642,-0.1008010680907877,-0.026298343195824025,0.004884029909614673,1,0,1,0,-0.02015926347257868,0.0010109148703796311,-0.04205891284542962,-0.02136189250212195,-0.003799950968374599,0.017723682329426005,-0.06683731513083035,-0.04667565035693344
20230111,20230110,0,0,1,0,-0.006865337672904759,-0.03265494256133894,0.010581121934833737,-0.15620915032679739,-0.025967883175081696,0.0175670634301075,1,0,1,0,0.0017890998424523463,0.008714263879460615,-0.030173401573600156,-0.0234691877998503,0.05092417955488493,0.05818900439178942,-0.02972582972582971,-0.023018521979042417
20230112,20230111,0,0,1,0,-0.008597568617621287,-0.028118215561313775,0.011288180610889764,-0.14727153188691655,-0.019689932489345918,0.02005820098785005,1,0,1,0,-0.002938706968933724,0.005707936020286963,-0.034462136502952934,-0.026088868724345238,0.034956457745614955,0.043931732447444194,-0.015576323987539054,-0.007039276028592112
20230113,20230112,0,0,1,0,-0.012463616687812595,-0.03325827126277492,0.024534127246664594,-0.154320987654321,-0.02105710222565893,0.0374646894632753,1,0,1,1,-0.005095837967872829,0.00746076685825825,-0.03864056150720352,-0.026507321919212345,0.06157932866457383,0.0749774353670365,0.005667327854916415,0.018359773724911266
20230116,20230113,0,0,1,0,-0.0022533800701051154,-0.019336148825520816,0.038070925134580325,-0.14630681818181823,-0.017121349663520746,0.040415376408409864,1,0,1,1,0.014233567057958307,0.016524182391338904,-0.02771775575590496,-0.025521886195504218,0.05764833313274753,0.06003699938072593,0.030346407099914208,0.03267341278721636
20230117,20230113,0,0,1,0,-0.0022533800701051154,-0.019336148825520816,0.038070925134580325,-0.14630681818181823,-0.017121349663520746,0.040415376408409864,1,0,1,1,0.014233567057958307,0.016524182391338904,-0.02771775575590496,-0.025521886195504218,0.05764833313274753,0.06003699938072593,0.030346407099914208,0.03267341278721636
20230118,20230117,1,0,1,0,0.020891615122038854,0.016793672577557928,0.06341074681238612,-0.18983957219251346,-0.004014081890554855,0.0416490164680845,1,0,1,1,0.060244598003729166,0.03854766000501053,0.014629615295301601,-0.00613385371569386,0.07646548519023422,0.05443660154026442,0.11499096929560504,0.09217369677614373
20230119,20230118,1,0,1,0,0.021447021681843204,0.013236098450319034,0.05408040373917533,-0.1638907395069953,-0.00803852089950241,0.031948188564493885,1,0,1,1,0.06272104332449158,0.04040740319031855,0.0149827423909632,-0.006328550726239723,0.05953557312252977,0.03728881736614453,0.08087793144918831,0.05818305649321909
20230120,20230119,1,0,1,0,0.022683016683332502,0.020018535681186167,0.058310563339340815,-0.13856655290102393,-0.0026053830548465884,0.03483733089804519,1,0,1,1,0.04585384959713523,0.022656905938408967,0.019614096635305334,-0.0030008516793208484,0.07049180327868854,0.04674839203882075,0.07976412166356295,0.05581505124173325
20230130,20230127,1,1,1,0,0.07704561142675082,0.1390234525182621,0.11171054946343761,-0.21034241788958763,0.05754430493376206,0.03218520893536381,1,1,1,1,0.20611501199893367,0.11983652243028575,0.12575146174750862,0.04522171559311938,0.13395915260687552,0.05284227573680167,0.3626855600539811,0.26520691936978036
20230131,20230130,1,1,1,0,0.04472668474859165,0.08943852274433262,0.06914498141263947,-0.18046709129511684,0.0427976413816793,0.0233729041485371,1,1,1,1,0.13778351995406268,0.0890728997009056,0.07607736136746657,0.030008496075142554,0.05870912847939702,0.013383829411967474,0.23548283606031428,0.18258952709495224
20230201,20230131,1,1,1,0,0.06288732578511103,0.10642932251765069,0.09818765771966032,-0.19830028328611893,0.04096576906717453,0.033211734751352306,1,1,1,1,0.16006667049830448,0.09142958275601876,0.09257473481195766,0.027930908861781623,0.07108433734939767,0.007712023057789175,0.278169014084507,0.2025442237166355
20230202,20230201,1,1,1,0,0.07872485688776854,0.13777979431336962,0.12162629757785459,-0.21515368120085776,0.05474513454337249,0.039770512764358834,1,1,1,1,0.2325662381380773,0.14261410615321934,0.12899561901671253,0.046602024425375976,0.10069912915491219,0.020370599719507387,0.36868023637557434,0.26879456576569183
20230203,20230202,1,1,1,0,0.08604336043360439,0.17302626627530682,0.12964228753702423,-0.17634092578986027,0.08009155896590947,0.04014473886752845,1,1,1,1,0.22947433938776673,0.13206745161343947,0.15682149215083352,0.06517063157494096,0.10487746275828935,0.017341943250926528,0.39741976085588404,0.286707153476784
20230206,20230203,1,1,1,0,0.08690495018187572,0.1705023319825676,0.13421234454168585,-0.17492711370262393,0.0769132404693742,0.04352486788462406,1,1,1,1,0.2261582733812948,0.12811913606255776,0.1699125268196071,0.07637059397313584,0.09537081919534662,0.007788969046515382,0.38136686009026444,0.27091781103684864
20230207,20230206,1,1,1,0,0.05604514533085969,0.12942708333333308,0.09325374479107995,-0.13432835820895528,0.06948750091501332,0.035233909861460244,1,1,1,1,0.1526108834932769,0.09144091859080805,0.12274512947967597,0.06316016360069465,0.07864357864357863,0.0213991167069274,0.3465094038890659,0.27504909221206053
20230208,20230207,1,1,1,0,0.07046356932913933,0.14541287794780788,0.0995052844614348,-0.1655530809205642,0.07001574903257968,0.027130035962359633,1,1,1,1,0.16775116775116783,0.09088361454747917,0.1375812331589792,0.06269962449250133,0.11135720438046026,0.038201799877177534,0.3099664736360863,0.22373755741827228
20230209,20230208,1,1,1,0,0.05138511956577396,0.11560312282373642,0.06764168190127973,-0.09682416731216115,0.06107942947155731,0.015462043387317381,1,1,0,1,0.12805203113338304,0.07291991311354384,0.11696597353497173,0.06237567257588994,0.043192151232352316,-0.007792547355820911,0.24152290303390855,0.18084503949101194
20230210,20230209,1,1,1,0,0.029252629449838086,0.08693929021797864,0.039231779382797205,-0.07247494217424832,0.0560471347048932,0.009695530181247358,1,1,0,1,0.11652631578947359,0.08479326051009028,0.09190151749767739,0.06086832936373132,0.020265465750177958,-0.00873173742044675,0.16513233601841204,0.13201783768209086
20230213,20230210,1,1,0,0,0.02791213220475619,0.07400107507615106,0.024108055749878954,-0.012976480129764822,0.04483743447267163,-0.003700779799843401,1,1,0,1,0.0855649732203212,0.056087324207280354,0.07885029203811866,0.04955497482465332,-0.026160145586897166,-0.05260398831529933,0.10312764158917997,0.07317309235673175
20230214,20230213,1,1,0,0,0.03595984943538255,0.08374559561519024,0.02967121090617475,-0.027454242928452555,0.04612702529528678,-0.0060703496690873715,1,1,0,1,0.09699386344216876,0.05891542422232976,0.09441336500881281,0.056424499081975554,-0.026399635867091376,-0.060194886255930724,0.10641844956932478,0.06801286765345527
20230215,20230214,1,1,0,0,0.03738341252482602,0.08954322653974556,0.030457124504871036,-0.06765676567656753,0.050280169689595144,-0.0066766905430822865,1,1,0,1,0.11563429458166308,0.075431013366974,0.09414098260604198,0.054712239848791366,-0.011282523601197414,-0.04691219807301339,0.10205183585313171,0.06233801557604757
20230216,20230215,1,1,1,0,0.05744718894480072,0.11235065495897523,0.05799782372143625,-0.11792828685258971,0.05192076407046042,0.0005207208287962839,1,1,0,1,0.12609848681815827,0.06492172714730349,0.11361001623000244,0.05311170890836192,0.0032641641408253097,-0.05123946176266547,0.2022253129346312,0.1369128647779576
20230217,20230216,1,1,1,0,0.050535199670646236,0.10230783209158645,0.05800922874093617,-0.0744849445324881,0.049282149172318546,0.0071144965657818915,1,1,0,1,0.1301928684161251,0.07582579695611558,0.10720988426649991,0.053948391842197685,-0.001413594062904977,-0.04944983637848388,0.207818338603047,0.14971715272530672
20230220,20230217,1,1,1,0,0.028746084672122807,0.06537427479835856,0.04372027669693046,-0.041084634346754356,0.035604694561641725,0.01455577061037383,1,1,0,1,0.07882655046299902,0.04868107547338818,0.06456525049489859,0.03481827669282622,-0.0021841590987469184,-0.03006596499536407,0.14684931506849308,0.11480309102125208
20230221,20230217,1,1,1,0,0.028746084672122807,0.06537427479835856,0.04372027669693046,-0.041084634346754356,0.035604694561641725,0.01455577061037383,1,1,0,1,0.07882655046299902,0.04868107547338818,0.06456525049489859,0.03481827669282622,-0.0021841590987469184,-0.03006596499536407,0.14684931506849308,0.11480309102125208
20230222,20230221,0,1,1,0,-0.0038439457853880477,0.01754568106312293,0.0005338173277105174,0.041390728476821126,0.021472164685456763,0.0043946559322474155,0,1,0,1,-0.006026328138506787,-0.002190803683705167,0.016154247003647537,0.02007536138984012,-0.050367140890316686,-0.04670271782025992,0.03230042016806722,0.03628383906370192
20230223,20230222,0,1,1,0,-0.004147926036981442,0.020390470575996078,0.005403092066548876,0.05254091300602948,0.024640604015942147,0.00959080003270163,1,1,0,1,-0.0032600851106189266,0.0008915389640444804,0.015118790496760237,0.01934696631907329,-0.05843278540869168,-0.05451096683032686,0.0744397011739597,0.07891496063084902
20230224,20230223,1,1,1,0,0.0007743224678407046,0.031592117610259596,0.009762603360896405,0.013757523645743674,0.03079395069452251,0.008981326450194116,1,1,0,1,0.026729871934875415,0.025935467052182526,0.034107022912157614,0.03330691015544929,-0.061079865016873014,-0.061806329455161735,0.05731804852039457,0.056499976851045686
20230227,20230224,0,1,1,0,-0.020679431747992583,-0.005079430012954078,-0.005568519304200326,0.06986899563318794,0.01592941294277428,0.015429995992797263,1,1,0,1,-0.008371775158038663,0.01256754630602952,-0.00029383677367211813,0.02081605925086083,-0.08037024494863987,-0.06095125042373983,0.004442121766396578,0.025652022768426708
20230228,20230227,0,1,1,0,-0.019596726483928184,-0.007830959292513318,-0.007437493406477591,0.04247787610619458,0.0120009464566746,0.012402277109748061,1,1,0,0,0.0032670105625152157,0.02332074735373535,0.0008778346744697796,0.020883815580265086,-0.08121713838236944,-0.06285210745721892,-0.03887100767516716,-0.019659543895762965
20230301,20230228,0,1,1,0,-0.010809056641453818,0.011334274985358439,0.006633144324382112,-0.003454231433506094,0.0223852955543955,0.017632794844052446,1,1,0,1,0.03416689797875283,0.045467414478646884,0.018122156760384867,0.029247349660936228,-0.04879448909299655,-0.03840050569263487,0.028823682160477704,0.04006581243795937
20230302,20230301,0,1,1,0,-0.028882109820901447,-0.01160817324010599,-0.015980781282640466,0.02915194346289751,0.0177876823766574,0.013285028181163172,1,1,0,0,0.015507332540626306,0.045709633001757455,-0.003236245954692518,0.026408599950186407,-0.06524184476940398,-0.037441113294490846,-0.030803906836964656,-0.001978953364466185
20230303,20230302,0,1,1,0,-0.031621226874391506,-0.02429217067659184,-0.028896087202426868,0.021857923497267784,0.007568377582403807,0.0028141257817626553,1,1,0,0,-0.02709956913804057,0.0046693069507879326,-0.014156366772060891,0.018035153792105296,-0.08156897704479604,-0.05157873298811544,-0.060206284480690764,-0.029518467772725154
20230306,20230303,0,0,0,0,-0.030207783482892547,-0.03862440651867072,-0.034388866478418656,-0.027653880463871627,-0.008678790046392937,-0.004311318367291039,0,1,0,0,-0.034470856248705606,-0.004395862013744978,-0.019725797425853564,0.010808486476292734,-0.0911166684788518,-0.06280611862890184,-0.0889439315469488,-0.06056570372878434
20230307,20230306,0,0,0,0,-0.019109979386443543,-0.020118884316415286,-0.042083354484999336,-0.05388692579505294,-0.0010285607038194033,-0.02342094895020519,0,1,0,0,-0.026707972494073973,-0.007746019378276459,-0.006771531353600979,0.012578829199551445,-0.09093926319283108,-0.07322868241788982,-0.07537922987164536,-0.05736550408577401
20230308,20230307,0,1,0,1,-0.02820681746089848,-0.023880891992489883,-0.03930153497476041,2.773275862068966,0.004451487771406137,-0.011416747630266011,1,1,0,0,-0.02106543884342882,0.007348660955626807,-0.006998000571265317,0.02182441415592029,-0.08506131549609819,-0.058504730282888384,-0.07765151515151514,-0.05087985651579441
20230309,20230308,0,1,0,1,-0.039186878296683436,-0.03891829095133603,-0.045914715206053835,2.830071174377224,0.0002795417124104027,-0.007002232543872333,1,1,0,0,-0.026011560693641633,0.013712674510194978,-0.023199108262505153,0.01663983315073314,-0.10064216120460578,-0.06396174398511045,-0.09469520707305723,-0.05777224261672176
20230310,20230309,0,1,0,1,-0.046487276269329025,-0.038472911259322506,-0.058686176836861725,3.0746140651801026,0.008405094982529393,-0.012793642144389938,1,1,0,0,-0.024385633270321394,0.023179179940602923,-0.025456596854946834,0.022056002915302964,-0.09702947585732302,-0.053006318982556255,-0.1066123622424533,-0.06305640656569489
20230313,20230310,0,1,0,1,-0.052027807118818825,-0.04352293821267572,-0.07239509292897384,3.3998337489609316,0.008971643862563328,-0.021485108912585815,1,1,0,0,-0.04567738286037526,0.006698956262781053,-0.03729702900092169,0.015539251286607492,-0.12115228249506338,-0.07291825213369807,-0.1106172839506172,-0.061805058494096565
20230314,20230313,0,1,0,1,-0.05558278600137245,-0.03006339673006342,-0.08932793862645161,3.481511914543961,0.02702130890145571,-0.03573119181320661,1,1,0,1,-0.029961918904030882,0.027128759109402267,-0.027568029633850966,0.029663538478833962,-0.09063302966596598,-0.03711309275716401,-0.05542784163473824,0.0001640634714588085
20230315,20230314,0,1,0,1,-0.051110626650194946,-0.023415435139573004,-0.08348909657320869,3.4191616766467066,0.029186955074490095,-0.03412249186510541,1,1,0,0,-0.0160738310477494,0.036924004616847084,-0.02205727890203768,0.03061826653784938,-0.07632071061243573,-0.02656799061121662,-0.051481667503766926,-0.0003910264610320624
20230316,20230315,0,1,0,1,-0.0566110895696007,-0.025493072534637284,-0.09817671809256656,3.863716814159292,0.03298535385662582,-0.04405990791645242,1,1,0,0,-0.044881305637982205,0.012433667389907033,-0.025658903918560738,0.03280957122648265,-0.09117373078714486,-0.03663668380601992,-0.06736893679568834,-0.011403406492429324
20230317,20230316,0,1,0,1,-0.04316633653799706,-0.007408605629246279,-0.09503239740820746,3.5582655826558263,0.03737089556336515,-0.05420593239011828,1,1,0,0,-0.01161340967861113,0.032976397115065614,-0.0029842459573877766,0.04199485460745911,-0.0909830350917964,-0.04997388823130411,-0.09208699676075882,-0.05112765373007233
20230320,20230317,0,1,0,1,-0.044797687861271585,0.006791955159907603,-0.11095534787123573,3.7910958904109595,0.054009127035788085,-0.06926036418592318,1,1,0,0,0.006958579881656712,0.054183566230115554,0.013207147397415131,0.060725183054479936,-0.0975580983838622,-0.055234801938929934,-0.07948595906711098,-0.036315103894766776
20230321,20230320,0,1,0,1,-0.03319746599224083,0.01597157657059367,-0.10190027442655214,3.5501285347043705,0.05085737866140083,-0.07106188287437809,1,1,0,0,0.03370840546258891,0.06920324378700138,0.02653411529108851,0.06178260728767393,-0.11543778801843319,-0.08506423921467754,-0.08695652173913049,-0.05560500087234799
20230322,20230321,0,1,0,1,-0.0004510260843417768,0.055470530218004965,-0.05751480552739685,2.85214626391097,0.05594678976386547,-0.057089528309465454,1,1,0,1,0.07041868555100028,0.07090169014702208,0.06000000000000005,0.06047830337670135,-0.08155128669807898,-0.0811368554519476,0.02620198422793174,0.026665036939473197
20230323,20230322,0,1,0,1,-0.016133888693732112,0.04033984706881899,-0.08672980738533576,3.1358428805237315,0.05739981803781369,-0.07175358301331702,1,1,0,0,0.06489064216518536,0.08235320835610649,0.05099046221570047,0.06822508686706619,-0.12555303120889638,-0.11121344790490817,-0.04668487707971203,-0.031051977535254016
20230324,20230323,0,1,0,1,-0.018694154644836036,0.04356175459874678,-0.10053888419273038,3.401187446988974,0.0634419019699719,-0.08340389485632005,1,1,0,0,0.05641905774855571,0.0765441403910172,0.050663972286374204,0.07067941891868323,-0.11680843416796449,-0.0999833843725022,-0.04689863842662634,-0.028741787196408963
20230327,20230324,0,1,0,1,-0.0015893839245169072,0.06523899263320176,-0.08383552877179878,3.060408163265306,0.06693476159178413,-0.08237707364388036,1,1,0,0,0.05702963473466571,0.05871233510076235,0.07252553457270916,0.07423290308005193,-0.08935804590646867,-0.08790838215137353,-0.018470343392299693,-0.016907832504964748
20230328,20230327,0,1,0,1,-0.003117692907248615,0.05041845274545831,-0.07689854918424832,3.072156196943973,0.053703576913544104,-0.07401160172274468,1,1,0,0,0.03912543153049497,0.04237523741487492,0.05854407250402005,0.061854609087300894,-0.08742237915499806,-0.08456834437518557,-0.027305512622359696,-0.024263465750185675
20230329,20230328,0,1,0,1,-0.001665573108564966,0.04619157923422801,-0.07827611860984174,3.041594454072791,0.047936994912424646,-0.0767383588481696,1,1,0,0,0.02781641168289295,0.029531171115933175,0.05588924699677689,0.05765084179712554,-0.10138805069402523,-0.09988884976747847,-0.061332660272589545,-0.05976663286050643
20230330,20230329,0,1,0,1,0.016745199371738462,0.07390109890109908,-0.06899479885362492,2.872103004291845,0.05621457525905038,-0.08432791055059141,1,1,0,0,0.060569839488705535,0.04310287390001655,0.08596517119244385,0.06807995932852928,-0.08158844765342965,-0.09671414931285627,-0.00284237726098191,-0.019264980690170574
20230331,20230330,0,1,0,1,0.014806063195998087,0.07516773951840872,-0.07248371896013128,3.020499108734403,0.05948099692300768,-0.08601622055865688,1,1,0,0,0.0694787280383331,0.05387498835999316,0.08521029229535682,0.06937702843204319,-0.09403057510313029,-0.10724870716318113,-0.01786625829504862,-0.03219563094464517
20230403,20230331,0,1,0,1,0.012865236646131706,0.07090896956753867,-0.06840731070496076,3.120183486238532,0.05730647160288105,-0.08024023770448252,1,1,0,0,0.05977263519149667,0.04631158899350507,0.07756529185100614,0.06387824644778384,-0.08828807273597328,-0.0998684777819514,-0.002965892239248591,-0.015630044662013898
20230404,20230403,0,1,0,1,0.016020965708210655,0.06709552696486898,-0.05416004239533656,3.0999066293183937,0.05026920012527203,-0.06907436999061123,1,1,0,0,0.06298377179233672,0.04622228051307098,0.0707336126695548,0.05384991925162397,-0.06218814652549587,-0.07697588423206547,-0.001009591115598174,-0.01676201318536552
20230406,20230405,1,1,0,0,0.021758748621277357,0.06077496474380517,-0.06950696677384782,0.028106852497096435,0.03818535067614981,-0.08932217660800623,0,1,0,0,0.009163204747774545,-0.012327316884243822,0.05719991441409311,0.03468643242902347,-0.07201772744060086,-0.09177946965310235,-0.024158314058082664,-0.044939241030545474
20230407,20230406,1,1,0,0,0.0450250280927571,0.08675596255039975,-0.04145306212446953,-0.08482424752683648,0.039932952164604574,-0.08275217137627333,0,1,0,0,0.024316992830846873,-0.019815827090480354,0.07865412445730824,0.032180182732969076,-0.02362504763114437,-0.0656922790157406,0.034325556449450234,-0.010238483630228612
20230410,20230406,1,1,0,0,0.0450250280927571,0.08675596255039975,-0.04145306212446953,-0.08482424752683648,0.039932952164604574,-0.08275217137627333,0,1,0,0,0.024316992830846873,-0.019815827090480354,0.07865412445730824,0.032180182732969076,-0.02362504763114437,-0.0656922790157406,0.034325556449450234,-0.010238483630228612
20230411,20230410,1,1,0,0,0.061413282889792864,0.10161150580488654,-0.0024406856623907514,-0.1864726997921783,0.03787235713279413,-0.06015938332553705,1,1,0,1,0.06295381575697712,0.001451397765618534,0.09737055314134202,0.03387678563212626,0.006476341527888119,-0.051758294575261043,0.06968350916157684,0.007791711678289515
20230412,20230411,1,1,0,0,0.06321361843471052,0.08648388317451583,0.022099128728867212,-0.2181884855152182,0.02188672561781546,-0.03867001794650926,0,1,0,0,0.057058910671077934,-0.005788778150428109,0.08116621492930931,0.016885220602261608,-0.012586694066272885,-0.07129358690173515,0.04840454299621433,-0.013928598337837661
20230413,20230412,1,1,0,0,0.04166134837770907,0.052695295423210275,-0.0038522547020167774,-0.16957026713124268,0.010592643245029176,-0.04369328203509626,0,1,0,0,0.008252170992659291,-0.0320729740400576,0.05076614635543475,0.008740650684510243,-0.03770719979754533,-0.0761941952620816,-0.003177124702144707,-0.043045153926163815
20230414,20230413,1,1,0,0,0.062140361693382884,0.06770815910079286,0.026265768100915743,-0.24781659388646282,0.0052420542596962605,-0.033775755904117855,0,1,0,0,0.02854368932038831,-0.03163110412208692,0.06970087304994976,0.00711818477975279,0.01768097373478561,-0.041858298170418085,0.02863146834778041,-0.03154846059345562
20230417,20230414,1,0,0,0,0.041276413117568245,0.038329911019849394,0.0030117058756677917,-0.19520412207689264,-0.002829702143062107,-0.03674788630555492,0,0,0,0,-0.011656427386764312,-0.05083457172130923,0.034734790477516375,-0.006282311360982784,-0.0005113127956027919,-0.040131251785545774,-0.011467889908256979,-0.050653507907578055
20230418,20230417,1,0,0,0,0.061411831072591516,0.044144616190725516,0.0440927407580447,-0.2941386704789135,-0.016268157539205963,-0.01631703153058439,0,0,1,0,-0.005500188040616694,-0.06304058156728065,0.03994144709326641,-0.020228137044250416,0.06967320261437915,0.007783379928447909,0.007497414684591419,-0.05079500228814837
20230419,20230418,1,0,0,0,0.051988621933255263,0.042128313233323444,0.026347650619775287,-0.26101694915254237,-0.0093730183904569,-0.02437381049460341,0,0,1,0,-0.011652788761222443,-0.060496291849167605,0.042639169511600405,-0.008887408311007428,0.05926022401667086,0.006912244041245019,0.017530088958660484,-0.03275561375489966
20230420,20230419,1,0,0,0,0.03817903787821808,0.026970419539859458,0.009057458250778305,-0.19335534461411463,-0.010796421358368113,-0.028050633431163208,0,0,1,0,-0.02439703799995363,-0.06027484046110365,0.031308314327182174,-0.006618052667560881,0.08326756116811374,0.04343039268260074,-0.036688150718889534,-0.07211394746528277
20230421,20230420,1,0,0,0,0.05041952513325332,0.03318959885012407,0.03315078070379873,-0.2095370003957261,-0.016402899861313602,-0.016439854759234374,0,0,1,0,-0.015521324236242973,-0.06277572702309708,0.03483420593368236,-0.014837232959463376,0.1024203473266787,0.04950481302870746,-0.026048450117218014,-0.0727975569958782
20230424,20230421,1,0,0,0,0.04840145484141711,0.02214689265536718,0.04293685756240828,-0.24455579109655035,-0.025042470195752675,-0.005212313712246286,0,0,1,0,-0.04626684666956493,-0.09029775862463096,0.014974584420936798,-0.03188365512668678,0.115979381443299,0.06445806259597742,-0.004497354497354333,-0.0504566348076777
20230425,20230424,1,0,0,0,0.042653190145293784,0.01627585319566416,0.032888992374410675,-0.2161238439887414,-0.025298284414162597,-0.009364760845859355,0,0,1,0,-0.03378740249155898,-0.07331353642739113,0.00787887092354067,-0.033351760250124096,0.09475670575549278,0.049972048330795715,-0.01616750596342431,-0.05641444026131193
20230426,20230425,1,0,0,0,0.024187243057832486,0.003983676642052236,-0.0036845135290730635,-0.11840733791953306,-0.019726438258945822,-0.027213536173025354,0,0,1,0,-0.05515892650974297,-0.07747232755084699,-0.005937996271490831,-0.029413800585311733,0.06751167444963313,0.04230128004958389,-0.048993644067796605,-0.07145264464253509
20230427,20230426,1,0,0,0,0.022143579373104183,0.01546626725709821,-0.011876621504756435,-0.11620926243567753,-0.0065326557352159975,-0.033283191876747664,0,0,1,0,-0.042945659141086945,-0.063679154110728,0.013596947624002764,-0.008361478682224921,0.06581598388179977,0.04272629148194662,-0.052971228824952865,-0.07348753121760654
20230428,20230427,1,0,0,0,0.027556995141397866,0.02439882322844711,-0.009919051419450375,-0.12591443138993574,-0.0030734761457354987,-0.03647101497828964,0,0,1,0,-0.06884099638889529,-0.09381279285343003,0.013861520690358287,-0.013328189595123163,0.032494758909853205,0.004805342955965131,-0.07488986784140972,-0.09969944583824297
20230504,20230503,0,0,0,0,-0.001590525362762163,-0.005578713135048652,-0.017222697462218273,-0.10230579807477058,-0.003994541191363887,-0.015657075074468785,0,0,1,0,-0.0565174175354245,-0.05501439396157526,-0.011271175136721379,-0.009696071621792757,0.10109831943893077,0.10285243420692103,-0.11709423418846832,-0.11568771306750003
20230505,20230504,0,1,0,0,-0.006059862610402367,0.0007913395796403933,-0.018602776017969225,-0.049706281066425606,0.006892972657323471,-0.012619385147790263,0,1,1,0,-0.0452588741737433,-0.03943800042756096,-0.004654928152195925,0.0014135000744575077,0.11408861767046985,0.12088100254852407,-0.058730576771135024,-0.05299183741493996
20230508,20230505,1,1,0,0,0.008406852562379274,0.0152177330608394,0.0032204267065385483,-0.10878564857405693,0.006754099777439571,-0.005143187834019458,0,1,1,0,-0.018963397332829035,-0.027142070510191463,0.014556919567988214,0.006098795332441176,0.11070638740731087,0.10144668750017583,-0.030593725693544238,-0.038675439537942835
20230509,20230508,1,1,0,0,0.0076414150045165385,0.018309371755749204,-0.009672830725462211,-0.11495587552252673,0.010587056657635374,-0.01718294372596929,0,1,1,0,-0.031924533562582846,-0.039265901518073076,0.014564735888314528,0.006870818111190058,0.11621799080761641,0.10775318896813446,-0.01842719958473915,-0.025870924121493055
20230510,20230509,1,1,0,0,0.002953236356536104,0.018395972516860315,-0.020379360957434756,-0.08466228893058159,0.015397264399308996,-0.023263893537780356,0,1,1,0,-0.043374675916193706,-0.04619149786188115,0.01632901958127242,0.013336397690212332,0.1174557752341312,0.11416538152222566,-0.013412432293010146,-0.016317479276499847
20230511,20230510,1,1,0,0,0.011763264305844956,0.03865320725785826,-0.008132393084622436,-0.11794871794871786,0.026577307064476363,-0.019664340555117454,0,1,1,1,-0.015631691648822277,-0.027076448534096964,0.03461669505962539,0.022587725370183165,0.14766600920447082,0.1343226718078825,0.030278884462151323,0.018300348322104698
20230512,20230511,0,1,0,0,-0.003240863907901459,0.02202587962527791,-0.028624347533254713,-0.09361393323657485,0.025348895854860443,-0.025466015515916873,0,1,1,0,-0.0300641872758165,-0.026910536755227255,0.01117206315226138,0.014459789269321455,0.08284023668639051,0.08636098479295828,-0.00766087844739527,-0.004434385780322958
20230515,20230512,0,1,0,0,-0.0021092954468312497,0.02027811783909339,-0.02147187128208028,-0.07633587786259544,0.022434734769825493,-0.019403503556954416,0,1,1,0,-0.029449302765303775,-0.027397797367713528,0.015472586612848893,0.017619045832832914,0.09259496099245434,0.09490443793811254,-0.028615622583139988,-0.026562354990747772
20230516,20230515,0,1,0,0,-0.0022467024206407338,0.024934136243884186,-0.022094193981429644,-0.07594936708860756,0.027242043429441143,-0.01989218337733467,0,1,1,0,-0.0030961947530134815,-0.0008514051864662031,0.020175614987599566,0.022472807118391946,0.06990101429793483,0.07231017616640556,-0.010264305876315105,-0.008035657186125977
20230517,20230516,0,1,0,0,-0.009560367929311142,0.02603023270400806,-0.03224356813841145,-0.041539245667686076,0.035934144273801705,-0.022902153220259458,1,1,1,0,-0.009248582119407933,0.0003147953694575545,0.01810892081523563,0.02793637072730948,0.04549366777326935,0.05558545308559637,-0.032656209822576554,-0.023318777990516737
20230518,20230517,1,1,0,0,0.00263196020669354,0.03893821969815825,-0.011949509116409462,-0.06983883346124342,0.036210953702273896,-0.014543192219901968,1,1,1,0,0.026458551441895795,0.02376404521384945,0.03464683018362136,0.03193082930483104,0.041165755919854385,0.03843264252739087,-0.0072053525476067914,-0.009811489304881293
20230519,20230518,1,1,0,0,0.017845003399048265,0.06636524598457072,-0.0007894885242204497,-0.12640801001251578,0.0476695787899839,-0.018307789359912063,1,1,1,1,0.05987282383481385,0.0412909827089738,0.06280356179168911,0.04417033855106012,0.05097990573058797,0.032553976510065086,0.04626905589729868,0.02792571796622223
20230522,20230519,1,1,0,0,0.015574963609898074,0.06285335270522086,-0.008166253660734313,-0.08750000000000002,0.04655332278699542,-0.023377119485344044,1,1,1,1,0.06221059955375363,0.0459204269649256,0.06578234975636166,0.04943740043374012,0.037680807098577906,0.021766825966350822,0.028434759500398643,0.012662576718896146
20230523,20230522,1,1,0,0,0.014928628553425582,0.06865010286437734,0.004621280432822283,-0.08155937419851245,0.05293128285042137,-0.01015573689678495,1,1,1,1,0.07068491830144108,0.054936168100297555,0.07253075929576491,0.056754858540584596,0.0769514897808421,0.061110564312110593,0.09321120689655182,0.0771311165541777
20230524,20230523,1,1,1,0,0.01972517730496448,0.07538952869447413,0.02519357448283821,-0.1371482620004728,0.05458760127569362,0.005362618575650124,1,1,1,1,0.094214463840399,0.07304839401171037,0.07973883447940544,0.0588527757381172,0.09348831396075474,0.07233629050009238,0.1055416318574216,0.08415645358415258
20230525,20230524,1,1,1,0,0.016643584924324717,0.06342386250681376,0.02421378143415609,-0.07908782144589999,0.046014432467963884,0.007446263982863632,1,1,1,1,0.06893386912735044,0.05143423415878634,0.05612209978783089,0.03883220771657636,0.08115942028985512,0.06345963946679789,0.12038614423622951,0.10204417836328261
20230526,20230525,1,1,0,0,0.005431488082248137,0.0604651162790697,0.0028212805158911447,-0.059852903880294184,0.054736328481010954,-0.0025961068429789513,1,1,1,1,0.1353374172512598,0.12920415832290377,0.07385563970243259,0.06805451433662202,0.06027918781725883,0.0545514044319686,0.07507002801120444,0.06926234234197715
20230529,20230526,1,1,0,0,0.009833385425431995,0.08010912698412698,0.005422374429223886,-0.05837295298468037,0.06959142228110071,-0.004368058196402291,1,1,1,1,0.18811568884359686,0.1765462560371347,0.0924882317841278,0.0818499839197473,0.05124688279301748,0.04101022798938092,0.08853006681514475,0.07793036210281201
20230530,20230526,1,1,0,0,0.009833385425431995,0.08010912698412698,0.005422374429223886,-0.05837295298468037,0.06959142228110071,-0.004368058196402291,1,1,1,1,0.18811568884359686,0.1765462560371347,0.0924882317841278,0.0818499839197473,0.05124688279301748,0.04101022798938092,0.08853006681514475,0.07793036210281201
20230531,20230530,1,1,0,0,0.011239200019253381,0.08625345293150022,0.0011409013120364797,-0.06740064446831373,0.07418052317475277,-0.009986063343890073,1,1,1,1,0.17647341717363596,0.16339775707986437,0.09766763848396498,0.08546784822331466,0.013037650785914456,0.0017784622734431377,0.11387800783435931,0.10149805091925979
20230601,20230531,1,1,0,0,0.01706260344659727,0.08957981088358702,0.01205591147350038,-0.11391103111339673,0.0713006330104411,-0.00492269793042277,1,1,1,1,0.15451683216275125,0.13514824775815404,0.09878937863688053,0.08035569778431495,0.052552364229273785,0.0348943719515491,0.16017191977077383,0.14070846360805223
20230602,20230601,1,1,0,0,0.03382187147688831,0.10942670742853533,0.01926536296640169,-0.1897755610972568,0.07313139529892121,-0.01408028685801721,1,1,0,1,0.18801450411603282,0.14914816265094988,0.11939291736930846,0.0827715569319265,0.02247326042542963,-0.010977336971258245,0.18268124280782505,0.14398938099295622
20230605,20230602,1,1,1,0,0.0562535482437736,0.12170667678780389,0.0681924882629108,-0.25867807893485506,0.06196725081099963,0.011303100509331365,1,1,0,1,0.19190873925148444,0.1284305186318795,0.13121865256879506,0.07097264141707771,0.029173612764944012,-0.025637722612960934,0.16452154448796863,0.10250190063191877
20230606,20230605,1,1,0,0,0.0350677362285825,0.09913592864443,0.02940670679277746,-0.21006451612903232,0.061897584257904814,-0.005469235720197307,1,1,0,1,0.1479151602795854,0.10902419242839012,0.0971965088600899,0.06002387134380438,0.015577418599203474,-0.018829992421940167,0.12489970580369092,0.08678849357475293
20230607,20230606,1,1,1,0,0.037045113146290554,0.09623405109827288,0.05894857799482911,-0.24481763316714766,0.05707460283228105,0.02112103376302077,1,1,0,1,0.15689427577103077,0.1155679353824155,0.09751256946282094,0.058307450225649315,0.036705882352941144,-0.00032711286042330645,0.12850343733474356,0.08819126866234162
20230608,20230607,1,1,1,0,0.038011340130922555,0.08450441487377192,0.07900651184233287,-0.2592877273891878,0.04479052679423079,0.03949395360771257,1,1,0,1,0.1736009375915617,0.1306243893670156,0.08946666666666658,0.0495710639628022,0.026772203468746314,-0.010827566354678408,0.10457516339869288,0.06412629678918025
20230609,20230608,1,1,1,0,0.03943320818699281,0.08614750568985663,0.06954876440571067,-0.25449260042283306,0.04494208683629042,0.028973055682188997,1,1,0,1,0.1736639837575229,0.12913843286252025,0.08799315023381404,0.046717712753781226,0.009624197983501448,-0.02867813917114015,0.100283578241815,0.05854187606816885
20230612,20230609,1,1,1,0,0.04311746293645213,0.08675659104843647,0.06910498642167906,-0.24312783560181472,0.04183529627539473,0.02491332415437686,1,1,0,1,0.18451656853681087,0.13555434610624761,0.0983129341713529,0.05291395571072277,0.01918381583536788,-0.0229443451494995,0.09392691713844559,0.048709235543772156
20230613,20230612,1,1,1,0,0.053961466507932654,0.10909762175799176,0.07572950440018533,-0.2404692082111437,0.05231325527748232,0.020653542452909734,1,1,0,1,0.2237969998051823,0.16114017323608798,0.12368333885392535,0.06615220248706088,0.03722345780170899,-0.015881044267853084,0.14861995753715496,0.08981209848482608
20230614,20230613,1,1,1,0,0.057262536016077226,0.11160072217632111,0.07492993193387854,-0.22136986301369854,0.05139516847442471,0.01671050975131938,1,1,0,1,0.2074017876194314,0.14200753974419777,0.12122207621550607,0.0604954190852518,0.030611079383209727,-0.02520798356602527,0.14830178895514656,0.08610846392242255
20230615,20230614,1,1,1,0,0.06564290067032297,0.11841300892529638,0.07911539354539121,-0.26695027918106884,0.049519504349702315,0.01264259618920538,1,1,0,1,0.22684085510688834,0.1512682666352554,0.1315962194801783,0.06189063781907489,0.04539574267905455,-0.01899994639717717,0.17145135566188197,0.09929072386725624
20230616,20230615,1,1,0,0,0.06591527587120383,0.11820488040589505,0.06427435839200535,-0.22167216721672167,0.04905606075675517,-0.0015394445659457912,1,1,0,1,0.18736671302735286,0.11394098565374522,0.13109657361228066,0.0611505428400978,0.04023792862141362,-0.024089482373543802,0.15448418869880776,0.08309188810078139
20230619,20230616,1,1,1,0,0.048255134413090595,0.0909063954695053,0.04938201930131503,-0.2177650429799426,0.04068786276949132,0.001075010129910181,1,1,0,1,0.1403725591533156,0.08787691251500584,0.09927007299270074,0.04866652869596755,0.03469845391242776,-0.01293261540593671,0.13266871165644178,0.08052770215202787
20230620,20230616,1,1,1,0,0.048255134413090595,0.0909063954695053,0.04938201930131503,-0.2177650429799426,0.04068786276949132,0.001075010129910181,1,1,0,1,0.1403725591533156,0.08787691251500584,0.09927007299270074,0.04866652869596755,0.03469845391242776,-0.01293261540593671,0.13266871165644178,0.08052770215202787
20230621,20230620,1,1,1,0,0.04433615211886677,0.09030935187661582,0.05121798875702677,-0.23539278725188706,0.04402145771212984,0.0065896757707730735,1,1,0,1,0.13698784839860867,0.08871826958375406,0.09004318008636014,0.043766585954874815,0.026590137050485962,-0.01699262735698226,0.14366925064599467,0.09511602018716836
20230626,20230623,1,1,0,0,0.053808168527573086,0.09314035881200078,0.028654437734989102,-0.3024236037934668,0.03732386164683499,-0.02386936403020079,1,1,0,1,0.12482305710904318,0.06738881961856036,0.0929298166029422,0.037124069867508824,-0.007809768038232967,-0.05847168242385259,0.06791687785098843,0.013388308939689342
20230627,20230626,1,1,0,0,0.040491981188954584,0.0528670669963498,0.03777918125968882,-0.2870245481521446,0.01189349464592171,-0.0026072280981597196,1,1,0,1,0.05800317646802866,0.016829726317606486,0.04499781564001748,0.004330484552042657,-0.004548174745661271,-0.04328736477444928,0.09171443460135476,0.04922907080347616
20230628,20230627,1,1,1,0,0.03845054997381081,0.044288174512055134,0.04093102469486243,-0.2771388499298738,0.005621475705695822,0.002388630562248917,0,0,0,1,0.02779422876631199,-0.01026175122904771,0.03616943803859707,-0.0021966495518457307,-0.01648677499703477,-0.052903169026422336,0.107928388746803,0.0669052934439145
20230629,20230628,1,1,1,0,0.038578704364796046,0.04160237727870175,0.049914529914529826,-0.28505614742297725,0.002911356550252986,0.010914748686924991,0,0,0,1,0.020725176797612654,-0.017190346280114288,0.03126886393818662,-0.007038311488468452,0.010103439980755358,-0.02741753154033355,0.10977141421753323,0.0685482087717939
20230630,20230629,1,0,1,0,0.048486298911092574,0.04546107646771458,0.07256718651090521,-0.26378409750435283,-0.002885323772489623,0.02296728877127152,0,0,0,1,0.04791273337528845,-0.0005470415172803555,0.04175797419040661,-0.006417179440183163,-0.015490943755958053,-0.06101867304655684,0.08150160533465045,0.031488543491551724
20230703,20230630,1,0,1,0,0.05087478071215212,0.04945882219255138,0.06615428408767432,-0.23053247152970147,-0.0013474093636931528,0.014539794517828053,0,0,0,1,0.04611260053619315,-0.00453163427590475,0.04766495932509818,-0.0030544280307865934,-0.022096850023507253,-0.06943893989558714,0.073704694721479,0.021724675887507372
20230704,20230703,1,1,0,0,0.037086371284352326,0.04409981672071073,0.030930666959674724,-0.20654265554842854,0.00676264352762912,-0.005935575372622126,1,1,0,1,0.05790061187365625,0.02006992008151376,0.03948472139005399,0.00231258472978646,-0.04037949785953965,-0.07469567751426165,0.08409418548774639,0.04532680739520134
20230705,20230703,1,1,0,0,0.037086371284352326,0.04409981672071073,0.030930666959674724,-0.20654265554842854,0.00676264352762912,-0.005935575372622126,1,1,0,1,0.05790061187365625,0.02006992008151376,0.03948472139005399,0.00231258472978646,-0.04037949785953965,-0.07469567751426165,0.08409418548774639,0.04532680739520134
20230706,20230705,1,1,0,0,0.037532193865605246,0.04333615102845867,0.034525002784274283,-0.18098660568441682,0.005594001995474773,-0.0028984074895321843,1,1,0,1,0.05079051798349665,0.012778711057142234,0.039050259129805864,0.001463150033489402,-0.042670972206204416,-0.07730185776018306,0.0689491203043271,0.030280435271766937
20230707,20230706,1,1,0,0,0.02717099268742862,0.03556532521699918,-0.008301231620639116,-0.07887421820708829,0.008172283475031072,-0.03453390385885047,0,1,0,0,0.025164930915729578,-0.0019529969070196662,0.03652802893309226,0.009109521503505968,-0.07262823422605547,-0.09715931195873762,0.013120899718837897,-0.013678436276545303
20230710,20230707,1,1,0,0,0.028132692533114456,0.049939797029986854,-0.013512070070497817,-0.10653753026634394,0.021210398867041125,-0.040505241109499046,1,1,0,1,0.028502475762493207,0.0003596648876786901,0.04766858401664442,0.019001332829323037,-0.07289422967917458,-0.09826253259526152,0.03502958579881654,0.006708174261738087
20230711,20230710,1,1,0,0,0.02453801878218731,0.03740620133087935,0.007129838104428021,-0.09039347749025173,0.012559985391257467,-0.01699124908849292,1,1,0,1,0.039272622430907456,0.014381705098883923,0.03916701979538706,0.014278631680831655,-0.0441443486155243,-0.06703740235950495,0.06302717900656041,0.037567332318348745
20230712,20230711,1,1,0,0,0.029216096766689903,0.03856135401974625,0.025779603307571897,-0.10190409026798308,0.009079975801403073,-0.003338942589329874,1,1,0,1,0.036581358090621574,0.0071561855154322895,0.036262875730377786,0.0068467438333168484,-0.0436915354779831,-0.0708380217465644,0.106798400376382,0.07537999439905674
20230713,20230712,1,1,1,0,0.028169663439372883,0.03420344531054953,0.03266953713670606,-0.15514215514215512,0.005868469072499938,0.0043765867223513055,0,0,0,1,0.022943447287778085,-0.005083028937181822,0.025704515976889386,-0.002397607661596579,-0.04322311251551747,-0.06943676563658896,0.09704251386321627,0.0669858807090784
20230714,20230713,1,1,0,0,0.029542435762377917,0.043742773770852894,0.02921300484222833,-0.14813511611541175,0.01379286323245088,-0.00031997799090777157,1,1,0,1,0.030278634123353187,0.0007150733523966224,0.03281570465865813,0.0031793433496078993,-0.06150947578410726,-0.08843920209958245,0.12056897719575543,0.08841455997486092
20230717,20230714,1,1,1,0,0.0276773868886957,0.03599344083082823,0.03022968102845458,-0.1323902792890823,0.008092086143210109,0.0024835558048874606,0,0,0,1,0.0031558567279768024,-0.02386111679946379,0.02076445681805006,-0.006726751175847645,-0.05028687141410726,-0.07586452645303454,0.10211027910142945,0.07242826704407723
20230718,20230717,1,1,1,0,0.018617261635788473,0.03335493977205206,0.03275714895433213,-0.15653710247349817,0.014468317680574883,0.013881452682076745,1,1,0,1,0.035726138648653816,0.016796178169404374,0.02067227853175302,0.0020174573643729765,-0.03845722614642888,-0.05603133770829871,0.11540188594521772,0.09501569230625839
20230719,20230718,1,1,1,0,0.033518408956446644,0.048405946783355525,0.05394213187049579,-0.13992673992673998,0.014404714708411426,0.01976135377663124,1,1,0,1,0.047310344827586226,0.013344644615537637,0.040822218372885244,0.0070669369342084565,-0.023839397741530766,-0.05549761494417127,0.12525389302640488,0.08876037743980247
20230720,20230719,1,1,1,0,0.04121871997804094,0.05110384300899429,0.06303678496191867,-0.1261425959780622,0.009493800717645273,0.02095435336039464,1,1,0,1,0.04332624803830054,0.002024097358049648,0.0474775719445415,0.00601108282670193,-0.021451392058420726,-0.06018919064169681,0.14437415273384557,0.09907181918317787
20230721,20230720,1,1,1,0,0.03963765117027629,0.04106106659298159,0.05619924201407711,-0.10451661067562523,0.0013691457029310072,0.01593015684374066,0,1,0,1,0.030501710376282798,-0.00878762017103707,0.041982024597918555,0.0022549908855293843,-0.032469022487379484,-0.0693575050658164,0.1195499296765119,0.07686551022491495
20230724,20230721,1,0,1,0,0.035898375753132816,0.025834994674604594,0.060710194730813294,-0.09369024856596553,-0.009714641237092203,0.023951981737244665,0,0,0,1,0.03498105024219211,-0.000885536199700776,0.03302052785923748,-0.0027781179710827386,-0.018708857835777803,-0.05271485588459324,0.12327161940473386,0.08434538145508497
20230725,20230724,1,0,1,0,0.04845225179474166,0.03776135047167206,0.07958132580162824,-0.12009063444108758,-0.010196841396228451,0.02969050231290926,1,0,0,1,0.05349480112229732,0.004809517380427897,0.046190335013341244,-0.002157386545289519,-0.019971804511278224,-0.06526196704608289,0.12505932605600378,0.07306682219445482
20230726,20230725,1,1,1,0,0.05562766549230491,0.058991277119212704,0.07839557399723374,-0.11880438895194856,0.0031863617607437167,0.02156812411155462,1,1,0,1,0.06775792222747734,0.011491037163672058,0.06581462016244632,0.009650139914996192,-0.00012023566189733881,-0.05281019338215576,0.1281622911694511,0.06871231973947833
20230727,20230726,1,0,1,0,0.044340509434394715,0.03762746337575251,0.07144415357766132,-0.12029491656965452,-0.006428024191341697,0.025952880213318208,0,0,0,1,0.01746542680019081,-0.02573402294694016,0.0311584865877943,-0.01262234178174293,0.001567776169802082,-0.04095669264783952,0.11449676823638044,0.06717757107782951
20230728,20230727,1,0,1,0,0.03689360434473765,0.033137652932462736,0.05242591989579948,-0.04148207813129268,-0.0036223112926310197,0.01497966183413535,1,0,0,1,0.04465358430116151,0.007483872910304834,0.027569655818309613,-0.00899219407599694,-0.026315789473684292,-0.06096034689920471,0.06088727931190574,0.023139958493939128
20230731,20230728,1,1,1,0,0.04293442286183846,0.054066683158791706,0.05392209464534825,-0.09735908553409545,0.010673979161993863,0.010535342915769741,1,0,0,1,0.06716178884573809,0.02322999936795589,0.039733551478321916,-0.003069101290887555,0.014403292181069949,-0.027356591225053628,0.1290248915277461,0.08254638717329255
20230801,20230731,1,1,1,0,0.032733261144197945,0.038601050295057115,0.061088268275751645,-0.09599999999999997,0.005681805139458707,0.027456273752757943,1,0,0,1,0.05527737255056575,0.02182955875885173,0.02582537673990548,-0.006688933787838858,0.01310096153846163,-0.019010039033685366,0.14295423652016326,0.1067274382678911
20230802,20230801,1,1,1,0,0.02859460555668214,0.03375732533959863,0.054090061284305824,-0.07235246564268383,0.005019197801569675,0.02478669010112644,1,1,0,1,0.04664204623170565,0.017545727517456644,0.029742348262147722,0.001115835820317379,0.004340487099107726,-0.023579861615595332,0.09596631205673778,0.06549879431225825
20230803,20230802,1,0,1,0,0.01579671879583877,0.011099708328832225,0.05022069114005823,-0.001994415636218605,-0.004623966961199044,0.03388864298068106,1,0,0,1,0.029333013627462767,0.013325791057555714,0.010497622085605007,-0.00521669012331083,-0.011444404288639909,-0.026817494662486396,0.03847864768683262,0.022329200785253578
20230804,20230803,1,0,1,0,0.020879770731929037,0.017226364774397318,0.06444906444906451,-0.059222934741607,-0.0035786838590330383,0.042678183040004924,1,0,0,1,0.03980572700596996,0.018538868940924935,0.009071877180739651,-0.011566389980206426,-0.005506607929515406,-0.02584670537895617,0.06822386679000925,0.04637578039589951
20230807,20230804,1,0,1,0,0.018834796488427674,0.01583660987330715,0.051215418764549714,0.0,-0.002942760323316751,0.031782014501003264,1,0,0,1,0.03772554413787521,0.018541521858653986,-0.0002920390164126152,-0.01877324525110846,-0.00684764000978233,-0.025207655438083454,0.03773153441573296,0.01854740139661093
20230808,20230807,1,0,1,0,0.02513305736250726,0.02410197619827481,0.03422579443232032,-0.04598597038191732,-0.0010058022778869358,0.008869811586416754,1,0,0,0,0.027266422272862467,0.002081061472979817,-0.00011650937900509195,-0.02463052631087248,-0.06577229015790109,-0.08867663262590741,-0.004849019175666713,-0.029247009764091225
20230809,20230808,1,0,1,0,0.014215974325362701,0.010402803052937504,0.017281348788198203,-0.021986650961915877,-0.0037597231447293877,0.0030224079884704214,0,0,0,0,0.010878395783383121,-0.003290796661134854,-0.009940126722083442,-0.02381751190964465,-0.05368006680186088,-0.06694436179866603,-0.04548352816153034,-0.05886271168880386
20230810,20230809,0,0,0,0,-0.0006053540199990604,-0.013169894318974196,-0.001563558659509079,0.025758205234732046,-0.012572150901063117,-0.0009587850438906864,0,0,0,0,-0.02581360515104958,-0.025223520290456825,-0.033682032417519214,-0.03309671362616251,-0.065109695682944,-0.06454341327763702,-0.08824768323504628,-0.08769541598765074
20230811,20230810,0,0,0,0,-0.008119049737521089,-0.027851773704338667,-0.013959259642229327,0.02437009500206533,-0.0198942463423617,-0.005888014991277668,0,0,0,0,-0.049381539575749644,-0.04160024429071796,-0.046014184397163205,-0.03820532559841383,-0.055975436939064815,-0.04824811605554036,-0.13399153737658687,-0.1269028179296683
20230814,20230811,0,0,1,0,-0.008079594017094016,-0.033845991505526696,-0.002819401660314247,-0.003762541806020203,-0.02597627524650059,0.005303038756993006,0,0,0,0,-0.06067975218574484,-0.05302860779089291,-0.051650661969430134,-0.043925971972681666,-0.053897180762852326,-0.046190789572835955,-0.11982705373687463,-0.11265768810255361
20230815,20230814,0,0,0,0,-0.006055363321799234,-0.03204307258043437,-0.015084202913524192,-0.018852115626309174,-0.02614603298780005,-0.009083845577053218,0,0,0,0,-0.05617024484949007,-0.05042019412185428,-0.048698384201077194,-0.04290281299951726,-0.06681436567164178,-0.0611291616330879,-0.13607085346215775,-0.13080757754765404
20230816,20230815,0,0,0,0,-0.024879455734384326,-0.050085549852232014,-0.03995509516762774,0.054940374787052715,-0.025849208352830888,-0.015460282856205487,0,0,0,0,-0.07363925420029727,-0.05000386747326191,-0.06862309996671478,-0.04485972989654807,-0.06730544519747605,-0.04350845617250698,-0.1542318491776975,-0.13265272094203628
20230817,20230816,0,0,0,0,-0.03418277680140602,-0.0599248022818617,-0.05569105691056919,0.053138075313807764,-0.026653102535491358,-0.022269513933425245,0,0,0,0,-0.0806549885757808,-0.04811698389522212,-0.07519047883877428,-0.042459070984009806,-0.08955223880597019,-0.05732913088999558,-0.18578479763079958,-0.1569676095931669
20230818,20230817,0,0,0,0,-0.03514087310363123,-0.04825353009873656,-0.0585913471396351,0.09962484368486879,-0.013590229526339592,-0.024304557403562188,0,0,0,0,-0.055285516696305104,-0.02087832620444041,-0.06531608217001472,-0.031274212188308836,-0.087513340448239,-0.05427991080218375,-0.15745393634840865,-0.1267677942149107
20230821,20230818,0,0,0,0,-0.034676456278473156,-0.04658839815776161,-0.050447392780006206,0.08481012658227849,-0.012339843938090844,-0.016337461780671747,0,0,0,0,-0.058707188595374715,-0.024893966870690898,-0.06341906546301024,-0.02977510428651542,-0.08756031540543718,-0.05478355880877561,-0.15752138535364069,-0.1272577778446946
20230822,20230821,0,0,0,0,-0.032716864817261104,-0.0327725061797306,-0.054170514004309056,0.07424892703862662,-5.752334600450659e-05,-0.02217928588509399,1,0,0,0,-0.0316263585626162,0.0011273909520184144,-0.04721151666288814,-0.014984911158291592,-0.060297290817549754,-0.02851329150391735,-0.1330942839063488,-0.10377253095612426
20230823,20230822,0,0,0,0,-0.03796328824872652,-0.040656845662389696,-0.056895136466242446,0.07943323314727357,-0.002799848883895395,-0.01967892491654788,0,0,0,0,-0.05604344811647799,-0.018793627776260924,-0.05906085397287919,-0.021930104606660006,-0.05759980759980754,-0.020411403339624212,-0.13243071715675914,-0.09819524323148321
20230824,20230823,0,1,0,0,-0.027397861737393336,-0.02227696545878355,-0.05431131019036961,0.0719011910013232,0.005265150134007968,-0.02767159087379012,1,0,0,0,-0.023258538871638645,0.004255926141750965,-0.029024196296717153,-0.0016721478344978724,-0.0504515352197471,-0.02370308739351057,-0.13090306545153274,-0.10642090906671708
20230825,20230824,0,0,0,0,-0.03447590001988998,-0.04089002177260892,-0.05517739273927391,0.06302521008403361,-0.006643150339645687,-0.02144067944011996,0,0,0,0,-0.07297297297297312,-0.03987168518515094,-0.048647109085730667,-0.014677219414960918,-0.04830622477681301,-0.01432416317439189,-0.13654789844250048,-0.10571667597392254
20230828,20230825,0,0,0,0,-0.03709620940208347,-0.05074580160634201,-0.0632795397851652,0.05676855895196509,-0.0141754475759025,-0.02719205245502576,0,0,0,0,-0.08887805061059117,-0.05377675497191037,-0.051871417331684766,-0.015344428045533709,-0.06109056198544327,-0.024918743510668362,-0.1713187702265372,-0.13939353249519149
20230829,20230828,0,0,0,0,-0.032831647698726596,-0.04409924937447873,-0.06577424387298081,0.028761061946902533,-0.011650093439205533,-0.034060870680756694,0,0,0,0,-0.08115075658509241,-0.04995935689106834,-0.04631342865152788,-0.013939435591252325,-0.0635899869498161,-0.031802466631484894,-0.18572844400396438,-0.15808705479396257
20230830,20230829,0,0,0,0,-0.016035751840168255,-0.02095143551294454,-0.04838220424671391,-0.012200435729847414,-0.004995795001667469,-0.032873605384584614,0,0,0,0,-0.05761332238070349,-0.04225516386219508,-0.028827315980968438,-0.01300002938594813,-0.048139255702280837,-0.03262669748636826,-0.12416582406471188,-0.1098922775159401
20230831,20230830,1,1,0,0,0.001954990780441257,0.006597398434787349,-0.03162318692019894,-0.12110311750599523,0.004633349498793349,-0.03351266075783044,0,1,0,0,-0.015490934503241793,-0.017411885208629907,0.0033289330195718225,0.0013712614356664599,-0.02900316841335604,-0.03089775436886988,-0.06596701649175407,-0.06778947946483072
20230901,20230831,1,1,0,0,0.0033642277871848147,0.01123625565156905,-0.03058182565789469,-0.13793103448275867,0.007845633366604154,-0.03383223410300773,0,1,0,0,-0.006130551555019292,-0.009462943843577043,0.012332872291378472,0.00893857310816526,-0.025470653377629993,-0.02873819931612187,-0.05282528685862731,-0.056001114141504105
20230904,20230901,1,1,0,0,0.009802824466775606,0.014917750779485983,-0.01709841891126329,-0.17886178861788604,0.00506527233711318,-0.026640095201005187,0,1,0,0,-0.0019687725385469923,-0.011657322320858698,0.029446132273895698,0.0194526172151408,-0.0011081014528441235,-0.010805006339115075,-0.038783605112384434,-0.048114768944933384
20230905,20230901,1,1,0,0,0.009802824466775606,0.014917750779485983,-0.01709841891126329,-0.17886178861788604,0.00506527233711318,-0.026640095201005187,0,1,0,0,-0.0019687725385469923,-0.011657322320858698,0.029446132273895698,0.0194526172151408,-0.0011081014528441235,-0.010805006339115075,-0.038783605112384434,-0.048114768944933384
20230906,20230905,0,1,0,0,-0.003261520711765775,0.0076761107705429765,-0.038445702521873404,-0.127859477124183,0.010973421523887916,-0.035299311244843645,0,1,1,0,-0.012692656391659063,-0.009461996176397314,0.030237706828245337,0.03360884347911686,0.012199771254289171,0.015511884297971124,-0.025249169435215935,-0.022059596554505845
20230907,20230906,0,1,0,0,-0.005637883008356437,0.007365591397849425,-0.035995442303708436,-0.1272581292653554,0.013077202141958955,-0.030529682071151365,1,1,1,0,-0.003979143798024221,0.0016681440111081525,0.027242837012682042,0.03306714873703798,0.007059120131097885,0.012768993229416381,-0.016477399242930235,-0.010900974654352025
20230908,20230907,0,1,0,0,-0.002019068984856931,0.01127993259220994,-0.037792973847679545,-0.12069663831510735,0.013325907503602519,-0.03584628097696574,0,1,0,1,-0.008586261980830678,-0.006580479437912512,0.025636450154651547,0.027711470510140224,-0.006308352258390104,-0.004297961153596708,0.016632016632016633,0.01868881963295821
20230911,20230908,0,1,0,0,-0.000874615953892155,0.010825035947801043,-0.03565436241610742,-0.14193548387096777,0.011709893561420381,-0.03481019201150659,0,1,0,1,-0.009723725891174428,-0.008856856285090475,0.02765552515760672,0.028555115871405246,-0.01613710282712022,-0.015275847373049767,0.016286644951140072,0.017176283556659566
20230912,20230911,1,1,0,0,0.0062829574778413555,0.02929772826561816,-0.03471385936436455,-0.12798992866135117,0.02287107280984002,-0.040740843852668185,1,1,0,1,0.01430068421377051,0.007967666227822079,0.040683043738765745,0.034185301465449625,-0.01302115938399906,-0.01918358719919544,0.04327485380116958,0.03676092896976524
20230913,20230912,0,1,0,0,-0.004730981232286768,0.006588362359929878,-0.033987202349732404,-0.10631938514090533,0.011373149750236955,-0.029395289681245385,0,1,0,1,-0.02250713957621875,-0.017860656775935402,0.005779665015333668,0.010560608287228712,-0.011245782831438289,-0.006545769511863031,0.025396085740913232,0.030270275076482944
20230914,20230913,1,1,0,0,0.008173587120955617,0.021259756563506205,-0.027479536515360836,-0.1719822365765038,0.0129800756632803,-0.035364072310336114,0,1,0,1,-0.0008123971809816943,-0.008913132040682226,0.018345345166478122,0.010089292335628386,-0.019168128288649333,-0.02712004733994733,0.029879060943798885,0.02152950057422931
20230915,20230914,1,1,0,0,0.02438358657083084,0.04062999944833656,-0.001560482135170016,-0.20897894318633303,0.01585969659265185,-0.02532651737700109,1,1,0,1,0.026199154999585916,0.0017723521272270393,0.035600457032894495,0.010949873279024969,0.001664959016393297,-0.02217785198071054,0.057468477206595425,0.03229736503931879
20230918,20230915,1,1,0,0,0.016227738430860228,0.03410675442021316,-0.00021780560849438135,-0.21607278241091732,0.01759351306131407,-0.016182931657374167,0,1,0,1,0.006420982180205703,-0.009650156042578462,0.025438649748042108,0.009063825920953894,0.002079272254710718,-0.013922534921154361,0.07007952286282304,0.05299184660626821
20230919,20230918,1,1,0,0,0.016334478808705644,0.03498729511629861,-0.01223937178445722,-0.20225593154414623,0.018353029141997546,-0.028114613042209857,0,1,0,1,0.004451933678670139,-0.01169156943682892,0.026612512124151166,0.010112845258869019,-0.020379208048497355,-0.03612362624973309,0.04036651807825642,0.023645797491510745
20230920,20230919,1,1,0,0,0.0076705968042973804,0.016405605935696732,-0.014643670680117071,-0.18457850579304835,0.008668516436920237,-0.02214440666938322,0,0,0,1,-0.03183013144590496,-0.03920004054447346,0.00684075902682757,-0.0008235208808330396,-0.030616150019135202,-0.03799530019517716,0.009975669099756557,0.0022875256088343843
20230921,20230920,1,1,0,0,0.0011183384685609088,0.003192250536628416,-0.021596039819398394,-0.15751789976133657,0.0020715953233261253,-0.02268900430163545,0,0,0,0,-0.039254090667972474,-0.04032732953258289,-0.007860886136255352,-0.00896919401012286,-0.05142273829271404,-0.052482383692669776,-0.005608388198000358,-0.00671921231295336
20230922,20230921,0,0,0,0,-0.026273615782226867,-0.030478719081032724,-0.04693471123311266,-0.06131687242798367,-0.004318567686942054,-0.02121858438444546,0,0,0,0,-0.07587571976967378,-0.050940494980316164,-0.040304182509505626,-0.0144091471225255,-0.06543241186913518,-0.0402154000565218,-0.057673975214490025,-0.03224762103728773
20230925,20230922,0,1,0,0,-0.014809219712055621,-0.00916339073141026,-0.03574937233926434,-0.09604743083003953,0.005730696118568357,-0.02125492142860763,0,0,0,0,-0.036329425387176095,-0.02184369373496453,-0.01556793006406798,-0.0007701151565695508,-0.06245181187355431,-0.0483587474778987,-0.040770941438102226,-0.026351973897338787
20230926,20230925,0,1,0,0,-0.017592108552855867,-0.012114718971484972,-0.035543478260869565,-0.05371900826446285,0.005575473923873364,-0.018272827268895675,0,0,0,0,-0.03343558913755107,-0.01612719189516776,-0.02234603757927811,-0.004839058264708429,-0.08654212733511246,-0.07018471592353481,-0.05296558457407863,-0.03600691355310215
20230927,20230926,0,1,0,0,-0.03812449182401301,-0.03421856254771516,-0.06076276664511948,0.07698924731182788,0.004060743041170323,-0.023535555930762397,0,0,0,0,-0.06617736754361003,-0.02916476766602971,-0.04773943206537723,-0.009996033956199857,-0.07246927657417979,-0.03570606014836064,-0.06450827653359292,-0.027429521268933943
20230928,20230927,0,0,0,0,-0.05145159853949599,-0.052645622648557655,-0.06502682887956213,0.05734450816056458,-0.0012587909138039866,-0.014311584226133323,0,0,0,0,-0.08205554895201861,-0.03226398396265384,-0.06501440922190205,-0.014298490895691796,-0.06684323369907952,-0.01622651531106334,-0.10690371738628501,-0.05845997817444848
20231009,20231006,0,1,0,1,-0.035868198958520336,-0.02114982017284872,-0.059373640713353604,0.11090225563909772,0.015265940579672233,-0.02437990503937537,1,1,0,0,-0.027817706962525057,0.0083499911394882,-0.026448289831587424,0.009770354132865755,-0.08162746344564531,-0.04746162758835937,-0.1023351648351648,-0.06893970907799662
20231010,20231009,0,1,0,1,-0.0360352324673876,-0.02761492956999234,-0.05619440225645478,0.12175168431183825,0.008735073294170448,-0.020912766179895903,1,1,0,0,-0.029697153853945002,0.0065750106507167505,-0.026483965685992206,0.00990831522384683,-0.09095522009387291,-0.05697302378287117,-0.11748878923766826,-0.08449847910808106
20231011,20231010,0,1,0,0,-0.02567322137267647,-0.011266396630811082,-0.0445759583016615,0.07644529383659826,0.01478644029692222,-0.019400818435490352,1,1,0,0,-0.008846483880194489,0.017270117030128596,-0.006977835111997122,0.01918800413863031,-0.08884114747883232,-0.06483238220666565,-0.08679845489661442,-0.06273586528131159
20231012,20231011,0,1,0,0,-0.022821437369823783,-0.007990165949600336,-0.03989725091545071,0.07849829351535842,0.015177647143939987,-0.017474609246099004,1,1,0,0,-0.006484135211496711,0.016718850354589865,-0.0002924489676552344,0.023055139831894556,-0.08902797292119058,-0.06775275070828946,-0.08128022104536037,-0.0598240545905846
20231013,20231012,0,1,0,1,-0.03708144595434759,-0.019455562329366183,-0.0746429533818379,0.13510798593671525,0.018304646380451484,-0.03900797971923731,1,1,0,0,-0.011019394942380356,0.02706568577629831,-0.006561755995586727,0.031694985864104464,-0.12133998209947572,-0.08750328445860789,-0.11763357028204546,-0.08365414082973299
20231016,20231013,0,1,0,1,-0.02677222184631345,-0.014913297915374546,-0.0726539948804531,0.22437137330754364,0.012185147400371799,-0.047143920533363914,1,1,0,0,-0.00935181529125706,0.017899619129351896,-0.001598579040852588,0.02586613675702698,-0.0973933341978992,-0.07256380668209161,-0.12285183464932647,-0.09872263714593721
20231017,20231016,0,1,0,1,-0.017108851971237238,-0.003372362812280816,-0.051373430560885835,0.11701608971233535,0.013975595554508446,-0.034861010457127306,1,1,0,0,0.0012633846281300265,0.01869203587417978,0.005314437555358653,0.02281360410210942,-0.07557603686635961,-0.05948490330020906,-0.08283741966198521,-0.0668726825168483
20231018,20231017,0,1,0,1,-0.015111472521515235,-0.004515099899964903,-0.037043152796125134,0.15384615384615397,0.01075895629394652,-0.022268185345563518,1,1,0,0,0.0024020385997161053,0.017782226752167896,0.0011816140848399659,0.016543076857711725,-0.0748782734570338,-0.06068382285712448,-0.05613105275837149,-0.04164895731080831
20231019,20231018,0,1,0,1,-0.01921849352544225,-0.0032095243320349187,-0.04731457800511518,0.1831916902738433,0.016322666249032336,-0.028646629544091806,1,1,0,0,0.0007644935230410876,0.02037455530774901,0.006722689075630228,0.026449502187616325,-0.07869249394673139,-0.060639398305000425,-0.08214811181951942,-0.06416272929154121
20231020,20231019,0,1,0,1,-0.01149771668327959,0.005896160509696546,-0.04772124018749646,0.1530030688294608,0.01759619323752548,-0.03664485567264053,1,1,0,0,0.003872698556933063,0.015549195484546807,0.01645739363647447,0.02828026883858703,-0.08968792401628223,-0.07909967296246512,-0.07410217501264538,-0.06333263907019937
20231023,20231020,0,1,0,1,-0.021444170809906682,-0.009248135006007074,-0.057904567838342635,0.1569742020113687,0.012463300958509116,-0.037259393834087606,1,1,0,0,-0.018817319658413045,0.0026844162316908005,-0.0028587068913082936,0.018992747643208796,-0.08278508771929816,-0.06268514792882152,-0.07187017001545593,-0.051531039621198205
20231024,20231023,0,1,0,1,-0.02723087245216671,-0.010956313784377558,-0.0700439535670011,0.11572052401746724,0.016730134835605037,-0.044011554131819564,0,1,0,0,-0.03148230983875444,-0.004370448512592717,-0.004910876682429954,0.022944802767334238,-0.08931552587646074,-0.06382259846259475,-0.06932989690721647,-0.04327750877659253
20231025,20231024,0,1,0,0,-0.005283178360101393,0.013890065215550251,-0.04525120440468,-0.025958466453674056,0.01927507724665034,-0.04018030576650655,1,1,0,0,0.003374627158128529,0.008703789188923672,0.020312403531518086,0.025731526133661253,-0.08359513727632828,-0.07872789241376366,-0.032786885245901565,-0.027649785634928148
20231026,20231025,0,1,0,0,-0.019950710010562145,-0.013237945020279529,-0.06971987044718453,0.08385481852315402,0.006849415696587036,-0.05078230344634882,0,1,0,0,-0.045601691988950255,-0.026173155003933135,0.006719270126988031,0.027212896749139626,-0.11474523584268137,-0.0967242431583627,-0.08945191313340228,-0.07091602823730347
20231027,20231026,0,0,0,1,-0.037267805469989645,-0.04008267925476927,-0.07568419867102161,0.1460428508963707,-0.002923838841967785,-0.03990350942796328,0,1,0,0,-0.0685256600415306,-0.032467860479933996,-0.019465018057170935,0.018491941491070474,-0.10288735258235038,-0.06815970992264897,-0.11145194274028625,-0.07705583929964255
20231030,20231027,0,1,0,1,-0.03930008421446618,-0.03617383537555474,-0.08221115763268083,0.1612349914236706,0.0032541366846641218,-0.044666469428309985,0,1,0,0,-0.06190224849572468,-0.02352676825497324,-0.017141462819496134,0.02306508102152982,-0.1218844152287043,-0.08596267123299539,-0.14040836904461806,-0.10524439855652412
20231031,20231030,0,0,0,0,-0.02742739463153221,-0.03338315894369703,-0.06296317573390009,0.07277397260273966,-0.00612372205354117,-0.03653792108292497,0,1,0,0,-0.07911099907570796,-0.05314112710854635,-0.017140442995956295,0.01057705263215647,-0.07728237791932069,-0.051260937242726956,-0.12167008196721307,-0.0969004132087149
20231101,20231031,0,0,0,0,-0.008040987689461265,-0.011411022202186483,-0.03868178099801323,-0.08255086071987483,-0.003397352583021984,-0.030889172766505046,0,1,0,0,-0.05105214612068043,-0.04335981416312207,0.006937622789783937,0.01510002963162349,-0.06123316796598144,-0.05362336509511745,-0.0761127205688702,-0.0686235338704686
20231102,20231101,0,0,0,0,-0.004709650072999616,-0.00775538568450318,-0.03364092979792077,-0.0749588138385503,-0.0030601478369873814,-0.02906818068420247,0,1,0,0,-0.041449680342097395,-0.036913881734905396,0.013765083985204152,0.018562155314334916,-0.03262736119061249,-0.02804981593528011,-0.08357124318712683,-0.07923476111258532
20231103,20231102,1,0,0,0,0.014746760895170796,0.01324263291421568,-0.00863729209220887,-0.09398496240601506,-0.0014822693098605066,-0.02304422530676642,0,1,0,0,-0.014890765598077005,-0.029206820494901087,0.029552473808514446,0.014590549567542022,-0.05391545391545394,-0.06766438431402688,-0.006746237675142708,-0.021180652551532342
20231106,20231103,1,0,0,0,0.011989570237928904,0.008253358925143894,0.008612716763005901,-0.10406091370558379,-0.00369194646137172,-0.0033368461239469127,0,1,0,1,-0.010266769403777687,-0.02199265713427645,0.021043871121150914,0.008947029840528087,-0.010660390419493404,-0.02238161471574973,0.03136954858454466,0.01915037359728866
20231107,20231106,1,0,0,0,0.007865090564204591,0.00722937581841987,-0.009712643678160937,-0.12140712140712129,-0.0006307538099458165,-0.017440562637728974,0,1,0,1,-0.00962441804630576,-0.01735302549344142,0.022473239103435905,0.01449415073108029,-0.024839519955344724,-0.0324493931040325,0.01041666666666674,0.0025316643332033983
20231108,20231107,1,1,0,0,0.005500069038523403,0.01115060093871234,-0.024265499801102486,-0.09542831779849104,0.005619623582514555,-0.029602751661756077,0,1,0,1,-0.015933873394760156,-0.021316699116469606,0.03206377325066434,0.02641840118175387,-0.008044382801664307,-0.01347036390871581,0.017914904205026172,0.012346926219879872
20231109,20231108,1,1,0,0,0.002131463146314738,0.004633371046818491,-0.03301645130073427,-0.09584086799276681,0.002496586518348387,-0.03507315730482874,0,1,0,1,-0.022300421457506436,-0.024379919703462982,0.028375848350105537,0.02618856524212232,-0.026500280426247746,-0.028570845867536665,0.01102756892230583,0.008877184384632475
20231110,20231109,1,0,0,0,0.0004150717151685246,0.0003784499770227434,-0.025975538730343528,-0.08097345132743372,-3.6606543804884595e-05,-0.026379660994377496,0,1,0,1,-0.029467583617329596,-0.029870257033678405,0.02262099602525125,0.022196711083142473,-0.030995343422584365,-0.03139738297215078,0.015852390852391096,0.015430914201198354
20231113,20231110,1,1,0,0,0.02111239860950187,0.035890275952693784,-0.006812709226522551,-0.21287519747235384,0.01447233170737694,-0.02734773162489379,1,1,0,1,0.037928213304243785,0.01646813290842508,0.06457925636007844,0.042568142165120504,-0.03807471264367801,-0.057963365574424386,0.051893036801694326,0.030144221374755586
20231114,20231113,1,1,0,0,0.009517475460966818,0.021114750548171246,-0.022251762801988373,-0.1396769969445657,0.011487938910526463,-0.03146972591876007,1,1,0,1,0.013465993711732516,0.003911292619241502,0.04828193832599115,0.03839900131230878,-0.041731947016094506,-0.05076625588245487,0.03581624708019704,0.02605083345112158
20231115,20231114,1,1,0,0,0.02915003898903734,0.0465236284627919,0.02006287510717364,-0.16942675159235676,0.016881493286266647,-0.008829775579457966,1,1,0,1,0.05867766872955338,0.02869127787190462,0.07423580786026185,0.04380874232440757,0.008677098150782436,-0.01989305743831682,0.07069933639612058,0.04037243922946199
20231116,20231115,1,1,0,0,0.045256967527486536,0.06123235269835159,0.04330318062445304,-0.2358339984038308,0.015283691634846441,-0.001869192900627481,1,1,0,1,0.08593982090565722,0.03892138932534861,0.08675172907226347,0.03969814393386062,0.03810775295663604,-0.0068396717677584595,0.14907827945498253,0.0993261132457035
20231117,20231116,1,1,0,0,0.05581220833431044,0.07217268105675467,0.04305539081959431,-0.28326996197718624,0.01549562753044409,-0.012082468277992198,1,1,0,1,0.10346982758620693,0.045138348349923696,0.09846485967857999,0.040397952408184556,0.045312267103890136,-0.009944894695795736,0.15296367112810705,0.09201585473904172
20231120,20231117,1,1,1,0,0.07027707210522571,0.08866328257191203,0.0711968276856525,-0.29856386999244144,0.017178925855639182,0.0008593621263113249,1,1,1,1,0.12753395000984047,0.05349724795280464,0.11504208856898868,0.04182563340884293,0.08577405857740583,0.014479415542087315,0.21287815709131275,0.13323754072914218
20231121,20231120,1,1,1,0,0.08038814631593971,0.09860263727612661,0.0866509119554022,-0.2790606653620352,0.016859210296130467,0.0057967737436015465,1,1,1,1,0.15069607864699042,0.06507654917429107,0.12989703283982212,0.04582509229919318,0.12267033302780317,0.03913610757026831,0.24286901135419559,0.15039119560160485
20231122,20231121,1,1,0,0,0.0699667162382267,0.08169743546905028,0.06337478224304682,-0.2595325953259533,0.010963630038947736,-0.006160877619030725,1,1,1,1,0.11406934860912199,0.04121869559265412,0.11309451772963808,0.040307610355431844,0.07318527351319126,0.0030080910238781122,0.18025289211729878,0.10307439867551627
20231123,20231122,1,1,0,0,0.08973775595737021,0.11337557800993325,0.08801612509161982,-0.2994611239414935,0.021691294004763995,-0.0015798579578790717,1,1,1,1,0.1647106709178483,0.0687990432107326,0.1314065274631071,0.03823743031563542,0.11145038167938925,0.01992463379681997,0.25837592277115284,0.15475114622015496
20231124,20231122,1,1,0,0,0.08973775595737021,0.11337557800993325,0.08801612509161982,-0.2994611239414935,0.021691294004763995,-0.0015798579578790717,1,1,1,1,0.1647106709178483,0.0687990432107326,0.1314065274631071,0.03823743031563542,0.11145038167938925,0.01992463379681997,0.25837592277115284,0.15475114622015496
20231127,20231124,1,1,0,0,0.10362380317537268,0.1334167491124949,0.09254295113927147,-0.33536818008393743,0.026995563027366165,-0.01004042501096758,1,1,1,1,0.17252047315741592,0.06242767669908167,0.1511954553967163,0.043104953050549843,0.11302508310667858,0.00851855487735631,0.29113924050632933,0.16990883740585572
20231128,20231127,1,1,0,0,0.10665238141618771,0.12701630419043752,0.10184328956291222,-0.3522895125553914,0.0184013725684935,-0.00434562102249425,1,1,1,1,0.158418292710373,0.04677702968292552,0.1444885799404172,0.034189777349785455,0.14207735495945095,0.032010931470575876,0.3328445747800586,0.20439317455261952
20231129,20231128,1,1,0,0,0.09466060299814738,0.11738258877434138,0.09153332107166934,-0.3092577813248204,0.020757105639831464,-0.002856850715109993,1,1,1,1,0.1672749669236735,0.06633504825755487,0.1344795824378262,0.03637563947274569,0.12026384414787539,0.023389204909360917,0.3619130941965589,0.24414187417217548
20231130,20231129,1,1,1,0,0.08706360593017703,0.11098127511613987,0.0878920495988329,-0.2511727078891258,0.022002088061348513,0.0007620930956906413,1,1,1,1,0.1692398110264699,0.07559466129488945,0.12730931040790194,0.03702240076677721,0.1150536010871206,0.02574825889143173,0.3369441277080958,0.2298674340809168
20231201,20231130,1,1,1,0,0.07982775753560767,0.08928171223666514,0.08582134654901474,-0.2301869991095281,0.008755058049844333,0.005550504672231948,1,1,1,1,0.1343860424028267,0.050524988347893984,0.10754874985046059,0.025671679692803817,0.11715976331360944,0.03457218571895315,0.3058623619371281,0.20932468426018125
20231204,20231201,1,1,1,0,0.06579069551490391,0.07291437376183141,0.0885382939895214,-0.20562471184877829,0.006683937359282188,0.021343401261002537,1,1,1,1,0.11438381308169032,0.04559349013955316,0.09158284806776096,0.02420001662746385,0.14019923820685598,0.06981534273575529,0.26515151515151514,0.18705438176141698
20231205,20231204,1,0,1,0,0.05061078009616038,0.050610535476326435,0.07106424436930481,-0.1841359773371104,-2.3283583094890759e-07,0.01946816524314765,1,1,1,1,0.07368598240962831,0.021963607028052667,0.06730321378667914,0.01588831373783428,0.10817240414217744,0.054788723984679155,0.2040059347181009,0.14600569261996377
20231206,20231205,1,1,1,0,0.04799283894512163,0.048969421196609186,0.07010620393476863,-0.162109375,0.0009318596608642871,0.021100683294654532,1,1,1,1,0.06956448416880989,0.020583771588937205,0.06668980276476377,0.01784073623867699,0.12764739553520332,0.07600677564768432,0.21347749559969809,0.157906285715796
20231207,20231206,1,0,1,0,0.040807451994598676,0.03313657096860756,0.07198602213162508,-0.15407262021589796,-0.007370125003708039,0.029956136533492383,1,1,1,1,0.05624214495182245,0.014829537324742237,0.046229545714612685,0.005209507012678749,0.11213646532438504,0.06853238146315332,0.17428501588853584,0.12824424310004834
20231208,20231207,1,0,1,0,0.04798170383076039,0.04689762428272637,0.09136398422322944,-0.13749999999999996,-0.001034445109176274,0.041396028417185926,1,1,1,1,0.08347283836946517,0.033866177633608885,0.05296694544006364,0.0047569929809654354,0.15972922367852505,0.10663117441772685,0.19707486365889926,0.1422669492064108
20231211,20231208,1,0,1,0,0.06075972708832755,0.05971843164806656,0.11695766563023202,-0.19354838709677413,-0.0009816506166943073,0.052978951884006475,1,1,1,1,0.09728968228936696,0.034437539688003005,0.06693340954558447,0.005820057360400588,0.19116984532212022,0.1229402992058859,0.2581222819135327,0.18605773747363563
20231212,20231211,1,0,1,0,0.048523637684119825,0.045270752398319125,0.10691266039855707,-0.17862518815855488,-0.0031023480719855057,0.05568689213664424,1,1,1,1,0.09072902560785812,0.04025220453489986,0.04885249554367199,0.0003136389564650788,0.17789395070948455,0.12338330618001714,0.2214950918701235,0.16496667120261277
20231213,20231212,1,1,1,0,0.05431745382675679,0.05689138676069039,0.10539693799136973,-0.19330289193302896,0.002441326305081315,0.04844791668696624,1,1,1,1,0.10939891825696502,0.05224371865445665,0.062027231467473465,0.007312577073189219,0.19024970273483932,0.12892914597467997,0.21222751190177913,0.14977467887102813
20231214,20231213,1,0,1,0,0.04851469703385103,0.047777229906833085,0.08332399417236358,-0.1968302658486707,-0.0007033445779101033,0.033198673549340585,1,1,1,1,0.08630700494026411,0.036043660630913354,0.050373544275983395,0.0017728385185165063,0.18389507826822737,0.12911634106546588,0.19594755661501795,0.1406111521357214
20231215,20231214,1,0,1,0,0.04965753424657526,0.04608163476998084,0.11153996755607753,-0.18433420365535247,-0.003406729680801357,0.05895487936826993,1,0,1,1,0.1083711114584962,0.055935936528159536,0.04646952323476161,-0.0030371915675353467,0.20225035161744032,0.145373907576811,0.20948616600790526,0.15226740774652003
20231218,20231215,1,1,1,0,0.042422761699575595,0.05023966835082261,0.12030930179667965,-0.14376657824933692,0.007498787381140959,0.0747168451791258,1,1,1,1,0.11195093845823334,0.0666986364009341,0.046511627906976605,0.0039224644334650005,0.2223014401825183,0.17255827970378035,0.210850509357972,0.16157335953005303
20231219,20231218,1,1,1,0,0.04698418332261145,0.054502124132214114,0.10555835997532115,-0.1282327586206896,0.007180567700406426,0.055945617503813994,1,1,1,1,0.10112294175830572,0.05170924193323012,0.04950765864332585,0.0024102325144075287,0.1610239471511148,0.1089221457640337,0.1686498855835239,0.11620586461469329
20231220,20231219,1,1,1,0,0.04530445119535065,0.04714132159492257,0.1204483354709196,-0.10857763300760037,0.001757258756022173,0.07188707958685003,1,0,1,1,0.09091951606429527,0.04363806622729105,0.03844702076031292,-0.006560223126569453,0.17703088855626614,0.12601729305780784,0.18493761140819953,0.13358133130799588
20231221,20231220,1,1,1,0,0.033070796655415124,0.037609081782376874,0.10880126539374069,-0.03543743078626782,0.004393004953440416,0.0733061751271109,1,0,1,1,0.07662193483045399,0.04215697347755509,0.03109540636042407,-0.0019121538440409758,0.1480555555555556,0.11130385184868818,0.16275359015272395,0.12553137105139278
20231222,20231221,1,1,1,0,0.03885543492593735,0.04540327129159616,0.12064222758659415,-0.06263736263736264,0.006302933156551838,0.07872779013423337,1,0,1,1,0.10289863513697162,0.06164784632964859,0.038047302051198884,-0.0007779069614206602,0.16304945054945064,0.1195488914512608,0.18027978339350192,0.136134772667043
20231225,20231222,1,1,1,0,0.04030309685921374,0.04844548278606453,0.12351530697596602,-0.046498277841561575,0.007826936160656883,0.07998842872618472,1,1,1,1,0.10563790159863395,0.06280362419055874,0.041429423567051815,0.0010826909111765204,0.18951941352158586,0.14343542484192562,0.18114973262032064,0.13538999949758712
20231226,20231222,1,1,1,0,0.04030309685921374,0.04844548278606453,0.12351530697596602,-0.046498277841561575,0.007826936160656883,0.07998842872618472,1,1,1,1,0.10563790159863395,0.06280362419055874,0.041429423567051815,0.0010826909111765204,0.18951941352158586,0.14343542484192562,0.18114973262032064,0.13538999949758712
20231227,20231226,1,1,1,0,0.046580707621897366,0.05578538941850608,0.1419459519946289,-0.07525655644241735,0.008795004273988383,0.09112077423004084,1,0,1,1,0.12674852346907062,0.07659974549820947,0.04582429501084584,-0.0007227465646394426,0.2216304793117574,0.16725874117020378,0.18349834983498337,0.13082377805740197
20231228,20231227,1,1,1,0,0.04743586925461063,0.05461441861657135,0.15041563693552007,-0.1034084344309647,0.00685345000364479,0.09831605991705561,1,0,1,1,0.13628813194973732,0.08482835589577142,0.043788903924221856,-0.003481802979483528,0.24373545118444473,0.1874096426252112,0.16188436830835107,0.10926539983320005
20231229,20231228,1,1,1,0,0.04856910318734742,0.05512942202611537,0.1400156442060565,-0.11845102505694749,0.006256448734591302,0.0872107911064115,1,0,1,1,0.12198894173143104,0.07001907487156411,0.04424252258099415,-0.004126175941291388,0.23033175355450242,0.17334351147163218,0.15437100213219623,0.10090121730960955
20240102,20231229,1,1,1,0,0.041432953549517926,0.05321091479566897,0.11716575754202396,-0.10237131289762869,0.011309380220789311,0.07271980758279795,1,0,1,1,0.12158084298646954,0.07695924078816918,0.039533376539209186,-0.0018240031716246774,0.1823358050847459,0.1352970933510298,0.13576230752548257,0.0905765019768785
20240103,20240102,1,1,1,0,0.02951426704421678,0.03244088834179615,0.07901141095668174,-0.09924550203134075,0.002842720486022632,0.04807815248114378,1,0,1,1,0.0761345579971322,0.04528377356708657,0.010022631749110777,-0.01893284621598057,0.15932159835538995,0.12608599556745936,0.04274210200289086,0.01284861743261878
20240104,20240103,1,1,1,0,0.026494996606012844,0.031088217022157805,0.03911391727754299,-0.06828703703703698,0.004474664203266254,0.012293212059730552,1,0,1,0,0.06494473622325003,0.03745730835938477,0.012055422212524647,-0.014066872650359774,0.11377699204445002,0.08502914843913034,-0.0034914766892584215,-0.029212488511310974
20240105,20240104,1,0,1,0,0.023390275952693607,0.023212579720622628,0.051141602039156187,-0.06293706293706303,-0.00017363486467136813,0.027117050785564922,1,0,1,0,0.0620245181126573,0.03775123046190587,-0.0013556013447565407,-0.02418029355849982,0.13515228426395942,0.10920761212746966,0.013468711147948564,-0.009694800740127185
20240108,20240105,1,1,1,0,0.028938341102999532,0.030385664199454654,0.04992937085732918,-0.09802784222737804,0.0014066179076421825,0.020400668257563037,1,0,1,0,0.07454635597421921,0.044325313820387846,0.0068905173356665905,-0.021427740503573878,0.12270555695247665,0.09113006300159898,0.017901748542880958,-0.010726194290988866
20240109,20240108,1,1,1,0,0.03572441786875591,0.037189765130753116,0.06116834780732505,-0.11942028985507247,0.00141480420536233,0.02456631271755283,1,0,1,1,0.08057631767000806,0.043304858925258705,0.019775232331964432,-0.015399062976240718,0.16020864381520128,0.12019049063514475,0.04120936011596599,0.005295754500503902
20240110,20240109,1,1,1,0,0.029726205997392396,0.03462783996736096,0.0437366167023554,-0.1140298507462687,0.004760133267872835,0.01360595721791169,1,0,1,0,0.07247154409228518,0.04151136277384482,0.012750455373406133,-0.01648569350290896,0.18003025718608168,0.14596506363854722,0.006506710044733577,-0.022549193967699832
20240111,20240110,1,1,1,0,0.03153747916621574,0.0328175566343043,0.04214968748330583,-0.10323762981062923,0.00124094130745811,0.010287758352384602,1,0,1,0,0.03361375680984313,0.002012799035965074,0.012533857347708288,-0.018422618860022166,0.17334516865330962,0.137472163979651,0.016896764887698312,-0.014193099692656252
20240112,20240111,1,1,1,0,0.02639517345399689,0.026789073669952534,0.035026737967914556,-0.08176100628930827,0.0003837705263463054,0.00840959187763013,1,0,1,0,0.030006439150032316,0.0035183969970189466,0.010973936899862924,-0.015024658097561816,0.12974525474525467,0.10069229080985131,-0.004133939644481277,-0.029744014671992725
20240115,20240112,1,1,0,0,0.013134962805525952,0.014415217714370598,-0.000517250297419003,-0.05537873965626994,0.0012636568234694057,-0.013475216633665466,0,0,1,0,0.009910856645890753,-0.003182306679760938,0.005386747555044202,-0.0076477621787189864,0.07706968433591421,0.06310582881607707,-0.05561092286226832,-0.0678546177869791
20240116,20240112,1,1,0,0,0.013134962805525952,0.014415217714370598,-0.000517250297419003,-0.05537873965626994,0.0012636568234694057,-0.013475216633665466,0,0,1,0,0.009910856645890753,-0.003182306679760938,0.005386747555044202,-0.0076477621787189864,0.07706968433591421,0.06310582881607707,-0.05561092286226832,-0.0678546177869791
20240117,20240116,1,1,0,0,0.00618630961208444,0.015196212102431828,-0.03960545518594938,-0.016645326504481472,0.008954507136775591,-0.04551022445901509,0,1,1,0,-0.003402559853319831,-0.009529914463953792,0.01038062283737018,0.004168525436310633,0.041881141787552645,0.03547537054964445,-0.1011149557862362,-0.10664154776632628
20240118,20240117,1,0,0,0,0.006306862974879257,0.004613410963635545,-0.0383678440925701,-0.01239157372986377,-0.0016828385789177114,-0.04439471567885389,0,0,1,0,-0.016194474206523535,-0.022360313746528027,0.00036515388628077794,-0.005904470402828488,0.03056462902473167,0.02410573448554354,-0.10154568577577772,-0.10717660061645562
20240119,20240118,1,1,0,0,0.00957687988643352,0.014518030853886366,-0.0330272436710467,-0.048825710754017204,0.004894279044909133,-0.04219997942333287,1,1,1,0,0.01911052399823876,0.009443207646432805,0.019859265050820918,0.010184846116468416,0.03200568990042685,0.02221604957565626,-0.10593303309183477,-0.11441418209900156
20240122,20240119,1,1,0,0,0.015984331564316445,0.029377260729299026,-0.04230328970288155,-0.08647990255785631,0.013182220186763516,-0.05737059072304029,1,1,0,0,0.05334805003679177,0.036775880603341804,0.03941219233565252,0.023059273694963522,0.0063583815028900315,-0.009474506409567596,-0.12974802557352383,-0.14343957146805153
20240123,20240122,1,1,0,0,0.03243924315551183,0.046268730773047606,0.001324638271856582,-0.1676234213547647,0.013394965087986987,-0.030136983933851447,1,1,1,0,0.09123143441214254,0.056944940485737616,0.05999894553698537,0.026693776475641418,0.07682071134768953,0.042987002369777816,-0.07214271711429132,-0.10129599486180185
20240124,20240123,1,1,0,0,0.02572456103236731,0.03852662039875421,-0.018284741007915106,-0.17467760844079716,0.01248099134284364,-0.042905574958630344,1,1,1,0,0.06888235604767012,0.04207542322264923,0.052450469238790376,0.02605563834751523,0.053856147395771936,0.027426062933591844,-0.0942458420952017,-0.11696161687580309
20240125,20240124,1,1,0,0,0.024786234561384957,0.04272981047064017,-0.03533849513599352,-0.13004214328717645,0.017509579367969375,-0.05867050870673762,1,1,0,0,0.0809805401042305,0.05483514868532269,0.05831814631606336,0.03272088424278086,0.001141291942478917,-0.023073048623673542,-0.12695717789096395,-0.14807323452904886
20240126,20240125,1,1,0,0,0.02602754125932938,0.037650895638629445,-0.039833414992650695,-0.0992601726263872,0.011328501343183861,-0.0641902420778524,1,1,0,0,0.05926270777294995,0.03239208030695573,0.058335493907181846,0.03148838734698911,-0.010731052984573997,-0.03582612821366038,-0.1481688046105224,-0.16977745612563766
20240129,20240126,1,1,0,0,0.022874651109105804,0.02991494532199268,-0.043159847671125906,-0.06378865979381443,0.0068828513887337905,-0.0645577624869581,1,1,0,0,0.028067761630406585,0.005076976456176663,0.04620410703173605,0.02280773689848914,-0.028514807882858095,-0.05024023123091592,-0.1537043862882418,-0.1726301822084284
20240130,20240129,1,1,0,0,0.030585915374771844,0.0409676635059566,-0.022691629092334797,-0.057493540051679615,0.010073636730625779,-0.05169636385699328,1,1,0,0,0.04071610724377961,0.009829546200739614,0.054539804216087395,0.023242980991647677,-0.0006603565925600297,-0.030318939451029814,-0.11137790912449208,-0.1377505964145055
20240131,20240130,1,1,0,0,0.03277860764553653,0.03853291658527058,-0.014946938368790796,-0.07216494845360821,0.005571677121442464,-0.04621081968683405,0,1,0,0,0.03221662905745526,-0.000544142359186206,0.049044056525353374,0.015749211650401884,-0.005823720461417992,-0.037377156944563006,-0.10521290815352302,-0.13361190363309705
20240201,20240131,1,1,0,0,0.021643922564265283,0.035718721279714094,-0.033279871692061036,-0.025128865979381354,0.013776618648228878,-0.05376021238248141,1,1,0,0,0.05528045376789392,0.03292392825007262,0.05463081519419544,0.032288052521405985,-0.031031807602792782,-0.05155977440246051,-0.10079207920792088,-0.11984214760939327
20240202,20240201,1,1,0,0,0.04353761812325341,0.05912183365551171,0.006385169927909384,-0.06770186335403738,0.014934023710890143,-0.035602404312132685,1,1,0,0,0.08378418166427459,0.03856742952247605,0.0789090713092222,0.03389571451155016,0.0087301587301587,-0.03335525120377947,-0.05131904369332241,-0.09089913019826779
20240205,20240202,1,1,0,0,0.05793100496490333,0.08259311597860108,0.0030440615003610727,-0.06778606965174117,0.02331164404668895,-0.05188140172370037,1,1,0,0,0.10693142804119882,0.04631721997591054,0.09811587120595111,0.03798439222639183,-0.016545556176635,-0.0703983159506788,-0.04600286240032714,-0.09824257619586318
20240206,20240205,1,1,0,0,0.052637202940673644,0.07989918084436032,-0.006778783958602874,-0.07395498392282962,0.025898740636875583,-0.05644488598093489,1,1,0,0,0.11586446183375165,0.060065575030451956,0.10091244840321512,0.045861238162282936,-0.00996640537513993,-0.059473110147468256,-0.07566462167689159,-0.12188608217450225
20240207,20240206,1,1,0,0,0.04083438685208596,0.05590813680701312,-0.015554313017841714,-0.07504937458854499,0.014482371206543831,-0.054176438232859,1,1,0,0,0.06806198502207383,0.026159395302393307,0.06903677016000853,0.027095937321227614,-0.03917790622992934,-0.0768732221885996,-0.07120127287191724,-0.10764023665940303
20240208,20240207,1,1,0,0,0.05110998565037561,0.06467036352433775,-0.008975739857413956,-0.05660377358490565,0.01290100756256396,-0.05716407067583085,1,1,0,0,0.08403016009148101,0.03131943839419993,0.08146424037240796,0.028878285941932536,-0.05908119658119659,-0.10483316088315087,-0.04707070707070704,-0.09340667871244068
20240219,20240216,1,0,1,0,0.03540410007669492,0.022294505911961693,0.04796549394585048,-0.039999999999999925,-0.012661331130292441,0.012131875726805408,1,0,1,1,0.03973520948721787,0.004183013579144523,0.01198980866263688,-0.022613674614890833,0.07007466973004028,0.033485061195698496,0.08751080380293863,0.0503249926501006
20240220,20240216,1,0,1,0,0.03540410007669492,0.022294505911961693,0.04796549394585048,-0.039999999999999925,-0.012661331130292441,0.012131875726805408,1,0,1,1,0.03973520948721787,0.004183013579144523,0.01198980866263688,-0.022613674614890833,0.07007466973004028,0.033485061195698496,0.08751080380293863,0.0503249926501006
20240221,20240220,1,0,0,0,0.027531285551763318,0.013254926137576062,0.011905973338760534,0.02551724137931033,-0.013893844026871771,-0.015206653493389566,0,0,1,1,0.018899204244031687,-0.008400796578272862,-0.002685899030092087,-0.0294075567398705,0.0378609145039881,0.01005286077170675,0.028734417916754795,0.0011708960903757948
20240222,20240221,1,0,0,0,0.02547127005733607,0.005029753471238241,0.010052559065163003,0.046875,-0.019933777944802666,-0.015035731806812058,0,0,1,0,0.009864953886693062,-0.015218677135411474,-0.012929753294362523,-0.037447195716708515,0.036310657850498584,0.010570152582194181,-0.001477416631490036,-0.02627931905622216
20240223,20240222,1,0,0,0,0.04555100022662195,0.02874386492262171,0.026137065239761226,0.0006920415224913601,-0.016074907202381583,-0.018568137740438084,0,0,1,1,0.044428933186156705,-0.0010731825039830278,0.012398523985239995,-0.0317081388035555,0.07330141358869136,0.026541424909980016,0.047536732929991166,0.0018992212746571369
20240226,20240223,1,0,0,0,0.04061225744318997,0.02446346898088403,0.020003061693116164,-0.04654346338124571,-0.015518545305226339,-0.019804875065291938,0,0,1,1,0.03603926228574217,-0.004394523632350711,0.005830475257226908,-0.03342434411778217,0.07062146892655363,0.028838033829331255,0.056525534701003854,0.015292225460531439
20240227,20240226,1,0,0,0,0.03811985802507123,0.030060640381303072,0.026380242881926863,-0.05092911218169305,-0.007763282420105377,-0.011308535379987772,1,0,1,1,0.07524633220134835,0.03576318658127464,0.01853779429987612,-0.018863008518542612,0.10312783318223029,0.06262087624528334,0.09059233449477344,0.050545682238972045
20240228,20240227,1,0,0,0,0.03187656482178847,0.022071703842111434,0.023017902813299296,-0.07265250171350246,-0.009501970791797487,-0.008585001646993717,1,0,1,1,0.06311362770906803,0.030272092566298703,0.010166994106090232,-0.021038922150003025,0.13314977973568287,0.09814469905262846,0.0712949490750363,0.038200677868923005
20240229,20240228,1,0,0,0,0.03131047688891608,0.023442276040442023,0.02331697941429356,-0.04513888888888895,-0.007629323103755747,-0.007750815737600059,1,0,1,1,0.0676521037231359,0.035238298891182795,0.013767828843106233,-0.017010055108457434,0.14374225526641893,0.10901836148961475,0.09176269739650023,0.058616897493319664
20240301,20240229,1,1,1,0,0.05218687872763428,0.052833537184929336,0.05625259228535873,-0.10376734963648382,0.0006145851752847875,0.0038640603108841542,1,0,1,1,0.1126866308335468,0.057499055851249814,0.047045730473492364,-0.00488615507195711,0.12570056044835853,0.06986751422867155,0.1286060339132351,0.07262888060152517
20240304,20240301,1,1,1,0,0.04834423548650868,0.05624822224329207,0.053469095374539366,-0.09393737508327782,0.007539495605768387,0.0048885277512424885,1,1,1,1,0.15432549452415323,0.10109394934428328,0.05290503072388475,0.004350474856438247,0.1411711812970664,0.08854624527741994,0.11101455572452745,0.0597802879213003
20240305,20240304,1,0,1,0,0.03631030646303213,0.03498752942821848,0.05807314438557687,-0.09472981987991991,-0.0012764294888935046,0.021000310222545338,1,1,1,1,0.1509715492816066,0.11064373489627632,0.042128164556962,0.0056140116118177374,0.14504944867568503,0.10492913322823516,0.08615516502357479,0.048098391234441484
20240306,20240305,1,0,1,0,0.029702568267180984,0.017738359201773912,0.061425445451703586,-0.018749999999999933,-0.011619092186533897,0.030807806217194367,1,0,1,1,0.11319506466871743,0.08108409066322952,0.014208189442526109,-0.015047431464339733,0.12498586132790401,0.09253477265873888,0.08185840707964598,0.05065136323806074
20240307,20240306,1,0,1,0,0.031924369407668296,0.02619331602703534,0.05979243042288429,0.0092526690391459,-0.0055537533084160096,0.027005914233048323,1,0,1,1,0.1540070619341667,0.11830585277928307,0.026961391683600233,-0.004809439403894444,0.11541889483065959,0.08091147752515782,0.06381156316916492,0.03090070813988044
20240308,20240307,1,0,1,0,0.03354748042561728,0.031158128660385698,0.07111065107131775,0.007857142857142785,-0.002311796807097477,0.03634392358078409,0,0,1,1,-0.6081323861482422,-0.6208518512469443,0.029544120524359174,-0.0038734165358416117,0.12172135801067352,0.0853118789944185,0.06529573881704476,0.03071775510337793
20240311,20240308,1,0,1,0,0.026890351581313254,0.014394972157397268,0.05444812643385166,0.04022988505747138,-0.01216817297452888,0.02683614157061842,0,0,1,1,-0.630343196033315,-0.6400231013978768,0.011068851180027206,-0.015407195497476822,0.10905626541134272,0.08001430114081987,0.04768786127167646,0.020252902034123554
20240312,20240311,1,0,1,0,0.020111731843575287,0.0007779430271135368,0.029346844587137433,0.022111269614836004,-0.018952618828842804,0.009053040422221326,0,0,1,1,-0.6423748470838695,-0.6494255072727966,-0.005100076982294088,-0.02471475235394649,0.06359841827768009,0.04262933664679491,0.021375277273643745,0.0012386343482051476
20240313,20240312,1,0,0,0,0.03153818515709195,0.019111499058207526,0.009607804493496186,-0.048184357541899425,-0.012046753360848261,-0.021259882551275644,0,0,1,0,-0.6342930812204555,-0.6454741821080997,0.023077668961505093,-0.008201844892730348,0.03329752953813103,0.0017055542939219404,-0.009266561514195581,-0.039557184851158556
20240314,20240313,1,0,1,0,0.044304566062176365,0.027301365068253425,0.05703715122552788,-0.11545988258317019,-0.016281841089748283,0.012192405910244286,0,0,1,1,-0.6357210179076342,-0.6511755344841832,0.029492996646281355,-0.0141831893656712,0.09445446348061304,0.04802229066903352,0.05179615705931484,0.007173760644739513
20240315,20240314,1,0,0,0,0.03285396233227034,0.013665112414015912,0.014563350575001355,-0.045298558682223766,-0.018578473451294597,-0.017708807270262583,0,0,1,0,-0.6498538011695907,-0.6609915713159003,0.019035532994923887,-0.013378880114031988,0.03631775290761463,0.0033536111605969587,-0.03485148514851477,-0.0655518107592874
20240318,20240315,1,0,0,0,0.015577378936674657,-0.0013578513728107477,-0.009929563686167042,-0.015950069348127593,-0.01667547019136706,-0.025115705757002726,0,0,0,0,-0.6520328306928803,-0.6573701063808188,0.005771582293959465,-0.009655390958965504,0.015439047925377869,-0.00013620922852919382,-0.05770720371804805,-0.0721605110301421
20240319,20240318,1,0,0,0,0.02672619166783452,0.01604849385698026,-0.002033125061985497,-0.03750000000000009,-0.01039975204441701,-0.0280106974607347,0,0,0,0,-0.6503231379575122,-0.6594253999944564,0.018413387964654193,-0.008096417302530079,-0.0021470746108427363,-0.028121680846355912,-0.030598052851182223,-0.05583206602131974
20240320,20240319,1,0,0,0,0.03814719381592724,0.026326874473462603,0.016190667739340192,-0.0941492938802958,-0.011385976297847211,-0.021149723475994975,0,0,0,0,-0.6473153270419785,-0.6602748867801154,0.034212757468455424,-0.0037898636830195898,0.015912535180774956,-0.021417635926389234,-0.003696857670979714,-0.04030647266222476
20240321,20240320,1,0,0,0,0.046801150419339965,0.04266817039073323,0.04122461351924822,-0.10515603799185891,-0.003948199738748159,-0.005327217015244856,0,1,0,1,-0.6404866354637225,-0.6565600215549445,0.052396486825595945,0.005345176019356135,0.029090515842976172,-0.016918814589828357,0.061297822870429064,0.013848544630737036
20240322,20240321,1,0,1,0,0.028965517241379413,0.01780537357043399,0.04261933413557961,-0.09612724757952973,-0.010845984130610553,0.013269460118358278,0,0,0,1,-0.6500209819555183,-0.6598729382275479,0.019779365310783836,-0.008927560522361544,0.011152416356877248,-0.017311659706788274,0.042285478547854805,0.0129450026101805
20240325,20240322,1,0,0,0,0.0263069804076006,0.02197902834378862,0.025914252839061458,-0.0574300071787508,-0.004217015129423629,-0.00038266091533667446,0,0,0,0,-0.6457806338083492,-0.6548602192582071,0.022504749378927436,-0.0037047697241260336,-0.01255936675461744,-0.03787009920441364,0.020656889072505624,-0.005505264451042824
20240326,20240325,1,0,0,0,0.027233739797229095,0.018806551368686142,0.021824509072831066,-0.051486584481508224,-0.008203769115105564,-0.0052658226797202,0,0,0,0,-0.6506106573317776,-0.6598735719708835,0.014745243077522119,-0.012157405112270037,-0.04797616601602628,-0.07321596137223996,0.0033945686900958005,-0.02320715352655678
20240327,20240326,1,0,0,0,0.023435188290296338,0.013071297989031061,0.00573529411764695,-0.03843311160384333,-0.010126572175594872,-0.01729459214922835,0,0,0,0,-0.6528943638940369,-0.6608425818484688,0.009675694073029595,-0.013444421664114081,-0.09913499854213237,-0.11976350650712808,-0.029297632906480353,-0.051525315721134946
20240328,20240327,1,0,1,0,0.0334018093469759,0.021963379052082566,0.036180308422301355,-0.07127272727272727,-0.011068715180711064,0.002688691901053808,0,0,0,0,-0.6445368489029595,-0.6560261963140324,0.019638495359062036,-0.013318453541910302,-0.06520240323057225,-0.09541710851063612,-0.02052384675527752,-0.05218266081450906
20240329,20240328,1,0,1,0,0.029503227838135748,0.01141230068337129,0.032248564276248004,-0.043510324483775786,-0.01757248220848595,0.0026666613215746704,0,0,0,0,-0.6535447560919505,-0.6634733777031722,0.006232486230553835,-0.022603854925689282,-0.03586669376143059,-0.06349656789016334,-0.022829268292682947,-0.05083276546952875
20240401,20240328,1,0,1,0,0.029503227838135748,0.01141230068337129,0.032248564276248004,-0.043510324483775786,-0.01757248220848595,0.0026666613215746704,0,0,0,0,-0.6535447560919505,-0.6634733777031722,0.006232486230553835,-0.022603854925689282,-0.03586669376143059,-0.06349656789016334,-0.022829268292682947,-0.05083276546952875
20240402,20240401,1,0,0,0,0.018153456176269733,-0.0014811157738831016,0.011802418767302925,-0.033823529411764586,-0.019284491773854384,-0.006237799783952447,0,0,0,0,-0.6641856907507648,-0.6701731873401443,-0.009062440690833173,-0.02673064330529673,-0.075642667191963,-0.09212375875095413,-0.03715291357059047,-0.054320269121873155
20240403,20240402,1,0,0,0,0.01276595744680864,-0.006553758839691781,-0.005882352941176339,-0.008843036109064228,-0.01907619045095643,-0.01841324765200214,0,0,0,0,-0.6725805511856902,-0.6767076870951143,-0.018599354716264838,-0.030969951085387804,-0.09977166683212546,-0.11111908279642646,-0.057221783741120746,-0.06910554276959424
20240408,20240405,1,0,0,0,0.007031720440550782,-0.011179705915366434,-0.01212794742945511,0.010630758327427436,-0.018084262875006862,-0.01902588317836118,0,0,0,0,-0.06780231335436382,-0.07431149612861909,-0.01914671227670084,-0.025995638653566355,-0.08715457030063767,-0.09352862360679615,-0.06228855721393045,-0.06883624045542014
20240409,20240408,1,0,0,0,0.013679355897756595,0.0035989248781378436,-0.006091959580331818,-0.05386740331491724,-0.009944398059375525,-0.019504506393521304,0,0,0,0,-0.02599395081751632,-0.03913792510861247,-0.00549795032553646,-0.018918513148873273,-0.08640727640222334,-0.09873598758587632,-0.05221674876847293,-0.06500685279110685
20240410,20240409,1,0,0,0,0.01572523861680497,0.011065639360753554,0.0057995028997515075,-0.05094207955338459,-0.004587460347442618,-0.0097720676219194,0,0,0,0,-0.0022656597067969297,-0.017712367124106954,0.0022729470935294316,-0.013244026053339852,-0.053599091190746684,-0.06825106551645421,-0.04007897334649557,-0.05494026321458134
20240411,20240410,0,0,0,0,-0.005147258020821166,-0.011923545057025642,-0.019423161387926324,0.01687454145267786,-0.00681134679563089,-0.014349765311702734,0,0,0,0,-0.04038821430125783,-0.03542328908932546,-0.029902378921429218,-0.024883201157348878,-0.06496881496881501,-0.06013106706524596,-0.054925373134328326,-0.050035661573870294
20240412,20240411,1,1,0,0,0.003934337267670562,0.011629755820556475,-0.016625346361382576,0.0022123893805310324,0.007665260831529963,-0.020479111895912228,1,0,0,0,0.0057991702725610494,0.001857524875547023,0.0002874389192297766,-0.0036326064495076915,-0.05993820803295569,-0.063622233974448,-0.04289118347895149,-0.04664201532747969
20240415,20240412,0,1,0,0,-0.007961938052238104,-0.0019811449651592206,-0.016532198188387914,0.0632638389647735,0.006028793971207369,-0.008639043666654134,0,0,0,0,-0.010302260143414732,-0.002359105140161244,-0.016093495545550396,-0.00819682006691047,-0.0667019587083112,-0.05921145862160093,-0.04575297496922459,-0.03809434170578874
20240416,20240415,0,1,0,1,-0.010552537120216532,-0.00659107669616521,-0.032755298651252374,0.10007047216349552,0.004003709719484716,-0.022439555776326725,0,0,0,0,-0.015770707624794267,-0.0052738227145383565,-0.019987355930554784,-0.009535441915105136,-0.08826945412311271,-0.07854577420078601,-0.0879572544184134,-0.07823024486101637
20240417,20240416,0,1,0,0,-0.018192099208361068,-0.014583523818231692,-0.030757763975155283,0.08802308802308811,0.0036754393473710234,-0.012798496280853278,1,0,0,0,-0.007548378242371534,0.010840940429800217,-0.022006786233640385,-0.0038853700629253307,-0.07896718665949443,-0.06190120022677548,-0.10534945685591313,-0.0887723123609786
20240418,20240417,0,1,0,1,-0.029396366174788247,-0.02902615317965207,-0.04502721425037104,0.10838901262063838,0.00038142551937192515,-0.016104254642011373,0,0,0,0,-0.029525742756966178,-0.0001332949699229813,-0.041085981578820485,-0.012043655099417627,-0.09802876931273297,-0.07071105108834186,-0.11317254174397018,-0.08631347817956814
20240419,20240418,0,0,0,1,-0.040270519520442694,-0.04587962232688092,-0.0643377001455604,0.13495072024260812,-0.0058444623412375885,-0.025077046307978135,0,0,0,0,-0.06268995237015196,-0.023360158571461898,-0.06252086413276736,-0.02318397534397565,-0.12274064733081114,-0.08593059761919564,-0.1453893646683928,-0.10952966152026966
20240422,20240419,0,0,0,1,-0.05178092684795099,-0.07002040953641198,-0.07117437722419939,0.1828615149196633,-0.019235515509965162,-0.020452499770734378,0,0,0,0,-0.11897148947508673,-0.07085974594856259,-0.08249142203583681,-0.03238755268421123,-0.12993697478991606,-0.08242404118930058,-0.16881060755986543,-0.12342050906325575
20240423,20240422,0,0,0,0,-0.04123098175399553,-0.0617411174335768,-0.047642268493685025,0.08682406702208678,-0.02139215524204463,-0.006686998242202646,0,0,0,0,-0.1055222887558217,-0.0670560956584123,-0.07460340145776756,-0.03480756998679868,-0.10485250106883282,-0.06635750436661814,-0.13782635094110496,-0.10074936439208615
20240424,20240423,0,0,0,0,-0.027165861823498894,-0.04427106754204513,-0.033910674321300016,0.048165137614679,-0.017582859243209348,-0.006933157701932258,0,0,0,0,-0.08327024981074937,-0.05767107237048008,-0.05462305774026477,-0.028223923112147498,-0.08611201035933969,-0.0605921875298604,-0.12696517412935326,-0.10258615357898537
20240425,20240424,0,0,0,0,-0.025828337927179312,-0.0379184336371019,-0.03650631183896269,0.043043812451960095,-0.012410641964474167,-0.010961080400412215,0,0,0,0,-0.06433955491744436,-0.03953226981405067,-0.046373880381392674,-0.02109026905021738,-0.09440069047362176,-0.07039042010371732,-0.12252648410953437,-0.09926191650514937
20240426,20240425,0,0,0,0,-0.037616835827742334,-0.045815255266056676,-0.06277427971761118,0.08692247454972613,-0.00851887246527816,-0.026140777214766375,0,0,0,0,-0.058800070896845136,-0.02201122781207676,-0.05327711766960519,-0.016272397964621765,-0.13370561584659146,-0.09984461864676819,-0.1297146278187986,-0.09569763418530852
20240429,20240426,0,0,0,0,-0.028313610033074088,-0.029301141866174163,-0.05677603423680455,0.03546646106399365,-0.0010163071576353433,-0.029291780246813337,0,0,0,0,-0.03992563739376764,-0.011950385927592011,-0.04052431939309553,-0.012566512700087351,-0.12013910844135323,-0.09450116761582361,-0.12000798722044725,-0.09436622570219833
20240430,20240429,0,0,0,0,-0.0231729738011337,-0.027418811102370988,-0.04013056835637474,0.004566210045662045,-0.0043465600227701184,-0.01735987447156151,0,0,0,0,-0.04270696452036793,-0.01999738970700571,-0.039071103662915996,-0.0162752764157712,-0.08875865743207245,-0.06714155308146275,-0.08346872461413479,-0.06172612877801953
20240506,20240503,0,1,1,0,-0.013772351137086858,-0.011328807864326773,-0.01247248716067495,-0.10308555399719499,0.0024776665667174402,0.0013180161577408533,0,0,1,0,-0.024635654017957864,-0.011015005403058886,-0.01889077258416072,-0.005189898552301897,-0.002217786648924358,0.01171592025581969,-0.03501697792869263,-0.02154130115506314
20240507,20240506,0,1,0,0,-0.004144818013571805,-0.0007943713118475637,-0.005156394415527621,-0.09416058394160576,0.003364391492185703,-0.0010157866527721326,0,0,1,0,-0.006930693069306937,-0.002797470060032281,-0.006207264439163973,-0.0020710304699907978,0.0019911504424778848,0.006161506780343551,-0.033264033264033266,-0.029240411434499514
20240508,20240507,0,0,0,0,-0.004197797119310009,-0.004319019514732236,-0.006832057369900113,-0.08749999999999991,-0.000121733407569935,-0.002645364955981888,0,0,0,0,-0.02618104100805907,-0.0220759140973531,-0.01442702050663458,-0.010272344605919748,-0.013203841117415904,-0.009044008912666657,-0.06314273961332784,-0.05919342448078546
20240509,20240508,1,0,1,0,0.005971368552089018,0.0038551908205397556,0.014184044194495593,-0.11399711399711399,-0.002103616263547603,0.008163925832429086,0,0,0,0,-0.007120504331262323,-0.013014160534404517,0.000635044697376852,-0.005304647847376609,-0.009338521400778288,-0.01521901162545325,-0.06443461781427673,-0.06998806185478457
20240510,20240509,1,0,1,0,0.004189189189189202,-0.009767159889530141,0.017647931187898758,-0.10007358351729212,-0.013898127194525878,0.013402595988487365,0,0,0,0,-0.03268727546902028,-0.03672262662774184,-0.019252873563218476,-0.023344269192277833,-0.025197195442594134,-0.02926379306623561,-0.08381742738589226,-0.08763947822037454
20240513,20240510,1,0,1,0,0.019555642556523534,0.00864763730120699,0.028285268508732253,-0.18458417849898567,-0.010698783666151623,0.008562186885964662,0,0,0,0,0.00995093318659146,-0.00942048571851195,0.0005841690195695914,-0.01860759015504343,-0.00011344299489512988,-0.0192918215842528,-0.0771877015695549,-0.09488775314262943
20240514,20240513,1,0,1,0,0.03262959659034581,0.027884749222846006,0.045765655327408394,-0.21909032671364514,-0.004594917076914062,0.012720978345416967,0,0,1,0,0.025033672379359828,-0.0073559040299319145,0.0247618102421594,-0.007619175718152071,0.040880138969310975,0.00798983721385449,-0.004731861198738141,-0.03618088994587054
20240515,20240514,1,0,1,0,0.03926280459952736,0.03440037114358607,0.06049420691069418,-0.2049071618037135,-0.004678733265947033,0.020429291048618126,0,0,1,0,0.034249101133954074,-0.004824288373820207,0.03261300555114999,-0.0063985731221658515,0.060390141338628744,0.02032915701937643,0.03367697594501706,-0.005374798972683892
20240516,20240515,1,1,1,0,0.05839576465887508,0.0635449934247605,0.08518134715025916,-0.22839919624916283,0.004865126012238985,0.025307718894752806,1,1,1,1,0.09654877353108948,0.036047960645903654,0.07131003268795588,0.012201738196904843,0.09403425871234483,0.033672181279897684,0.06392375639237557,0.005222991170304114
20240517,20240516,1,1,1,0,0.0583960602178093,0.06747596891901475,0.07825140012445542,-0.2311289245156981,0.00857893282344313,0.018759839206657913,1,1,1,0,0.11087450999370851,0.0495829980367648,0.0799165734052294,0.02033313803434922,0.10912793483469097,0.047932788606980914,0.047774411559077246,-0.010035608651591255
20240520,20240517,1,1,1,0,0.06925034332337021,0.08949716628481852,0.07735321528424999,-0.2652005174644244,0.018935530942658874,0.007578086845120735,1,1,1,1,0.15046121276274027,0.07595122128925946,0.10019217784241419,0.028937876627537662,0.10080888566944357,0.029514643173258248,0.0821428571428573,0.012057526004074282
20240521,20240520,1,1,1,0,0.060713999839910215,0.08617066997755596,0.06779313876088056,-0.20252277505255778,0.02399956080667165,0.0066739374817705865,1,1,1,1,0.1566993950213229,0.09049130604093047,0.10326898326898326,0.04011918710933937,0.10173134328358202,0.03866955979638487,0.07042253521126751,0.009152830426319314
20240522,20240521,1,1,0,0,0.05084544645505784,0.07229397510998203,0.049201792818653445,-0.1838074398249454,0.02041073568646934,-0.001564125002348593,1,1,1,0,0.12940204983727588,0.07475562048369944,0.0889260893826409,0.036238100527575146,0.08123745424489304,0.02892148211933554,0.030316845224527045,-0.01953531920396323
20240523,20240522,1,1,0,0,0.048317207811479745,0.06846263862512014,0.04502225819506278,-0.15770081061164332,0.01921692276300324,-0.003143084547181707,1,1,1,0,0.12803299127265766,0.0760416626448368,0.08640105034590717,0.03632854850673772,0.09804622349297132,0.04743699264968493,0.024829157175398686,-0.02240548038423973
20240524,20240523,1,1,0,0,0.04462849311803607,0.068818470962422,0.034151058631921805,-0.16498559077809805,0.02315653651393612,-0.01002981878738618,1,1,1,0,0.10126641871851594,0.05421824694004407,0.07990890688259111,0.03377316816167708,0.08635368523473597,0.03994261346649397,0.0,-0.042721879990873846
20240527,20240524,1,1,0,0,0.04167158540904281,0.06252900232018566,0.0356926799758015,-0.16232315711094558,0.02002302568611647,-0.00573972211298579,1,1,1,0,0.09986168741355472,0.05586223414327063,0.07686533553520492,0.03378584058462364,0.06395975565936052,0.021396542405988317,0.007034263671431784,-0.03325167185395528
20240528,20240524,1,1,0,0,0.04167158540904281,0.06252900232018566,0.0356926799758015,-0.16232315711094558,0.02002302568611647,-0.00573972211298579,1,1,1,0,0.09986168741355472,0.05586223414327063,0.07686533553520492,0.03378584058462364,0.06395975565936052,0.021396542405988317,0.007034263671431784,-0.03325167185395528
20240529,20240528,1,1,0,0,0.03872093479198524,0.062229924898902444,0.026005201040208092,-0.12954545454545452,0.0226326333854292,-0.01224172280144098,1,1,1,0,0.10999771219400589,0.06861975629315187,0.0767850914345507,0.036645219488320446,0.0422123479887746,0.0033612619904388463,-0.02437403057832932,-0.06074294187875395
20240530,20240529,1,1,0,0,0.048049723096537766,0.07501354247627123,0.031801939765186304,-0.12343864805290228,0.025727614621248174,-0.015502874504223163,1,1,0,0,0.11023879620543009,0.059337903286831084,0.0940541091353746,0.0438952322824091,0.03379815646419293,-0.01359817794735696,0.00046019328117807845,-0.045407702293697505
20240531,20240530,1,1,0,0,0.04448885779954037,0.07124217118997911,0.039427436197850385,-0.13148283418553686,0.025613785336878525,-0.004845835897524853,1,1,0,0,0.14108144708841186,0.09247833384490711,0.08015031401214867,0.03414249558175064,0.01866483453566925,-0.024724077304448477,-0.02350524874486537,-0.06509797211973256
20240603,20240531,1,1,0,0,0.04423499594083524,0.05577418599203554,0.029261704681872835,-0.12915407854984895,0.011050376683462648,-0.014339005412734473,1,1,0,0,0.10690128186935333,0.06001166995179763,0.06647721506140258,0.021300013126382078,0.008942721304052492,-0.03379725327533689,-0.05519697306921867,-0.09521991639484162
20240604,20240603,1,1,0,0,0.03229087210780568,0.040529989896206375,0.013422486379395693,-0.10398749022673948,0.007981391690093709,-0.018278167751191177,1,1,0,0,0.08428551602905121,0.05036821047838891,0.04018760799802501,0.007649719767545138,0.016003556345854708,-0.01577783568762392,-0.05476138113041573,-0.08432919014431639
20240605,20240604,1,1,0,0,0.02288170044718041,0.03207268597387847,-0.01241993056574242,-0.07171635777598717,0.008985384646807093,-0.0345119391592299,1,1,0,0,0.05392912172573183,0.030352895417894654,0.03025423315278375,0.007207610325202118,0.006513579156546712,-0.016001969028752616,-0.07032258064516139,-0.0911193161942333
20240606,20240605,1,1,0,0,0.03389797733689126,0.05271166424418605,0.00043908864711905693,-0.08863819500402903,0.01819685048205133,-0.032361886204628654,1,1,1,0,0.1098257967171139,0.07343840595935491,0.05659453637520806,0.021952416520611084,0.0408050425743669,0.006680606199914285,-0.03073545554335888,-0.0625143237505239
20240607,20240606,1,1,0,0,0.033778688683075764,0.052970049538699326,-0.0009323780547649818,-0.08387622149837126,0.018564283696031136,-0.03357688363846889,1,1,1,0,0.09967111273524587,0.06373939100651249,0.05008787346221433,0.015776282639289985,0.04163393558523176,0.007598576937354773,0.007427413909520508,-0.025490247634262775
20240611,20240610,1,1,0,0,0.028454035788341825,0.05150884495317376,-0.01184474572952876,-0.07960199004975133,0.02241695628833784,-0.039183843045528244,1,1,1,1,0.10552124954594988,0.07493501029293315,0.05162012260387283,0.022525155242133277,0.04368050828227821,0.014805204670391259,0.028657968313140714,0.00019829036369389819
20240612,20240611,1,1,0,0,0.030792267378242144,0.05628780355691965,-0.020025398065839695,-0.08859721082854799,0.024733922620048254,-0.04929961841228536,1,1,0,0,0.10271862256456732,0.06977774034846562,0.06614691782480264,0.03429852121076049,0.02870493991989309,-0.0020249739199711403,-0.00022639800769763685,-0.030092062549939347
20240613,20240612,1,1,0,0,0.034511752340913526,0.06328347498486298,-0.015179348351542221,-0.09174311926605505,0.02781188573145177,-0.04803338442508143,1,1,0,0,0.11525605027410069,0.07805063378978305,0.08015743496208105,0.04412292322236033,0.03348755232430034,-0.0009900322681647422,-0.0008865248226950229,-0.03421737557210802
20240614,20240613,1,1,0,0,0.02391558760240109,0.052594391697946774,-0.035809778456837305,-0.05729166666666663,0.0280089535141268,-0.05833036119617163,1,1,0,0,0.09658819959249154,0.07097519841480349,0.06473266676055012,0.03986371499014507,0.01306554367778845,-0.010596619541674346,-0.030369237491806866,-0.053016894899823974
20240617,20240614,1,1,0,0,0.02665077833891294,0.060201778839771514,-0.04424565959697979,-0.026064291920069427,0.032680051687237865,-0.06905604070217619,1,1,0,0,0.09802213121895975,0.06951862735206138,0.07244806632436762,0.04460843838208861,-0.009072254023112736,-0.034795699877444575,-0.024243772241992922,-0.04957338138217915
20240618,20240617,1,1,0,0,0.03333648125413169,0.07371170533026383,-0.03690888119953872,-0.014964788732394374,0.039072678463001775,-0.0679791759296211,1,1,0,0,0.12171398527865396,0.0855263562525741,0.09111509772448301,0.05591461979570034,-0.006470717262557657,-0.038522977983295736,-0.029042904290428995,-0.060366963400781626
20240619,20240618,1,1,0,0,0.034769648719013,0.06660658152161947,-0.037354943895655524,-0.02196836555360282,0.030767169139546136,-0.06970110952128794,1,1,0,0,0.11154934407956785,0.07419979456838899,0.07979095702487049,0.043508531934224326,-0.02785303999132971,-0.060518482338427826,-0.04210526315789476,-0.07429181168202481
20240620,20240618,1,1,0,0,0.034769648719013,0.06660658152161947,-0.037354943895655524,-0.02196836555360282,0.030767169139546136,-0.06970110952128794,1,1,0,0,0.11154934407956785,0.07419979456838899,0.07979095702487049,0.043508531934224326,-0.02785303999132971,-0.060518482338427826,-0.04210526315789476,-0.07429181168202481
20240621,20240620,1,1,0,0,0.029433905450165554,0.05631856077226849,-0.040510703657482994,0.03217158176943702,0.02611596060686039,-0.06794473033901305,1,1,0,0,0.08485656530901897,0.05383799733564976,0.0659181962172739,0.03544112018649126,-0.01834662007207588,-0.04641436936288523,-0.040486725663716916,-0.06792143793175975
20240624,20240621,1,1,0,0,0.027707000358605516,0.053696429746988183,-0.030157808113079776,-0.012248468941382429,0.025288753875680525,-0.05630477213008578,1,1,0,0,0.061809216119707466,0.03318281937283918,0.0616807660128289,0.033057832283295285,0.0022783986112617782,-0.024743046158555715,-0.03711935985774617,-0.06307864030675225
20240625,20240624,1,1,0,0,0.03190356681116424,0.04474716748225527,-0.00969535902357399,-0.03364969801553064,0.01244651252711626,-0.04031280361137746,1,1,1,0,0.03732045143638851,0.005249409731147514,0.04231688457753413,0.010091367159966058,0.049484997760859795,0.017037862369277734,-0.008484292593441856,-0.03913917996176197
20240626,20240625,1,1,0,0,0.029068449682683628,0.04679550169232449,-0.023753894080996818,-0.022222222222222254,0.01722630988745899,-0.05133025289033821,1,1,1,0,0.03278001341381631,0.0036067219165811792,0.052558204377526785,0.022826231532107055,0.04784419678036689,0.01824538212542892,-0.023659305993690927,-0.05123833666519784
20240627,20240626,1,1,0,0,0.029633264755289712,0.04500957187608767,-0.025004874244492048,-0.053089643167972045,0.014933770738703167,-0.05306563110387419,0,1,1,0,0.011665773527350654,-0.017450379511786074,0.04692272096251737,0.016791858615151645,0.034331874789633066,0.004563382123692561,-0.010220304337951513,-0.03870656714137244
20240628,20240627,1,1,0,0,0.038528796806690746,0.05514415914468507,-0.00034631177954780323,-0.09388097233864201,0.015998942339474853,-0.037432865324267595,0,1,1,0,0.027695934001178424,-0.010430970078847634,0.05411446933358177,0.015007453404098703,0.06149977137631457,0.022118765161116327,0.012189512419503279,-0.0253621127003667
20240701,20240628,1,1,0,0,0.04135014638066625,0.0610342154800132,-0.005684881156579391,-0.08158116063919263,0.018902450023905448,-0.045167350963286945,1,1,1,0,0.04535243504429265,0.0038433649599385333,0.07815850926940837,0.035346768823794505,0.04215377697841727,0.0007717198682344328,0.027109137648983594,-0.013675523819897673
20240702,20240701,1,1,0,0,0.034074748279196765,0.0692463002817778,-0.022257860718277733,-0.0901994796183867,0.03401258183812117,-0.05447634137785273,1,1,1,1,0.05388658604333152,0.01915899967299617,0.0846022078416444,0.048862482762034753,0.04386850667564235,0.009471035254214888,0.04711425206124842,0.012609827097848525
20240703,20240702,1,1,0,0,0.04018567639257298,0.07470262397104599,-0.013342456380431189,-0.09511343804537531,0.0331834482649096,-0.05146017099431999,1,1,0,1,0.06698237979435984,0.02576146164088655,0.08728463619535809,0.04527937739551202,-0.0006563115292058663,-0.03926413221091596,0.04281060958585403,0.002523523687025131
20240704,20240703,1,1,0,0,0.04366093226594003,0.08070515218874497,-0.0006931722533048967,-0.09548611111111105,0.03549449708956387,-0.042498577026300666,1,1,0,1,0.09330925352597164,0.047571313369216606,0.09965424146260604,0.05365086252208018,-0.0032905561039815456,-0.04498730087364966,0.055054360397871926,0.01091679086539643
20240705,20240703,1,1,0,0,0.04366093226594003,0.08070515218874497,-0.0006931722533048967,-0.09548611111111105,0.03549449708956387,-0.042498577026300666,1,1,0,1,0.09330925352597164,0.047571313369216606,0.09965424146260604,0.05365086252208018,-0.0032905561039815456,-0.04498730087364966,0.055054360397871926,0.01091679086539643
20240708,20240705,1,1,0,0,0.03735014120859592,0.07039458071753724,-0.020433043987125754,-0.07515473032714404,0.03185466333521858,-0.055702682151659744,1,1,0,1,0.049561240884933966,0.01177143491985344,0.07904735427671206,0.04019589086818409,-0.025605609859753575,-0.06068900804794908,0.040770101925254876,0.0032968238792299154
20240709,20240708,1,1,0,0,0.038566565667901065,0.07331074519282632,-0.0064345007122157405,-0.08711111111111114,0.03345397461604338,-0.04332997794048643,1,1,0,0,0.07830024092381804,0.03825818832359995,0.09005113900511397,0.049572723635776805,0.004417151475975212,-0.032881295547930955,0.025245755138516568,-0.012826149974140555
20240710,20240709,1,1,0,0,0.04084193179903006,0.07519008121651982,0.0009940357852884496,-0.07457322551662171,0.03300035131955248,-0.03828429158774116,1,1,0,1,0.08103491375718708,0.0386158365936371,0.08664192949907235,0.044002836838903825,0.032607506291716826,-0.007911312232665835,0.051369863013698724,0.010114822330871798
20240711,20240710,1,1,0,0,0.04790352089011707,0.0820299894585117,0.007330724652038434,-0.0738738738738739,0.03256642227846207,-0.03871806462069627,1,1,0,0,0.09039756858879588,0.040551488616607845,0.09960675456858659,0.049339688862340525,0.0379389064028699,-0.00950909533998201,0.040770101925254876,-0.006807324169311624
20240712,20240711,1,1,1,0,0.03637210168544547,0.051087560360668416,0.05003987240829355,-0.06930693069306926,0.014199010810201473,0.013188092096092063,1,1,1,0,0.055019106709947696,0.017992577177807778,0.05250488259072528,0.015566591264897234,0.05948518278174353,0.022301913626109116,0.035099637681159424,-0.0012278061154062936
20240715,20240712,1,1,1,0,0.034413329392640746,0.043593799430559965,0.046239937168662815,-0.06703397612488526,0.008875050018264607,0.011433154852099614,1,1,1,1,0.03860448387483517,0.004051721263738095,0.03892641308211875,0.0043629403848923776,0.05478575996589208,0.01969467136044467,0.037932564330079854,0.0034021554415830657
20240716,20240715,1,1,1,0,0.03517374873260204,0.04075767746266146,0.0755174804397345,-0.05064456721915278,0.005394194681710207,0.03897290841902312,0,0,1,1,0.02858272385847016,-0.006367071114584899,0.032624988978044334,-0.0024621564811493357,0.06480494564058858,0.02862437049264921,0.07480847228481302,0.03828799136448069
20240717,20240716,1,0,1,0,0.04067946497660202,0.035789561551785365,0.1301766215468223,-0.07136485280999116,-0.0046987603670325395,0.0859987725156397,0,0,1,1,0.03868433581971131,-0.0019171408911539123,0.02534369921377433,-0.0147363009254462,0.11008174386920966,0.06668939018045106,0.12605425119671754,0.08203754286824072
20240718,20240717,1,0,1,0,0.017985743008590793,-0.0067826660619305645,0.10903193612774453,-0.03932082216264521,-0.024330801527062462,0.08943759158165876,0,0,1,1,-0.0501913912975549,-0.0669725826460521,-0.029248875043267564,-0.04640007817030867,0.10166685064576653,0.08220263221944712,0.09743938363924753,0.07804985597915803
20240719,20240718,1,0,1,0,0.007602691024448882,-0.011788710043074024,0.08567870485678708,-0.0062893081761006275,-0.01924508662021085,0.07748690483642573,0,0,1,1,-0.05931811169392154,-0.06641586342959327,-0.03037898102934189,-0.03769508794699039,0.08740245261984403,0.07919764636025439,0.06616300366300365,0.058118455974959016
20240722,20240719,1,0,1,0,0.0036380255941499406,-0.012939539327476268,0.0847423711855928,-0.0017316017316018062,-0.016517473928722826,0.08081035545004323,0,0,1,1,-0.06263875673961306,-0.06603653971214118,-0.03470128053843802,-0.038200332345808885,0.08477027478028698,0.08083815789871762,0.07516716624394748,0.0712698590783789
20240723,20240722,1,0,1,0,0.018622247525297952,0.004456662085051466,0.09952582979785385,-0.03277236492471203,-0.013906613049794792,0.07942451921613514,0,0,1,1,-0.014172471775162121,-0.03219517282302986,-0.01011339258351207,-0.028210300902637986,0.07046979865771807,0.05089968460671446,0.10018467220683269,0.08007131680040125
20240724,20240723,1,0,1,0,0.020341231528908876,0.014051818718879394,0.10640095417950501,-0.03303571428571417,-0.00616402887160139,0.08434406058612542,0,0,1,1,-0.0003296929734185605,-0.02025883485209501,0.012498876000359704,-0.0076860125673819946,0.06422018348623859,0.043004193696632775,0.10453283996299723,0.08251318856137302
20240725,20240724,0,0,1,1,-0.006607565662683834,-0.033376444574241715,0.0862086158755484,3.4718181818181817,-0.026946932537708745,0.09343354985399022,0,0,1,1,-0.06782206347917852,-0.06162166702762384,-0.04688741721854306,-0.040547773632612416,0.06403094112591323,0.07110835994610665,0.03184860373874909,0.03871196122717291
20240726,20240725,0,0,1,1,-0.013015343440083593,-0.04600620355142915,0.10268459731040336,3.5579044117647056,-0.03342590980728466,0.11722567314648336,0,0,1,1,-0.08503789422214969,-0.07297231046437636,-0.056002475247524774,-0.043554002103001865,0.09534656687276288,0.10979087627414219,0.03694355208811384,0.05061770230788243
20240729,20240726,0,0,1,1,-0.0035324047806430947,-0.038703515292456525,0.10967039493219843,3.3274745605920444,-0.03529578952747692,0.11360409536240024,0,0,1,1,-0.06057503276539966,-0.05724483993099605,-0.044488623812679484,-0.041101405834497284,0.09347404695240158,0.09735033251301095,0.04021813224267223,0.04390562947878318
20240730,20240729,0,0,1,1,0.0009922457829554254,-0.031746363048151816,0.09285819902410175,3.2042124542124535,-0.03270615628545637,0.09177488999356909,0,0,1,1,-0.07192961115841545,-0.07284957226050526,-0.048225257481324335,-0.049168715813360464,0.08154460144536735,0.0804725071565422,0.045051194539249106,0.044015274785502045
20240731,20240730,0,0,1,1,-0.0061246195034291295,-0.05061005976095623,0.106267707142502,3.515729265967588,-0.044759575627379755,0.11308492880644305,0,0,1,1,-0.10558754358932765,-0.10007585059225821,-0.07909976309555145,-0.07342484281647244,0.063950988822012,0.07050743956493721,0.011473565804274388,0.01770663168948894
20240801,20240731,0,0,1,1,0.003278628804575412,-0.032670746231878156,0.10887656033287119,3.4599807135969147,-0.03583189555157573,0.1052528465139515,0,0,1,1,-0.05881882522291981,-0.061894524855458544,-0.044875152785053274,-0.04799641914729591,0.08428196147110345,0.08073862069906235,0.015841142347166492,0.012521460322103772
20240802,20240801,0,0,1,1,-0.01532296086751539,-0.06390518084066465,0.0730813060496458,3.8474088291746638,-0.04933822770555396,0.08977996175786385,0,0,1,0,-0.14095807441201924,-0.1275901727689216,-0.09273377266658056,-0.07861543300254592,0.0858369098712446,0.10273406073110358,-0.05262003946502958,-0.037877473643920245
20240805,20240802,0,0,1,1,-0.039196595990191874,-0.09555385359561441,0.04007567083188124,4.992351816443594,-0.05865638836230358,0.08250623019364722,0,0,1,0,-0.1882163604961532,-0.1550991221347089,-0.12092064582617656,-0.08505803528059774,0.05190273688801672,0.0948157890553003,-0.1031556039173015,-0.06656825700261226
20240806,20240805,0,0,1,1,-0.06825385391154004,-0.1246028873607592,-0.0003954913980621644,7.496592015579358,-0.06047680871638328,0.07282923873455482,0,0,1,0,-0.21738125505604988,-0.1600515352497649,-0.15596878065424147,-0.09414036978949158,0.0021452322213879604,0.0755560797632151,-0.13728481150577465,-0.07408773074515163
20240807,20240806,0,0,1,1,-0.06057716526933188,-0.11700182815356497,0.014895729890764597,5.8417475728155335,-0.060063116200927746,0.08033964299125707,0,0,1,0,-0.2099279300111767,-0.15898140775411695,-0.1438022878606795,-0.08859176029631877,0.0007417611529085821,0.06527297842384328,-0.12703583061889234,-0.07074414512035365
20240808,20240807,0,0,1,1,-0.07599942991520003,-0.13557738189915702,-0.006834833062890344,5.708171206225681,-0.06447826323147099,0.07485341361419517,0,0,1,0,-0.24935025801348454,-0.18760900556844384,-0.16972399865365195,-0.1014334533688116,-0.03267700041893595,0.046885717280767514,-0.1410228509249185,-0.07037162434191013
20240809,20240808,0,0,1,1,-0.04641676250718807,-0.08915902669078934,-0.017989367761534147,5.138297872340425,-0.044822793127090255,0.029811130930107232,0,0,1,0,-0.1702757438853404,-0.12988795996855595,-0.11660121693350012,-0.07360076359022727,-0.030216414863209362,0.016988918226554794,-0.0966965653029972,-0.05272723011365665
20240812,20240809,0,0,1,1,-0.04821514669904825,-0.08974980801099386,-0.03134090269306544,4.490157480314961,-0.04363870802093173,0.017729052892005992,0,0,1,0,-0.18511678017622835,-0.14383674314881356,-0.12048759623609928,-0.07593359915993414,-0.034559417946644966,0.014347495345237826,-0.1139132293225048,-0.06902619052573111
20240813,20240812,0,0,0,1,-0.05032678574608662,-0.09023480802176753,-0.05796767806989278,4.311348205625606,-0.04202289974771334,-0.008045812190048074,0,0,1,0,-0.18133599815512336,-0.13795188749422693,-0.1148919818973615,-0.06798675079195415,-0.04094094094094092,0.009883236322000943,-0.14213836477987418,-0.09667702284929358
20240814,20240813,0,0,0,1,-0.04039939099953982,-0.06801789096184063,-0.07404274265360644,3.843419788664746,-0.02878124472124799,-0.03505974395859357,0,0,0,0,-0.1533290041636427,-0.11768397404596542,-0.0846470185058259,-0.046110462093573945,-0.04810996563573877,-0.008035191478494741,-0.13785425101214566,-0.10155773047509509
20240815,20240814,0,0,0,1,-0.02368298200883412,-0.03952093322539796,-0.07005624296962876,3.3851162790697673,-0.016222139863086182,-0.047498159005986196,0,0,0,0,-0.09080067442529915,-0.06874579791158819,-0.042387234801212426,-0.01915797066701097,-0.03717434869739478,-0.01381863312832543,-0.1346272971298782,-0.11363554365703787
20240816,20240815,0,0,0,1,0.0007418666087650738,-0.010573734593005035,-0.027116311080523037,3.099457504520796,-0.011307212758186469,-0.027837525958309017,0,0,1,0,-0.04993849938499384,-0.050642795794584416,-0.014930029414386259,-0.015660278185681387,0.0017428747180643356,0.0010002660453203305,-0.05690358599957046,-0.05760271907448
20240819,20240816,0,0,0,1,0.009690522596039974,-0.00044188199646499893,-0.019553587898911706,2.922810060711188,-0.010035158660748111,-0.028963439628769794,0,0,0,0,-0.022035188631365332,-0.031421223154431854,0.0023996015755873845,-0.007220946277386564,0.002666393190441818,-0.006956715199760377,-0.05447137036242755,-0.06354609805933331
20240820,20240819,0,0,0,1,0.008942576399531221,-0.002176977939956859,-0.023105905851377728,3.0686813186813184,-0.011020998220898637,-0.03176442644067601,0,0,1,0,-0.04499675113710211,-0.05346124625756088,-0.004643962848297156,-0.013466117463605154,0.019820002022449046,0.01078101556754052,-0.053923625681913445,-0.06230899909664467
20240821,20240820,0,0,0,1,0.00888439452490175,-0.0007490324996879405,-0.044648070790100136,3.2631578947368425,-0.009548593552312967,-0.05306105001278272,0,0,1,0,-0.04336892443418383,-0.051793168020695224,-0.004174067495559486,-0.012943467151764754,0.010725741780272635,0.0018251320620714662,-0.06742043551088772,-0.0756328777111499
20240822,20240821,1,1,0,0,0.035825804186759846,0.04126203116232907,-0.010970851503327883,-0.04675747103069727,0.005248205782860671,-0.04517811344430489,0,1,0,0,0.024687595245352023,-0.01075297496585581,0.04493236983509363,0.00879159952525388,0.028069466882067795,-0.0074880711344911255,0.02012972489375975,-0.015153203588438524
20240823,20240822,1,1,0,0,0.0330788804071247,0.03617954480982832,-0.03178129392029738,-0.014519056261343088,0.003001382044981682,-0.06278337071595297,0,0,0,0,0.012246715653529305,-0.020165124995475514,0.03193332396872206,-0.0011088760598331193,-0.008318478906714222,-0.04007182810428256,-0.02080106218189859,-0.05215472275242905
20240826,20240823,1,1,0,0,0.03249210197634245,0.036784240879538466,-0.017126036928017174,-0.017956391620350676,0.0041570670564745615,-0.04805667647179401,0,1,0,0,0.017526267602563372,-0.01449486571871339,0.0355095246902164,0.002922465661575613,-0.00029545006893838544,-0.03175574126186598,0.010048055919615662,-0.021737741154402745
20240827,20240826,1,0,0,0,0.02942580218811952,0.024660487173959966,-0.005772786722590517,-0.0002178174689609902,-0.004629100032300104,-0.03419244867953841,0,0,0,0,-0.005941718729520651,-0.034356551819921255,0.0270759799368383,-0.0022826533454731734,0.014261493966291061,-0.014730841396820904,-0.004354452427607236,-0.032814657009688664
20240828,20240827,1,1,0,0,0.036088560885608745,0.04203003081765133,-0.0172080693714336,-0.050242769685454824,0.005734519380239167,-0.051440226510643505,1,1,0,0,0.042932269471393614,0.0066053316715852795,0.05993044638178269,0.023011435890957888,0.02101222345691478,-0.014551205367818398,0.010231316725978656,-0.024956596507086592
20240829,20240828,1,0,0,0,0.013598155443800941,0.0005943914917103665,-0.02948271240954181,0.02875675675675682,-0.012829309013883128,-0.04250290672093804,0,0,1,0,-0.040275299515676766,-0.05315070343225847,0.0028336380255939986,-0.010620103598643182,0.014940440137290567,0.001324276969408844,-0.027674061058642563,-0.04071851974155649
20240830,20240829,1,0,0,0,0.028249940148431962,0.023930731410172656,0.010296426262812686,-0.09166501682835071,-0.00420054363206257,-0.01746026251460575,1,1,0,1,0.031270030217013245,0.002937116697663278,0.0322825674135967,0.003921835642978655,0.022701935745413904,-0.005395579602190059,0.03401990280027767,0.0056114398129822884
20240902,20240830,1,1,0,0,0.057759429536498264,0.061325905292479055,0.05341757610568654,-0.290044671346522,0.003371726742765757,-0.004104764570819652,1,1,0,1,0.11764421449639761,0.056614749334960024,0.0762504884720594,0.017481346343245274,0.049652741785011,-0.007664018419613394,0.08760009706381955,0.028211204451655814
20240903,20240830,1,1,0,0,0.057759429536498264,0.061325905292479055,0.05341757610568654,-0.290044671346522,0.003371726742765757,-0.004104764570819652,1,1,0,1,0.11764421449639761,0.056614749334960024,0.0762504884720594,0.017481346343245274,0.049652741785011,-0.007664018419613394,0.08760009706381955,0.028211204451655814
20240904,20240903,1,0,0,0,0.06706869225714174,0.06072995383237245,0.055143422354104965,-0.38643135457254185,-0.005940328369452241,-0.011175728413333696,0,0,0,1,0.05089584563890526,-0.015156331298621928,0.0622031328954018,-0.004559743338967359,0.05597773734346556,-0.01039385279893823,0.08562768375852481,0.01739249931710174
20240905,20240904,1,0,0,0,0.05515656420568815,0.04796032125224681,0.042025440313111506,-0.21995175251880228,-0.006820071255357885,-0.012444716109463405,0,0,0,1,0.044878048780487845,-0.009741223031615065,0.04526646393140221,-0.009373111640290976,0.043202033036848775,-0.011329627824320787,0.06641791044776113,0.010672677993099677
20240906,20240905,1,1,0,0,0.0596730035090427,0.060422752259815526,0.04926230319833658,-0.24245939675174,0.0007075284057349585,-0.009824446103875006,1,1,1,1,0.06904511014100057,0.008844338395828766,0.0608594304246477,0.0011196160623856422,0.061931572109138244,0.0021313825987985258,0.10463643273372192,0.04243141900924674
20240909,20240906,1,0,0,0,0.018298313389239595,0.001383712366371359,0.0048818212576733355,-0.11596029620293047,-0.01661065406911144,-0.013175404451876038,0,0,0,0,-0.042761922643634875,-0.059963014010742666,-0.003859117776366716,-0.021759273166091164,0.016000000000000014,-0.0022570138426236674,0.007265681763138909,-0.010834380732086757
20240910,20240909,1,0,0,0,0.02517870879378603,0.008991807464310275,0.009783977525912979,-0.05969881678020794,-0.015789345984878245,-0.015016631867029506,0,0,0,1,-0.01803758617433182,-0.042154889286537656,0.007926858921363689,-0.016828139059501646,0.024597027423068907,-0.0005673950948527073,0.028461167390255726,0.0032018403896934
20240911,20240910,1,0,0,0,0.029103456035404207,0.016128317603792963,0.018132942326490653,-0.059167275383491535,-0.012608196343638411,-0.010660263207332932,0,0,0,1,-0.013380281690140827,-0.041282280684599604,0.01471226665380354,-0.013984200808189295,0.02390147166266554,-0.005054870180670856,0.0579178885630498,0.027999548887584602
20240912,20240911,1,0,0,0,0.02283964283078732,0.013057200916598344,0.004567966533634671,-0.021618405394684737,-0.00956400349043518,-0.017863676310574395,0,0,0,1,-0.007850214301827196,-0.030004563616324198,0.018064395357543894,-0.004668617907717776,0.02011346054667351,-0.0026653076102612916,0.038506691711669205,0.015317209291499712
20240913,20240912,1,0,0,0,0.028211494252873726,0.02266980744710745,0.023853299787110593,0.03818413237165874,-0.005389637089977195,-0.004238616753579283,0,0,1,1,-0.009724546564747416,-0.03689517286050803,0.020898301140330533,-0.00711253779345955,0.030908523259444154,0.002623029426966683,0.07325220711047487,0.04380491086644489
20240918,20240917,0,0,1,1,0.006182877361019301,-0.01616556195067209,0.019563197026022383,0.1321179383299571,-0.022211110737946793,0.013298099148831177,0,0,0,1,-0.06382888246300389,-0.06958154566061348,-0.026127527216174284,-0.03211186087954121,0.0009915716410511255,-0.005159405746978929,0.021512530494566473,0.015235454188758712
20240919,20240918,1,0,1,0,0.004832647216753028,-0.018365052263357384,0.031783346654755684,0.08035520901017978,-0.02308613234687862,0.026821082607787705,0,0,0,1,-0.06175393234216764,-0.06626633772634305,-0.031615089628110216,-0.03627244491490045,-0.00019835366458387238,-0.0050068047602476184,0.036820835204310676,0.03183434383442907
20240920,20240919,1,0,1,0,0.01847954050872258,0.0017823834196890598,0.03949689037408333,0.017701002345915873,-0.016394199809544707,0.020636005957334058,0,0,0,1,-0.035480581286649104,-0.05298105622074545,-0.008688713538434256,-0.026675306637565455,0.005990964447063485,-0.012261980299988262,0.03968427976320976,0.020819995307805206
20240923,20240920,1,0,1,0,0.02162813275322706,0.015983994945772295,0.037507023787225924,-0.02946593001841613,-0.005524649945028548,0.01554273078914381,0,0,0,1,-0.01597008358996932,-0.03680225234388501,0.00971005944008363,-0.01166576460754376,0.014679448771719672,-0.006801578537957154,0.059887005649717384,0.037448922626460046
20240924,20240923,1,0,0,0,0.01341326739366333,0.006333333333333302,0.0017242944005808614,0.03896386591205925,-0.0069862259436749286,-0.01153426086787357,0,0,0,1,-0.037919362440550164,-0.05065320485317171,-0.008349705304518729,-0.02147492380295446,-0.02285489114372974,-0.0357881228757434,0.015138408304498085,0.0017023074064066446
20240925,20240924,1,1,0,0,0.01874141835624732,0.021100685824883225,0.00308459968246777,0.04052287581699354,0.002315864876135665,-0.015368785828932086,0,0,0,1,-0.0011866567046103782,-0.019561465453139193,0.011123671716029904,-0.007477605703426593,-0.02940019665683391,-0.047255971089070314,0.03761207085064533,0.018523495908162824
20240926,20240925,1,1,0,0,0.015100790654605012,0.019003272086584477,-0.004800219438602982,0.07601689264280931,0.003844427536563,-0.019604959700971758,0,0,0,1,-0.007737448380786827,-0.022498493987640478,0.007910467886196981,-0.007083358455243771,-0.0328485208271494,-0.047236010377682436,0.031704095112285335,0.01635631122597525
20240927,20240926,1,1,0,0,0.025076123947698425,0.038442770764824497,0.007318420325876929,0.018915510718789275,0.013039662621005421,-0.017323302345033986,1,1,0,1,0.04661354581673316,0.021010558499881427,0.03554826360404717,0.010215962904314813,-0.023373781579470898,-0.0472646902949827,0.0677659814772984,0.04164554859125569
20240930,20240927,0,1,0,1,0.023497806035640778,0.034186036629413996,0.006946666057310091,0.1057105492589363,0.010442846609678869,-0.016171153353458534,1,1,0,1,0.03298557158712545,0.009269942246612262,0.035228108903605504,0.011460994638962996,-0.02457635516797141,-0.04697045848082437,0.071620411817368,0.04701779085206148
20241008,20241007,0,1,1,1,0.039146428506066755,0.06081943405360213,0.04292977743668458,0.1004766444232601,0.02085654625084321,0.0036408236864720056,1,1,0,1,0.10814579726870543,0.0664000441803334,0.07951365434719682,0.038846523198048155,-0.015936254980079667,-0.05300762431078787,0.07668855534709174,0.036127850523431704
20241009,20241008,1,1,1,0,0.04442500774431024,0.06680329655954309,0.04450098411022041,0.07511645962732905,0.021426419943318065,7.274468281281976e-05,1,1,0,1,0.10739947656435866,0.06029582627100938,0.08347594599733776,0.03738989201088505,-0.010193679918450549,-0.0522954613857084,0.0773850773850775,0.031558100769678576
20241010,20241009,1,1,1,0,0.04097976263482561,0.05234518373095476,0.043748803369710876,0.095276707885668,0.010918003888338745,0.0026600332055222164,1,1,0,1,0.06930107771361005,0.027206403136118995,0.05943734485611851,0.01773097122904166,-0.026188068756319516,-0.06452366683972477,0.054713995026000495,0.013193563298879107
20241011,20241010,0,1,0,1,0.03047809833837123,0.04093233591141532,0.024762534851850093,0.11789946873722923,0.010145036163215382,-0.00554651621974056,1,1,0,0,0.06650223805608846,0.0349586660558876,0.05046959058995171,0.019400210721427724,-0.028669493236422428,-0.05739820348454583,0.026456202756780955,-0.0039029413512771116
20241014,20241011,0,1,0,1,0.03126278891834677,0.037909706736231064,0.020430752202186042,0.10821889731502354,0.00644541613380234,-0.010503662919440826,1,1,0,0,0.05658514695983863,0.024554709346248593,0.04704227907820724,0.0153011340362732,-0.0249975298883508,-0.05455478410668424,0.019230769230769384,-0.011667268340203929
20241015,20241014,1,1,0,0,0.038163598891336914,0.05126362944806018,0.02426359082762719,0.05909829406986189,0.012618464537490048,-0.013389034328070704,1,1,0,0,0.09059486992905219,0.05050386190934386,0.06475409836065582,0.025613014651751698,-0.021820695102685694,-0.05777923061267043,0.03676953381483905,-0.0013428182976038538
20241016,20241015,1,1,0,0,0.029676594384357102,0.03666392109653849,0.016681099311790737,0.07057654075546727,0.0067859430332679604,-0.012620948308858404,1,1,0,0,0.032750397456279945,0.0029852121420324007,0.043390975042204794,0.0133191146935292,-0.01624566617137202,-0.044598722362127585,0.026704298740772847,-0.0028866302874072103
20241017,20241016,1,1,0,0,0.037228357677235424,0.041298998812150156,0.03321941216678059,0.06916599839615056,0.003924537065328915,-0.003865055829588404,1,1,0,0,0.044277053095719276,0.00679570257244877,0.056269282129207454,0.018357504700905247,-0.0055550044638429386,-0.04124777521209244,0.03269813772195751,-0.004367620612902301
20241018,20241017,1,0,0,0,0.019913131808469764,0.016323237338629504,0.009599499933026667,0.09911986588432531,-0.003519804145941885,-0.010112265009427857,0,1,0,0,0.009515837702101404,-0.010194293790425246,0.02893301135855464,0.008843772345681344,-0.030557453870936335,-0.04948518075251518,-0.00801349641501481,-0.027381379210174472
20241021,20241018,1,0,0,0,0.028754949406071262,0.02493574330486692,0.018414045222728825,0.07969639468690715,-0.003712454655415587,-0.010051863360961422,0,1,0,0,0.025439263200250473,-0.003223008752215595,0.03765784388621762,0.008654047774240281,-0.017517960830626955,-0.04497952623548773,0.024093816631130194,-0.004530848456799297
20241022,20241021,1,1,0,0,0.024505415415942533,0.02562934746604828,0.0060699402065591546,0.07584328514561078,0.0010970484227741384,-0.017994512212410996,0,1,0,0,0.01955108221252355,-0.004835829199992814,0.04457652303120363,0.019591021495100724,-0.010484927916120546,-0.03415340007534984,0.009373668512995481,-0.014769806655247297
20241023,20241022,1,1,0,0,0.021039733940136696,0.021818406576426197,0.0005878894767783471,0.07097989949748751,0.0007626271636702597,-0.020030409966942164,0,1,0,0,0.0036082020593153352,-0.017072334505097042,0.03640266535485881,0.015046360003481363,-0.004457501772869965,-0.024971834949668703,-0.006322444678609207,-0.026798348496347768
20241024,20241023,0,0,0,1,0.013946389727036879,0.005228273846280551,0.0071202168220865225,0.10968808097500515,-0.00859820200464756,-0.00673228187812569,0,1,0,0,-0.009769133044202127,-0.023389326113803066,0.01863991081382399,0.004628963754238047,-0.011048593350383662,-0.0246511880023057,-0.023474178403755874,-0.03690586456041978
20241025,20241024,1,0,0,0,0.012126507076708037,0.005822624471366833,0.003975325565455767,0.08931518151815188,-0.006228354421374149,-0.008053520438660366,0,0,0,0,-0.038616080869602,-0.05013463000081708,0.008273919549335318,-0.003806428841094056,-0.009573276301048983,-0.02143979356931547,0.002327057330230531,-0.009682040414869642
20241028,20241025,1,1,0,0,0.013246539625876963,0.01760657421674372,-0.006535651068851345,0.0898876404494382,0.00430303427680756,-0.01952357093865098,0,1,0,0,-0.013323018738181203,-0.026222204887932365,0.023056419369169356,0.009681631626311082,-0.013004165396728662,-0.025907520031895004,-0.004385964912280715,-0.01740198840912721
20241029,20241028,1,1,0,0,0.012322225320691604,0.015018337533550419,0.007107610122685681,0.06270161290322585,0.0026632944979596562,-0.0051511416696933265,0,1,0,1,-0.00377293030920689,-0.015899241592566726,0.019755492558469312,0.007342787752607771,-0.0031376518218623195,-0.015271695865075485,0.01830422890805794,0.005909189226257716
20241030,20241029,1,1,0,0,0.023126165101473806,0.03925031686994829,0.01766946624443544,-0.017780273254725865,0.015759690562576534,-0.005333358722672488,1,1,0,1,0.050149466827287714,0.02641248229941806,0.0592935621538182,0.035349889667573464,0.006022251709707049,-0.016717306208340665,0.04828930272845389,0.024594364297666482
20241031,20241030,1,1,0,0,0.019600604718208237,0.02994086523498285,0.017693827841352983,0.019920318725099584,0.01014148134958437,-0.0018701213671624695,0,1,0,1,-0.0003521901826987195,-0.01956922623287516,0.03479201406102139,0.014899372629355812,0.0033642573147110166,-0.015924223002971583,0.05144974929147583,0.03123688278124348
20241101,20241031,1,1,1,0,0.0014441196153709424,0.004692788471521547,0.007541757275713712,0.050462878925394694,0.00324398415500049,0.006088844640362634,0,0,1,1,-0.04255132479382351,-0.043932001344310634,-0.00255823347246531,-0.003996581546031219,0.004035596026490174,0.002587739405883527,0.011015642211940957,0.009557720105487277
20241104,20241101,0,1,1,0,-0.0033858075325492454,0.00022572437002388313,-0.0007757243896875377,0.0726415094339623,0.0036238013966383154,0.002618950404869702,0,0,1,1,-0.045438809070451835,-0.042195868627744826,-0.006125438323937971,-0.002748938166940884,0.01804943082760735,0.021508060513453442,0.0019334049409238663,0.005337283488110467
20241105,20241104,1,1,1,0,0.0035399788657977105,0.008110350549678458,0.012233822379616344,-0.056306306306306286,0.004554249736065552,0.008663176053677946,0,0,1,1,-0.04834020394879579,-0.05169717590447043,0.0,-0.0035274916200136452,0.03000103809820409,0.026367718067707324,0.01677194510999791,0.013185290594157406
20241106,20241105,1,0,1,0,0.006158731266465489,0.005947271612507521,0.03056347090725242,-0.06932659324787871,-0.00021016530233930464,0.024255357412709788,0,0,1,1,-0.04662255070470955,-0.05245820597783668,-0.004519129519129472,-0.010612501242378336,0.03625128733264682,0.029908358523414336,0.03323327615780447,0.026908820695974667
20241107,20241106,1,1,1,0,0.024084277644938812,0.025205312785156586,0.08786572502980827,-0.13492504164353136,0.0010946707850996162,0.062281443800256575,0,0,1,1,-0.028960238145864348,-0.05179702193337876,0.012496203410422124,-0.011315547448072838,0.06364863461738124,0.03863388769469989,0.1176848874598071,0.09139932313980981
20241108,20241107,1,1,1,0,0.033811813306024785,0.042530299031648955,0.09006225501498744,-0.1758362273807348,0.008433339233901327,0.05441071671359543,0,0,1,1,-0.0017130620985010836,-0.034363000061801374,0.030424026734950704,-0.0032769857409931102,0.07056744959467887,0.03555350772314503,0.14121724063244523,0.10389262914586839
20241111,20241108,1,1,1,0,0.03210945857344982,0.04211934490027569,0.0761999457651632,-0.17199926021823553,0.0096984735908352,0.04271880935250216,0,0,1,1,-0.01741272402955918,-0.047981521912856984,0.027511806247562998,-0.00445461698630456,0.055735711390352716,0.022891227883482745,0.15930531732418518,0.123238729859662
20241112,20241111,1,1,1,0,0.024712486308871684,0.03284422110552776,0.08439140383148636,-0.14381591562799612,0.00793562575386142,0.05823967046364853,0,0,1,1,-0.05934111759799843,-0.08202652454215775,0.008681892053716611,-0.015643992309393284,0.045018673665085274,0.019816473037582272,0.22123706987544867,0.19178509698313562
20241113,20241112,1,1,1,0,0.029528441822760376,0.04494244677600068,0.06450889855202413,-0.17325905292479105,0.014971907843507548,0.03397716401824846,0,1,0,1,-0.018692821956368788,-0.046838204580103016,0.03266573377645621,0.003047309648037677,0.012083375289497544,-0.01694471548777865,0.20131105942059646,0.16685563081064392
20241114,20241113,1,1,1,0,0.025571011506096752,0.04347028986983359,0.03691452765281822,-0.1835739733733358,0.017452987811590992,0.011060683287121176,0,1,0,1,-0.039540816326530615,-0.06348836609276598,0.025894764375081758,0.0003156805968116405,-0.0023940149625935048,-0.027267762207535684,0.17089536590480203,0.1417009185792899
20241115,20241114,1,1,1,0,0.018888984287799504,0.03550127226463107,0.025738545904829158,-0.17102001906577702,0.01630431600793436,0.006722578929261536,0,1,0,1,-0.04761073532620552,-0.06526689427355825,0.019296796905558633,0.0004002522591255442,-0.023564954682779526,-0.041666893670711413,0.14477040816326525,0.12354773269381902
20241118,20241115,1,1,1,0,0.0019842966865666334,0.004246971504843433,0.012541546643031198,-0.09021675454012879,0.002258193891620186,0.010536342726503944,0,0,0,1,-0.07913324032089297,-0.08095689450992882,-0.009527521545190765,-0.011489020606236355,-0.0801362315937093,-0.08195789949187626,0.11305434103685186,0.11085008489412429
20241119,20241118,1,1,1,0,0.007744632729640433,0.00928505106778088,0.03075191355245388,-0.1258033106134372,0.0015285800470781208,0.022830467239001395,0,0,0,1,-0.0654785305551916,-0.07266043490253593,-0.010948747790853197,-0.01854971975376285,-0.06306673458991352,-0.07026717386501957,0.16314900802026155,0.15421007489733118
20241120,20241119,1,1,1,0,0.011965987794006594,0.015122187273167276,0.04234836843532497,-0.09325513196480928,0.003118879010984399,0.0300231243023783,0,0,0,1,-0.06019817607856903,-0.0713108590041518,-0.0018122977346277658,-0.013615364246252648,-0.05189783250228952,-0.06310866280744609,0.18600212089077428,0.17197824353380753
20241121,20241120,1,1,1,0,0.021643973079118917,0.03032598902449024,0.053320561941251565,-0.10591958302308258,0.008498083651591992,0.031005506513842596,0,0,0,1,-0.0589718633870111,-0.0789079548163566,0.011819813509609034,-0.009616030464997594,-0.027516292541636456,-0.04811878395620728,0.20804195804195813,0.18244906236862213
20241122,20241121,1,1,1,0,0.024911953594364933,0.025714982125446983,0.06699435645366836,-0.09770876727892452,0.0007835097720010342,0.04105952975933236,0,0,0,1,-0.04936207655081393,-0.07246869341771256,0.019118288956787355,-0.005652841317011825,-0.030334190231362523,-0.053903307139680945,0.15597298438159557,0.12787540464095448
20241125,20241122,1,0,1,0,0.02844363083724799,0.021137850278607928,0.09082187400063968,-0.17236389943931996,-0.007103724831950653,0.060653050194506175,0,0,0,1,-0.058411011412144,-0.08445250633589352,0.014373181640540134,-0.013681303257479405,-0.00936695831188894,-0.03676486295933934,0.17914831130690168,0.1465366462009845
20241126,20241125,1,0,1,0,0.028751958404352296,0.02258780783205494,0.08963409152207147,-0.16752039461202806,-0.0059918725033177855,0.05918057566777368,0,0,0,1,-0.04979975622496957,-0.07635632086782085,0.014638172183129239,-0.013719328654415719,-0.00873185094933493,-0.036436197323819974,0.1783057851239671,0.14537403841406094
20241127,20241126,1,0,1,0,0.03245268748818253,0.018294145873320566,0.08514476413817973,-0.16901676829268286,-0.013713501632029224,0.05103582690863062,0,0,0,1,-0.08463270595233041,-0.11340509338531135,0.00617178124464246,-0.02545482864447579,0.0029423701298700866,-0.028582730924074706,0.1609171658748194,0.12442650393905552
20241128,20241127,1,0,1,0,0.03244771641868249,0.017970103549699967,0.08810513005780352,-0.19177827380952372,-0.014022611158657106,0.05390821516094135,0,0,0,1,-0.06390099969172502,-0.09332067336505767,0.008579765689647578,-0.023117829938960055,0.01605364763259498,-0.015878836792776907,0.1849471283433548,0.14770666785302855
20241129,20241127,1,0,1,0,0.03244771641868249,0.017970103549699967,0.08810513005780352,-0.19177827380952372,-0.014022611158657106,0.05390821516094135,0,0,0,1,-0.06390099969172502,-0.09332067336505767,0.008579765689647578,-0.023117829938960055,0.01605364763259498,-0.015878836792776907,0.1849471283433548,0.14770666785302855
20241202,20241129,1,0,1,0,0.059633511536297146,0.05350831869381012,0.11071822189566505,-0.264040089856575,-0.005780482379805552,0.04820979121857283,0,0,0,1,-0.013103637863098982,-0.06864368539452759,0.051700863930885355,-0.007486218130182243,0.02669277543027926,-0.031086914246661435,0.26345609065155795,0.19235195649838532
20241203,20241202,1,1,1,0,0.057071308489773154,0.05715692509693682,0.10398209882181031,-0.2559366754617415,8.099416423101857e-05,0.04437807549526451,0,0,0,1,0.002176081240366168,-0.05193143244785914,0.05377160466258757,-0.0031215527284529365,0.00040294147275110603,-0.05360884035154012,0.27508576329331036,0.2062438485015854
20241204,20241203,1,1,1,0,0.05984450957336662,0.06349663587168997,0.09059930028624663,-0.22764824674132544,0.00344590764525754,0.029018210157318425,0,0,0,1,0.0022798777985499896,-0.05431422369493499,0.05837132385804944,-0.0013900017427180833,-0.015420278169723911,-0.07101493385420088,0.2637103684661526,0.19235449827904572
20241205,20241204,1,1,1,0,0.05368475810646767,0.06308283049917729,0.07429871114480657,-0.17885548011639185,0.008919244888384137,0.0195636815278446,0,1,0,1,0.0038310722495153993,-0.04731366328819464,0.06276169068711712,0.008614467003358106,-0.018187239117471665,-0.06821015172801537,0.2622950819672132,0.19798172295443495
20241206,20241205,1,1,0,0,0.02642799133730378,0.03210174453103365,0.0036253267009527246,-0.09242618741976893,0.005527668030893995,-0.022215552214863155,0,1,0,1,-0.04304983796093553,-0.06768894640891332,0.02811227769445046,0.0016409201340585877,-0.04988285825849281,-0.07434603327250777,0.1580360567702339,0.12821948207147194
20241209,20241206,1,1,0,0,0.02048320209533072,0.02519764770027666,0.010787714696674833,-0.0738522954091817,0.004619816960500511,-0.009500878974537108,0,0,0,1,-0.05692835692835685,-0.07585774941198486,0.014404852160727843,-0.005956344917900092,-0.03756916804193777,-0.05688713936502943,0.1937749098500665,0.1698133858537998
20241210,20241209,1,1,0,0,0.01084939567695864,0.016026763138444755,-0.0016378296657147962,-0.04199240562876927,0.005121799037154151,-0.012353200581685986,0,0,0,1,-0.05441735822959892,-0.06456624912245101,0.008896947208635542,-0.0019314929372001854,-0.05701670186216179,-0.06713769413065818,0.13390049935269088,0.12173040237445654
20241211,20241210,1,1,0,0,0.00674727770726169,0.013155846177798525,-0.020686801820438583,-0.04904815229563264,0.00636561787892953,-0.027250214761124325,0,0,0,1,-0.053198563638781726,-0.05954408089641172,0.00042399830400685623,-0.0062809004238435495,-0.05901671013232879,-0.06532323384013472,0.04736387208297321,0.0403443796423375
20241212,20241211,1,1,0,0,0.017691405595577248,0.033163712932093414,0.0013054830287206887,-0.05368373764600176,0.01520333890160086,-0.016101071972074887,0,0,0,1,-0.018690332123168063,-0.03574928265946564,0.013635401228033084,-0.003985495352759161,-0.03522037608198192,-0.05199197063730143,0.08801267382503086,0.06909881310071575
20241213,20241212,1,1,0,0,0.011955993904787299,0.027818448023426035,-0.0018289311386160412,-0.024575103353238426,0.015675043395346533,-0.01362205977970643,0,0,0,1,-0.005174703484910892,-0.016928302705730203,0.011473250329324669,-0.00047704008708904233,-0.058094190580941896,-0.0692225599805284,0.09097421203438394,0.07808463866565263
20241216,20241213,1,1,0,0,0.01830285666132969,0.0429338103756709,0.004871949642148765,-0.0225390984360625,0.02418823982788143,-0.013189501464442865,1,1,0,1,0.02318548387096775,0.0047948674382063405,0.019272587728648816,0.0009523012343288784,-0.036716171617161564,-0.054030122687547144,0.13890436397400174,0.11843382990015727
20241217,20241216,1,1,0,0,0.03591976099018357,0.08377469440360863,0.026085434173669597,-0.07233311869499903,0.04619559855454747,-0.00949332871796349,1,1,0,1,0.07684295251171824,0.039504209749236185,0.05566000612128885,0.01905576655110508,0.03190678427529137,-0.0038738296787158566,0.17732884399551052,0.1365058263490999
20241218,20241217,1,1,0,0,0.02744197908696755,0.07155713771449146,0.009347835582929287,-0.01336600579193592,0.04293688551321084,-0.017610866474540576,1,1,1,1,0.04641488267738625,0.018466155731031053,0.045892351274787524,0.017957580635566295,0.028599391039582533,0.0011264986015497858,0.1428052984939212,0.11228207699812964
20241219,20241218,0,1,0,1,-0.006810096561070567,0.025841179041036222,-0.04244894419633172,0.1151358344113842,0.03287515860667867,-0.03588321579977949,1,1,0,1,0.005784931187310605,0.012681389233590412,0.003933774261877021,0.010817539310203239,-0.034775142213158694,-0.028156796152738695,0.047210300429184615,0.05439080361490678
20241220,20241219,0,1,0,1,-0.007451312447078751,0.02186139873203885,-0.04793660416576451,0.1688528003331251,0.02953276906887692,-0.04078922497847448,1,1,0,1,-0.00347891495463315,0.004002219278773422,0.005884134469778868,0.013435559468357727,-0.044676098287416255,-0.03750424166305988,0.052279305354558714,0.060179030561110514
20241223,20241220,0,1,0,0,-0.004244782454899121,0.02709018178937761,-0.053403855997270155,0.009024134312696663,0.03146854135650834,-0.0493686326480578,0,1,0,1,-0.005831173639392895,-0.0015931537756886938,0.01062189480897735,0.014930052087026136,-0.032025450689289414,-0.027899093818337994,0.084535329559978,0.08915857075170797
20241224,20241223,0,1,0,0,-0.0013769709996472868,0.03376895549536374,-0.07270595133391977,-0.0301573426573426,0.035194388146839284,-0.07142733370136145,1,1,0,1,0.023823842346301527,0.025235561982959176,0.01913527397260273,0.020540528684565906,-0.04519950124688277,-0.04388295580475754,0.053904999110478524,0.05535819674163189
20241225,20241224,1,1,0,0,0.006309306645691404,0.04613198049704903,-0.07842409240924098,-0.03646308113035557,0.03957299568668171,-0.08420214192132669,1,1,0,1,0.02437236576873736,0.017949808278386215,0.0297101759493128,0.023254151729574346,-0.05787155587421888,-0.06377846462917347,0.06891109942135709,0.062209295255685415
20241226,20241224,1,1,0,0,0.006309306645691404,0.04613198049704903,-0.07842409240924098,-0.03646308113035557,0.03957299568668171,-0.08420214192132669,1,1,0,1,0.02437236576873736,0.017949808278386215,0.0297101759493128,0.023254151729574346,-0.05787155587421888,-0.06377846462917347,0.06891109942135709,0.062209295255685415
20241227,20241226,1,1,0,0,0.0011487555148590456,0.039838212483556124,-0.06208960186185686,-0.02430635175418483,0.03864506323917927,-0.06316579532099043,1,1,0,1,0.03750290090508246,0.03631243128452755,0.025259839836428766,0.02408341836190986,-0.06272129489124922,-0.063796763522182,0.08469750889679717,0.08345288641843407
20241230,20241227,0,1,0,0,-0.006379105923216999,0.034157925984563464,-0.07702842913467522,0.022554660529344073,0.040797282091622256,-0.07110289611723764,1,1,0,1,0.04271735039518254,0.04941165852195284,0.025520338543915777,0.03210424081990748,-0.08650000000000002,-0.08063527503739432,0.03709536307961514,0.04375357770956123
20241231,20241230,0,1,0,0,-0.023782258733714978,0.011515674657668562,-0.08760904618183318,0.06903028880018769,0.036157848704529094,-0.06538171224518674,1,1,0,1,0.008727948003713903,0.03330220847580456,0.003166046292730984,0.027604809754318005,-0.09767115037141139,-0.07568894572828877,-0.006381510865815732,0.01782465850838566
20250102,20241231,0,1,0,0,-0.02907410168480684,-0.00787905839430214,-0.08599793174767323,0.08274231678486998,0.021829722873067503,-0.05862839806997,1,1,0,0,-0.02519677915498053,0.00399342785742407,-0.014536978173341764,0.014972433567474797,-0.09314268452321017,-0.06598709844858275,-0.04540104254245836,-0.016815846488370534
20250103,20250102,0,1,0,1,-0.03190872812173995,-0.012846557161375172,-0.07869849602133072,0.1133824578084146,0.019690468775099168,-0.04833197990599658,1,1,0,0,-0.013602656839998173,0.018909447707575078,-0.02039695945945952,0.01189120178714731,-0.06305660763640086,-0.032174527773841666,-0.035599254110866285,-0.003812167402321598
20250106,20250103,0,1,0,0,-0.025853273211993377,-0.00894392844857228,-0.06832994312756857,0.041814316087881,0.017358108689822682,-0.04360397540484562,1,1,0,1,-0.0011224856321838672,0.025387127934364484,-0.02231161614067101,0.003635650537984203,-0.06458143536795236,-0.03975598448465234,-0.016603649515041896,0.009495103194002041
20250107,20250106,0,1,0,0,-0.01862657831404735,0.005231789348613569,-0.05695564516129037,0.034889203206034836,0.024311202173860957,-0.039056556862315905,1,1,0,1,0.0475950757402408,0.0674785485228675,-0.004835146513275768,0.014053194733028906,-0.052604541251412784,-0.03462286850910734,0.012752567075190457,0.03197472511057997
20250108,20250107,0,1,0,1,-0.0315559138546585,-0.0214633034493239,-0.06784413845059223,0.11135057471264376,0.01042146939582822,-0.037470645042988915,1,1,0,0,0.027111859163899243,0.06057941171603476,-0.028566683275203397,0.003086632075325113,-0.06324389751866044,-0.032720509234692496,-0.06359300476947538,-0.03308099184366209
20250109,20250108,0,1,0,0,-0.02512072501157625,-0.013610781423484819,-0.06738737222899926,0.0804383306131966,0.011806532237776945,-0.04335577573738547,1,1,0,0,0.021803720802669346,0.048133596659753364,-0.022526852509717088,0.0026607115038834728,-0.06036237785016274,-0.03614976104503298,-0.03849290490947643,-0.013716754721305291
20250110,20250108,0,1,0,0,-0.02512072501157625,-0.013610781423484819,-0.06738737222899926,0.0804383306131966,0.011806532237776945,-0.04335577573738547,1,1,0,0,0.021803720802669346,0.048133596659753364,-0.022526852509717088,0.0026607115038834728,-0.06036237785016274,-0.03614976104503298,-0.03849290490947643,-0.013716754721305291
20250113,20250110,0,1,0,1,-0.037010617120106115,-0.025758739915482165,-0.08394592310942106,0.16462552991050394,0.01168432114066964,-0.04873917285458684,1,1,0,0,0.02167907477641995,0.060945315638901265,-0.03038779402415759,0.006877358373508224,-0.08191336481215361,-0.046628497146834924,-0.051493645816141353,-0.015039655632258953
20250114,20250113,0,0,0,1,-0.04291640601850333,-0.045969202898550665,-0.08630188837952646,0.15167339188226925,-0.00318968677265441,-0.04533092264233496,1,0,0,0,-0.00644012058098109,0.03811191171481676,-0.051008898358190335,-0.008455366271635678,-0.08084974734453954,-0.039634303173281094,-0.08267270668176674,-0.04153900548840883
20250115,20250114,0,0,0,1,-0.03663561299290119,-0.04068376068376067,-0.06374637804670191,0.11655286084294803,-0.004202093979657984,-0.028141755517895217,1,0,0,0,0.007917510587368781,0.04624742639561763,-0.04314582195521577,-0.006757784541465139,-0.08004246284501071,-0.0450575612276497,-0.07403151674326991,-0.03881802592531702
20250116,20250115,0,0,0,0,-0.01891726386521253,-0.026068271351290084,-0.03874372506114043,0.024705882352941133,-0.007288893405922869,-0.020208755557190816,1,0,0,0,-0.00040304523063150466,0.018871210299268304,-0.028278602802760955,-0.009541844528250243,-0.05192719486081376,-0.033646429378272336,-0.043371922387086204,-0.024926193909209693
20250117,20250116,0,0,0,0,-0.024967451671912833,-0.046620956203429986,-0.042441562873229755,0.00925497454881996,-0.022207981229597773,-0.017921567060792287,1,0,0,0,-0.01714737952866696,0.008020319072071125,-0.045311464546056945,-0.02086495769708263,-0.07249894470240614,-0.048748621891645305,-0.06673021925643463,-0.04283217791665872
20250120,20250117,0,0,0,0,-0.01110394016118077,-0.02624113475177292,-0.024278357207772494,-0.0074508918491758,-0.015307164428443043,-0.01332234759711659,1,0,0,0,0.026220574440523503,0.037743617471575286,-0.02446037169764137,-0.013506405858910497,-0.06998625647531453,-0.05954348359293804,-0.05350905049221977,-0.042881261290444006
20250121,20250117,0,0,0,0,-0.01110394016118077,-0.02624113475177292,-0.024278357207772494,-0.0074508918491758,-0.015307164428443043,-0.01332234759711659,1,0,0,0,0.026220574440523503,0.037743617471575286,-0.02446037169764137,-0.013506405858910497,-0.06998625647531453,-0.05954348359293804,-0.05350905049221977,-0.042881261290444006
20250122,20250121,1,0,1,0,0.02860407996179304,0.016128719964373373,0.040527078427820884,-0.18580819798917247,-0.012128437209662724,0.011591436100925279,1,0,0,1,0.07820399833016367,0.0482206121233868,0.016448501550120564,-0.011817548314725812,0.006449460691648978,-0.021538529451454957,0.050204918032786816,0.021000148153987652
20250123,20250122,1,0,1,0,0.03470397543081383,0.03372425462395712,0.03834258164286353,-0.23851086569291058,-0.000946860967117491,0.0035165673452974833,1,1,0,1,0.11246874557720443,0.07515653944792478,0.03828121639640414,0.0034572602894471505,0.015588464536243185,-0.018474376583516694,0.06687295856970943,0.031090035317107523
20250124,20250123,1,0,1,0,0.03146409540725714,0.026954073959819524,0.03339041095890427,-0.12791181364392679,-0.004372446377454264,0.0018675546344504301,1,0,0,1,0.095661484033144,0.06223909190027577,0.024834717748770885,-0.006427153100146188,0.018624014022787128,-0.012448403625140547,0.05538720538720532,0.023193352135541412
20250127,20250124,1,0,1,0,0.02233096235013199,0.012928643831162656,0.03288017704710722,-0.05948625506985128,-0.009196941954448201,0.01031878626929661,1,0,0,1,0.04211097054039392,0.01934794985059618,0.0051665476540514454,-0.016789489243897116,0.006203068886712293,-0.015775608934258223,0.052160702228224,0.029178163409547597
20250205,20250204,1,0,0,0,0.016606132274685326,0.01135793898723425,0.011139330749008636,-0.009297052154195073,-0.005162464715521509,-0.005377502015893376,0,0,0,1,-0.027284577695869117,-0.043173760788111304,-0.02023329798515383,-0.036237662837435236,0.001731414349096294,-0.014631741294247491,0.055165496489468335,0.03792950188929667
20250206,20250205,1,0,1,0,0.01488175221714605,0.004403858618980516,0.021735257438090017,-0.02505694760820054,-0.010324250658044654,0.0067530086199421024,0,0,1,1,-0.036346162247171354,-0.05047673224235527,-0.019099476439790597,-0.03348294378404193,0.02700357878755022,0.011944077764648453,0.04349959116925595,0.028198200321949418
20250207,20250206,1,0,0,0,0.030052834548018437,0.02799021701153004,0.02662535919540243,-0.08360267183796588,-0.0020024385811173717,-0.003327475288313786,0,0,0,1,-0.02431462863722922,-0.05278123739070495,0.003718584373397116,-0.025565921757961574,0.0053838699257025,-0.02394922259802379,0.06485568760611216,0.033787444576437675
20250210,20250207,1,0,1,0,0.01913518465113917,0.014846585285384295,0.019349600829912994,-0.051359516616314216,-0.004208077034670077,0.00021039032113034928,0,0,0,1,-0.029838060302406655,-0.04805372799518226,-0.0045322387549170395,-0.023223046130193103,-0.011591376882244653,-0.030149642555910572,0.06463104325699742,0.044641632720620716
20250211,20250210,1,1,1,0,0.04196454719288889,0.04349454839409295,0.04699534197297428,-0.1334681496461072,0.0014683812470643876,0.004828182296258143,0,0,0,1,0.006874427131072336,-0.033676884838693466,0.03252032520325199,-0.009063861160228615,0.010062611806797905,-0.030617102541575347,0.09135200974421442,0.04739840974856402
20250212,20250211,1,1,0,0,0.041142778513562295,0.044366642930611544,0.03889528193325664,-0.11582852431986823,0.003096467154728,-0.0021586823888981588,0,0,0,1,0.010895048958764253,-0.029052431788445632,0.04036802253917959,-0.0007441399876861876,-0.0008975653539773365,-0.04037903804851861,0.08201058201058209,0.03925283288749948
20250213,20250212,1,1,0,0,0.03636269946237469,0.04597291518175339,0.017749863462588777,-0.09595107549557158,0.009273023550889992,-0.017959770271007924,0,0,1,1,0.005389112166605647,-0.02988682177758517,0.035388127853881235,-0.0009403769635852877,0.0381952457881376,0.001768248053228616,0.11115050522956937,0.07216373746950899
20250214,20250213,1,1,0,0,0.02859408212152914,0.037158892974646696,0.009373326191751463,-0.0342135476463834,0.008326716050564897,-0.018686434487484083,0,1,0,1,-0.001657631826531114,-0.02941074081008177,0.029575100090404316,0.0009537464641558024,0.025070581592320673,-0.003425550069217742,0.1041418101244247,0.07344756237278216
20250217,20250214,1,1,0,0,0.030525319451017552,0.04886177594137364,0.0065927212793441825,-0.037138927097661534,0.01779331001796658,-0.02322368768622085,0,1,1,1,-0.0021025319853270608,-0.031661377765784704,0.04108459869848158,0.010246501515449369,0.040050062578222745,0.009242609519074296,0.1409601634320734,0.10716363964728859
20250218,20250214,1,1,0,0,0.030525319451017552,0.04886177594137364,0.0065927212793441825,-0.037138927097661534,0.01779331001796658,-0.02322368768622085,0,1,1,1,-0.0021025319853270608,-0.031661377765784704,0.04108459869848158,0.010246501515449369,0.040050062578222745,0.009242609519074296,0.1409601634320734,0.10716363964728859
20250219,20250218,1,1,0,0,0.02327721811305583,0.03379077701537159,0.007761908986072985,-0.049135577797998264,0.010274399464988537,-0.015162371303050759,0,1,1,1,-0.012971184817620052,-0.03542383460614784,0.03438554525650317,0.010855638087918562,0.038194839149710225,0.014578279250819781,0.11524911927528936,0.08987975060348896
20250220,20250219,1,1,0,0,0.016383384462316464,0.028048780487804903,-0.014622046216110296,-0.01994775587746367,0.011477358055847597,-0.030505644968634837,0,1,1,1,-0.008259840825984077,-0.024245993849394964,0.025925612132508657,0.00938841367939136,0.022317975914263544,0.005838930016635935,0.06845528455284544,0.051232537727951666
20250221,20250220,1,1,0,0,0.006496932919991982,0.010761791875976146,-0.017652985238074348,-0.02947368421052632,0.004237329311686189,-0.023994030551095613,0,0,1,1,-0.020100928713795096,-0.026426172563311034,8.285347363190532e-05,-0.0063726765940079755,0.01655520228045182,0.009993343279526057,0.030937802126973724,0.024283103512372728
20250224,20250221,0,1,0,0,-0.016088560885608727,-0.012316010814058198,-0.05027689355949938,0.05723825423324591,0.003834237433956833,-0.03474736781662291,0,0,1,0,-0.0483918936143094,-0.03283154504004604,-0.02874038541063595,-0.012858702543813272,-0.013766401376640203,0.002360130614050604,-0.03971925346945282,-0.024017093047636218
20250225,20250224,0,0,0,0,-0.017698241689557026,-0.018427959141287253,-0.054484236302418165,0.07091518926689022,-0.0007428648534492099,-0.03744877203124719,0,0,0,0,-0.05168227540756154,-0.0345963278905832,-0.032553280401170115,-0.015122683621338173,-0.02541639627947212,-0.007857213452605705,-0.05214182576608373,-0.035064158019802116
20250226,20250225,0,1,0,0,-0.008558986936283097,-0.0017308103693043364,-0.04896247240618101,0.014610024724657222,0.006887123365896031,-0.04075228373400097,1,1,0,0,0.007809927075982159,0.016510224810735386,0.004130597178890083,0.01279913171632896,-0.042328042328042326,-0.03406057944628227,-0.07742998352553543,-0.06946555133565602
20250227,20250226,0,1,0,0,-0.016508965791040886,-0.013893946072325192,-0.04882028665931637,0.025104602510460206,0.002658915666495121,-0.03285370150248923,1,1,0,0,0.020796252927400394,0.03793142735505106,-0.011299435028248483,0.0052969783979601726,-0.05290834943120848,-0.03701038685059732,-0.08832552882286449,-0.07302208208698824
20250228,20250227,0,0,0,0,-0.027849321214336697,-0.03947545264289698,-0.061176678601423395,0.08529480307620618,-0.011959186659297183,-0.03428209033265972,0,0,0,0,-0.0425879279783562,-0.015160825462190441,-0.03948390437559335,-0.011967880509829665,-0.05919205011881623,-0.03224060795146544,-0.11752344002586479,-0.09224302442862276
20250303,20250228,0,0,0,0,-0.0179492264974217,-0.02844852308574697,-0.06073600840152271,0.07380506091846284,-0.01069119527382334,-0.043568808312729024,0,0,0,0,-0.04672213586906826,-0.02929880017203712,-0.028599732954300627,-0.010845168848951703,-0.051635663887107275,-0.034302134165161036,-0.12391749330814039,-0.10790507952330475
20250304,20250303,0,0,0,1,-0.02999235651856047,-0.04832564284209917,-0.07815259625574,0.11718041704442439,-0.018900146248063465,-0.04964934045707958,0,0,0,0,-0.07784348782835915,-0.04933067448629269,-0.052597374463844826,-0.02330395857928813,-0.07629221970432731,-0.0477314415993596,-0.15555909018609826,-0.12944922085033073
20250305,20250304,0,0,0,1,-0.03498000903357479,-0.04354287699523263,-0.07778224545413936,0.12247614821388964,-0.008873254483653392,-0.04435373030738987,0,0,0,0,-0.05569561157796443,-0.021466500941233257,-0.04040404040404033,-0.0056206414594930365,-0.057864799824983715,-0.023714317843810284,-0.1393654904499838,-0.10816924249607662
20250306,20250305,0,0,0,1,-0.03110771378244548,-0.04282418441474256,-0.08134667077953561,0.10894941634241251,-0.01209264517734665,-0.05185195270076637,0,0,0,0,-0.0451478743068392,-0.014490940555637044,-0.04073945796172829,-0.009940985511283196,-0.05131252025494226,-0.02085351154086923,-0.13339670468948028,-0.10557312960593324
20250307,20250306,0,0,0,1,-0.052149879183079006,-0.07336053905286144,-0.10514385353095035,0.25537383177570105,-0.022377651702467083,-0.05590965616188093,0,0,0,0,-0.10222584885987585,-0.0528311054427445,-0.08014859729279644,-0.029539182930721553,-0.08067581837381199,-0.030095411251461868,-0.18288669487541143,-0.13792984019420151
20250310,20250307,0,0,0,1,-0.05013854070457857,-0.07139350453172211,-0.0992783730592609,0.20456148600987523,-0.022376909410462553,-0.051733683763875216,0,0,0,0,-0.07467090331366322,-0.025827306044485798,-0.06936933100540821,-0.020245889663840444,-0.06501017457427449,-0.01565663468515399,-0.16374362244897955,-0.11960173837210941
20250311,20250310,0,0,0,1,-0.06689748156532438,-0.09598026466763543,-0.11163716814159286,0.2848043676069152,-0.0311678326097532,-0.04794723590642702,0,0,1,0,-0.1035182367316827,-0.039246229050792114,-0.10123700712997163,-0.036801449879540926,-0.05480052608505037,0.012964229804638405,-0.2374123645634162,-0.18273970933455275
20250312,20250311,0,0,0,1,-0.08089608993965458,-0.10892772791686345,-0.11571667694476262,0.3288214702450407,-0.03049887795099071,-0.03788536489070293,0,0,1,0,-0.12553482020937634,-0.048567664418695644,-0.11777156887647111,-0.04012112072768281,-0.046158955058667295,0.03779456762261679,-0.2316645408163266,-0.16403852624973936
20250313,20250312,0,0,0,1,-0.07672101898200911,-0.09672531676736296,-0.10899424014178105,0.25804195804195795,-0.0216665798709047,-0.03495500474210744,0,0,1,0,-0.10832196452933152,-0.0342268655487854,-0.10430330470105365,-0.02987427016765054,-0.02133632790567086,0.05998695108955254,-0.1913610431947841,-0.1241661800709194
20250314,20250313,0,0,0,1,-0.08608459294616821,-0.11349611962899864,-0.11412217154100712,0.3128061581525543,-0.02999350538491985,-0.030678527113601306,0,0,1,0,-0.11374579812846364,-0.030266701894726022,-0.11941311169536084,-0.03646783771446971,-0.04445926419917745,0.04554615057992861,-0.24617102744096997,-0.17516548387215491
20250317,20250314,0,0,0,1,-0.07695209354960408,-0.10494495241649549,-0.10281241708676037,0.22515454113171662,-0.030326550411168496,-0.028016231179812556,0,0,1,0,-0.09746903607969848,-0.02222738645168798,-0.10545241679210571,-0.03087632076660074,-0.04010135507326207,0.03992288831253865,-0.240660697746218,-0.17735656302624592
20250318,20250317,0,0,0,1,-0.06978842053468925,-0.1029081111214345,-0.09080851440456705,0.17880952380952375,-0.03560447033542913,-0.0225971105218451,0,0,1,0,-0.08351638499125835,-0.014757894611954758,-0.10226278284785595,-0.03491072679597573,-0.0341319330489005,0.03833158850407381,-0.2542524619516562,-0.19830331667446843
20250319,20250318,0,0,0,1,-0.08253610034505887,-0.12019578397018738,-0.10562915364640646,0.21531100478468912,-0.041047591779134196,-0.025170530753344078,0,0,1,0,-0.1115276062797671,-0.031599614922845465,-0.12392632969937223,-0.04511374166316562,-0.05649841235081565,0.028380068146589554,-0.2743682310469314,-0.2090895682914835
20250320,20250319,0,0,0,1,-0.07472305157195758,-0.10867067022538557,-0.08859250099368454,0.19166464744366363,-0.03668914340846996,-0.014989511459557958,0,0,1,0,-0.11894330455905955,-0.047791369991685206,-0.11260219671318861,-0.04093817013985279,-0.05479304009510433,0.021539509344431718,-0.23831989042763657,-0.17680851028831368
20250321,20250320,0,0,0,1,-0.07354434942167176,-0.10790536641661863,-0.08561491126371168,0.16485900216919736,-0.03708867982347286,-0.013028753005613347,0,0,1,0,-0.12801315618643694,-0.05879267586177894,-0.11610952321776236,-0.045944102957890975,-0.0661130284728213,0.008021237653644375,-0.2181931853704282,-0.15613141962970511
20250324,20250321,0,0,0,0,-0.059939327266059994,-0.08599452554744536,-0.06432506887052347,0.08504398826979487,-0.027716507069283303,-0.004665381428741955,0,0,1,0,-0.10983123493169034,-0.05307307189070232,-0.08902797292119047,-0.030943370464092568,-0.04994547437295527,0.010631072209456471,-0.14451827242524917,-0.08997179396220434
20250325,20250324,0,0,1,0,-0.03873009494147783,-0.05618712370400292,-0.034084077140082214,0.016778523489932917,-0.018160382084844606,0.004833208422469815,0,0,1,0,-0.06135698610095097,-0.02353854109069986,-0.059954213640879384,-0.022079250154106833,-0.014315836200199827,0.025397922698715547,-0.08293838862559244,-0.04598947023252853
20250326,20250325,0,0,0,0,-0.03160339256865907,-0.038689316605626245,-0.035792210203797414,0.014621178555604741,-0.00731717147973332,-0.004325518700699638,0,0,1,0,-0.04677652770645635,-0.015668306788107933,-0.044461949148833724,-0.013278192510692288,-0.01815311760063143,0.01388922148715932,-0.03321428571428575,-0.0016634642596482507
20250327,20250326,0,0,0,0,-0.043647189423756116,-0.058652052238805874,-0.04678227002967361,0.06439909297052138,-0.015689672941943678,-0.003278163216803298,0,0,1,0,-0.08933651463705605,-0.04777455004891984,-0.07584415584415594,-0.0336664106220379,-0.03592067988668557,0.008079141349953245,-0.08501594048884176,-0.043256788297782345
20250328,20250327,0,0,0,0,-0.030715323476625755,-0.037279868870809696,-0.03663072649371424,0.013098561305561418,-0.006772566979733496,-0.006102854156640358,0,0,1,0,-0.052082825822168055,-0.02204460966223376,-0.049777618042140315,-0.019666352958232047,-0.01802525832376567,0.01309219619397739,-0.06979300238138852,-0.040315997819058036
20250331,20250328,0,0,0,1,-0.06482883974553166,-0.07719857527992602,-0.06615420451898446,0.12197250709142482,-0.013227242306134035,-0.0014172429922798546,0,0,1,0,-0.09514674851333205,-0.03241963616537391,-0.08491109830177801,-0.021474420309092745,-0.04858527787171674,0.01736961378213908,-0.12473040977713867,-0.06405412461105775
20250401,20250331,0,0,0,0,-0.04176302310841595,-0.05659390403379938,-0.04449659929111982,0.044228038141610915,-0.015477258009279904,-0.002852714149657709,0,0,0,0,-0.06452895848869011,-0.02375814744085991,-0.05574610143138059,-0.014592505465948702,-0.052570093457943945,-0.011278076937277892,-0.10378602373328316,-0.0647261607729468
20250402,20250401,0,0,0,0,-0.027545678327497103,-0.04611038240339027,-0.03347543842650902,0.017592409567108058,-0.019090566684884513,-0.006097726100711465,0,0,0,0,-0.06921441637415338,-0.04284904403015155,-0.048100686498855794,-0.021137248005650866,-0.09253454081040291,-0.0668297328054781,-0.10099680270829425,-0.07553169618750855
20250403,20250402,0,0,1,0,-0.03179775666312212,-0.0515129180693612,-0.027869717465342725,0.03384932920536632,-0.020362647930138422,0.004057044098804585,0,0,0,0,-0.08299859652518993,-0.05288238094306197,-0.05433948639256214,-0.023282046581250104,-0.0823274880437257,-0.05218923187623936,-0.10146252285191959,-0.07195270065549542
20250407,20250404,0,0,1,1,-0.12265592443394913,-0.1405477947904593,-0.12022335518329685,0.46105797384345104,-0.02039321955296336,0.0027726513672334807,0,0,0,0,-0.2267353446161393,-0.1186301054293204,-0.16550745858881666,-0.04884233603244015,-0.15624284077892325,-0.038282490621828646,-0.20038131553860827,-0.08859168628284375
20250408,20250407,0,0,0,1,-0.10025330907274621,-0.10373786305079014,-0.10569308163570257,0.31639518413597734,-0.0038728166640468187,-0.00604589338066952,0,0,0,0,-0.17050714947021905,-0.07808179913956803,-0.12324970131421742,-0.025558740558158433,-0.15364100185528762,-0.05933635913405977,-0.11659005432511493,-0.018157049553060967
20250409,20250408,0,0,0,1,-0.10692185926032516,-0.11776929601357089,-0.12916562889165628,0.5001756234632948,-0.012146122784128965,-0.02490685710088958,0,0,0,0,-0.19394128669581512,-0.09743764119387999,-0.13757197696737056,-0.03431963711670305,-0.18997330857607064,-0.09299460542944182,-0.15936916372691434,-0.058726445172144204
20250410,20250409,0,0,0,1,-0.018340580099128645,-0.022896921915625312,-0.05678766782695166,0.2560681860292757,-0.004641469051411717,-0.0391654039561965,0,0,0,0,-0.06354549163606693,-0.04604948582014645,-0.03694255479969766,-0.01894951988791327,-0.1407917383820999,-0.12473894285590059,-0.04757105422293895,-0.02977659413359679
20250411,20250410,0,1,0,1,-0.04867433172536351,-0.047316052440534606,-0.08273599192327097,0.4072494669509594,0.0014277752930731413,-0.035804416230756364,0,0,0,0,-0.13577652485904657,-0.09155875431349947,-0.0639988442646634,-0.016108587259180185,-0.16703501221356287,-0.12441657408746598,-0.05756613756613749,-0.009346752786456913
20250414,20250411,0,0,0,1,-0.051296174552690754,-0.052662302464245636,-0.09133027749026557,0.49660392004657483,-0.0014399941002776195,-0.04219873670130825,0,0,0,0,-0.14349642004773278,-0.0971854893191455,-0.07287089838272409,-0.022741263660301048,-0.14690692069321698,-0.10078039486711898,-0.06708680626143515,-0.01664442714911496
20250415,20250414,0,0,0,1,-0.04942255135325746,-0.05238519377757522,-0.09209053297639325,0.37406584528378106,-0.0031166765301821053,-0.04488638109801424,0,0,0,0,-0.15182938759538245,-0.10773118633091194,-0.07088149282829692,-0.022574637664283803,-0.1330841544908823,-0.08801134853001924,-0.07442977190876354,-0.02630739935089621
20250416,20250415,0,1,0,1,-0.041727567644647245,-0.03487587979938467,-0.08095074061315888,0.34488188976377954,0.007150041693698261,-0.040931129441034164,0,0,0,1,-0.1358018563557849,-0.09817071381247089,-0.05307565401838332,-0.011842233993775153,-0.1117558314958802,-0.07307761497334253,-0.03503316749585417,0.0069859049710307985
20250417,20250416,0,0,0,1,-0.07312256449138654,-0.07633762398885391,-0.10369724281630088,0.49166327775518504,-0.0034686997161639255,-0.032986754400960105,0,0,0,0,-0.175865294667914,-0.11084823757754825,-0.09771532269322047,-0.02653291283149961,-0.14097873313514753,-0.07320942990323809,-0.09930069930069929,-0.02824336185824594
20250418,20250417,0,0,0,1,-0.06910820704168075,-0.07336310144806568,-0.09060762703598957,0.4761018001241466,-0.004570772283707836,-0.023095509227753386,0,0,0,0,-0.1734081095836022,-0.11204299289229136,-0.09616646358609049,-0.029067026639498228,-0.12310890403048846,-0.058009639140975455,-0.0979608156737306,-0.030994589113690685
20250421,20250417,0,0,0,1,-0.06910820704168075,-0.07336310144806568,-0.09060762703598957,0.4761018001241466,-0.004570772283707836,-0.023095509227753386,0,0,0,0,-0.1734081095836022,-0.11204299289229136,-0.09616646358609049,-0.029067026639498228,-0.12310890403048846,-0.058009639140975455,-0.0979608156737306,-0.030994589113690685
20250422,20250421,0,0,0,1,-0.08883293733820352,-0.09926378837035177,-0.10329260513273464,0.5908523908523908,-0.011447792023645542,-0.015869392548376382,0,0,0,0,-0.17925569264720642,-0.09923839328086603,-0.1218919424191438,-0.03628204578023808,-0.13326446280991733,-0.04876331387782595,-0.1370873786407767,-0.05295893945245045
20250423,20250422,0,0,0,1,-0.08157399665551845,-0.09411812660498109,-0.10241309968399892,0.5608360836083608,-0.013658291363465969,-0.02269001852364161,0,0,0,0,-0.1874330248416951,-0.11526135780202995,-0.11565501079814355,-0.0371080675182518,-0.12587255122720098,-0.048233123202487516,-0.1487633813215209,-0.0731571018474323
20250424,20250423,0,0,0,1,-0.06957911931324523,-0.07883111093097717,-0.08401540683678377,0.4930131004366811,-0.009943877883418772,-0.01551586795094595,0,0,0,0,-0.15240707184485036,-0.08902202675252613,-0.0930158003205862,-0.02518933258467093,-0.09163987138263674,-0.023710508359515825,-0.11433321019578868,-0.04810090982643245
20250425,20250424,0,1,0,1,-0.0385163298686223,-0.035158346752549585,-0.056082494284741435,0.4030677460587986,0.0034925014541473676,-0.018269852064901837,0,1,0,1,-0.0777951327656573,-0.04085228290114151,-0.03770845044032223,0.0008402424850229018,-0.04924776680771037,-0.011161330423450466,-0.03232675183894684,0.006437527980927449
20250428,20250425,0,1,0,1,-0.02899061860760399,-0.01881151114986923,-0.051268266458139866,0.3425180161085206,0.01048301659365869,-0.022942773033346464,0,1,0,1,-0.05011307565789469,-0.021753092663226226,-0.014372842891589022,0.015054206474353071,-0.06173272535952301,-0.033719660571113974,0.004332414336352786,0.03431793099277036
20250429,20250428,0,1,0,1,-0.008656372601950735,0.007399667334840432,-0.027488151658767723,0.23842862699338774,0.016196240630439007,-0.01899621739259494,0,1,0,1,-0.02225991096035629,-0.013722323907110034,0.0084795038278902,0.017285506212227464,-0.03590047393364926,-0.027481995726552744,0.052156057494866515,0.061343441785599584
20250430,20250429,0,1,0,1,-0.009063444108761254,0.014096221103812923,-0.017043460825103995,0.22440256460073837,0.023371491418786805,-0.008053004674114184,0,1,1,1,-0.03007918371685181,-0.02120795673865239,0.012688880278961756,0.021951278574195987,0.009617755856966781,0.018852064599560903,0.0830180748213536,0.09292372794471948
20250506,20250505,1,1,0,0,0.11524303356554788,0.1496675893723236,0.09796346376731613,-0.16993987975951896,0.030867313016712306,-0.01549399483176983,1,1,1,1,0.19628243354691355,0.07266523756913745,0.18144431649942416,0.05936040929323183,0.12204724409448842,0.006101101126977371,0.20863137815927524,0.0837381106924786
20250507,20250506,1,1,0,0,0.10789484119116532,0.1362316788217801,0.09590643274853794,-0.1318090114324142,0.02557719070173503,-0.01082089021168997,1,1,0,1,0.15811992311031187,0.045333798887579047,0.1646680475307969,0.0512442194230196,0.05726811892040007,-0.045696324586486314,0.15373699148533593,0.0413777089573617
20250508,20250507,1,1,0,0,0.1302570093457942,0.16161130606162577,0.12927582656446623,-0.2644579723718099,0.027740855802327324,-0.0008681059026529603,1,1,0,1,0.22717293038873798,0.08574679939303342,0.20074556278862743,0.062365066405235314,0.1081661891117478,-0.019544953095962603,0.224142187114293,0.08306533557605666
20250509,20250508,1,1,1,0,0.029966096751850024,0.04783261802575112,0.06062842682412484,-0.10842307124944695,0.017346708139467815,0.029770232407623,1,1,1,1,0.04422176233525765,0.013840907606925024,0.06872363386637881,0.037629915428048166,0.04220085470085477,0.011878796775533607,0.08931216931216923,0.057619442763675366
20250512,20250509,1,1,1,0,0.07579396850813991,0.09366175086288053,0.10511254196246766,-0.24305555555555558,0.016608925944731734,0.027252963218398873,1,1,0,1,0.15022833758377319,0.06919017140322459,0.11951432834285125,0.04064008640552319,0.06675045384722811,-0.00840636304501019,0.15315517628565023,0.07191080266492955
20250513,20250512,1,1,1,0,0.09186425441060786,0.11762764084507049,0.127522239097418,-0.3235217842323652,0.02359577789124523,0.032657891805477846,1,1,0,1,0.20672239637756884,0.1051945253294897,0.14797075875976806,0.05138597048352578,0.068882012646307,-0.021048625478362948,0.18718675092612758,0.08730251597711236
20250514,20250513,1,1,1,0,0.08851461641193059,0.12702194631459296,0.11847960113654632,-0.238277230633544,0.03537603383737209,0.027528325548249688,1,1,0,1,0.2327566320645904,0.13251270444867758,0.16217026378896882,0.06766619966926046,0.0131957146590016,-0.06919420338258986,0.2410289667099006,0.1401123586201376
20250515,20250514,1,1,1,0,0.09296702070273999,0.13251381034520393,0.1071964017991005,-0.2251170960187353,0.03618296700026402,0.013019039757678597,1,1,0,1,0.23364539658836359,0.12871237029198968,0.16546368659465394,0.06633014950926985,-0.0022210608831984002,-0.08709144904000454,0.23651987110633743,0.13134234399067046
20250516,20250515,1,1,1,0,0.12327359890423484,0.1690080597955783,0.12520949343136722,-0.29021264994547435,0.04071533501362268,0.0017234398894632186,1,1,0,1,0.2749268176115658,0.13501004461893373,0.20906606157495733,0.07637717360615803,0.032610142419805754,-0.08071360047353748,0.25842945874001777,0.120323187483111
20250519,20250516,1,1,0,0,0.12877794874717452,0.17430758838099525,0.1253217503217503,-0.27347911410148595,0.040335337596162146,-0.003061893997185261,1,1,0,1,0.2796757730411288,0.13368247002117206,0.21793010473918883,0.0789811282998254,0.04069537732121686,-0.07803356853641596,0.29366134751773054,0.14607248392259908
20250520,20250519,1,1,0,0,0.15756596870864792,0.205259633811272,0.1435372660610703,-0.3142969158389963,0.04120168214329056,-0.012119138802281437,1,1,0,1,0.2946101197751161,0.11838992746076626,0.2484032361081543,0.07847264851854807,0.055754204741093716,-0.087953314730851,0.2916291629162917,0.11581473352849292
20250521,20250520,1,1,0,0,0.12441915599810338,0.17051385889128867,0.11527177681762413,-0.2657175077530307,0.04099423479873798,-0.008135203968807736,1,1,0,1,0.26807337249730256,0.12775859939141876,0.21412241504728247,0.079777419808855,0.04842864502833599,-0.0675820138463521,0.2458803122289679,0.10802124419789716
20250522,20250521,1,1,0,0,0.08860333943446275,0.1286518831397394,0.06812089356110396,-0.1860193038900263,0.036788922332428475,-0.018815343597971768,1,1,0,1,0.1999191078754261,0.10225558236739607,0.1577459099171885,0.06351493512655004,0.002907711757269338,-0.07872070989761337,0.16120959332638152,0.06669670325431687
20250523,20250522,1,1,0,0,0.06658252391666197,0.09981812346207342,0.047098835411728324,-0.16337686000607343,0.03116083265959091,-0.018267398975736593,1,1,0,1,0.12413265584876787,0.05395750506090469,0.11639001119602788,0.046698203057429444,-0.020274446779577238,-0.08143483391916684,0.12782556511302268,0.05741988062158221
20250526,20250523,1,1,0,0,0.051703472323114896,0.0776197731504995,0.04347826086956519,-0.07183454373223874,0.02464221285695456,-0.007820846531371717,1,1,0,1,0.09604458633190838,0.0421612319210547,0.0879742888665036,0.03448768355140053,-0.015077881619937616,-0.06349827275509401,0.09941176470588231,0.0453628742685277
20250527,20250523,1,1,0,0,0.051703472323114896,0.0776197731504995,0.04347826086956519,-0.07183454373223874,0.02464221285695456,-0.007820846531371717,1,1,0,1,0.09604458633190838,0.0421612319210547,0.0879742888665036,0.03448768355140053,-0.015077881619937616,-0.06349827275509401,0.09941176470588231,0.0453628742685277
20250528,20250527,1,1,0,0,0.07315966234001992,0.10332126754302418,0.0654560377552067,-0.16959798994974873,0.028105422018226855,-0.007178451497157012,1,1,0,1,0.13448612315698183,0.05714570065300428,0.11564887330034113,0.039592627687546234,-0.025439351112203634,-0.09187730112519221,0.13290398126463687,0.05567141686479782
20250529,20250528,1,1,0,0,0.06027204502814243,0.09122452842091988,0.048039165689224284,-0.15122183433830527,0.02919296376615832,-0.011537491152653678,1,1,0,1,0.14097857651635537,0.0761187016734659,0.10588235294117654,0.043017552077234456,-0.037982413287738104,-0.09266910202586054,0.1057636328352416,0.0429055807143266
20250530,20250529,1,1,0,0,0.06403505608251892,0.09350747681241711,0.057785076465154406,-0.17156559405940597,0.027698730940696192,-0.005873847465491577,1,1,0,1,0.13734769364664934,0.06890058475521199,0.10315759394199175,0.03676809108481005,-0.03001808318264021,-0.08839289525989547,0.11369000786782046,0.04666665022120364
20250603,20250602,1,1,0,0,0.04578657632860472,0.07033119898533235,0.026087390263368038,-0.1267005408949352,0.02347001119759584,-0.018836717272078474,1,1,0,1,0.09472188601799725,0.04679282637303239,0.07543511379899348,0.028350466664502694,-0.027065868263473125,-0.06966282245449906,0.10077071290944128,0.05257682382371631
20250604,20250603,1,1,0,0,0.057816187822753884,0.08513571913650098,0.05071880969136422,-0.16127474649927576,0.02582635019981816,-0.006709462582528469,1,1,0,1,0.13284191546905655,0.07092510826547671,0.09741947461245704,0.037438722573546857,-0.003750756200846972,-0.05820193029029053,0.14302623791674884,0.08055279459220444
20250605,20250604,1,1,0,0,0.06644595561918387,0.09837768222513033,0.05930782131422463,-0.19411309062742055,0.029942189229276606,-0.006693385883595693,1,1,1,1,0.16078599346790168,0.08846208975863501,0.10825104132540853,0.03920037905901408,0.06880912271608142,0.0022159276655753235,0.18860188601886008,0.11454488598885604
20250606,20250605,1,1,0,0,0.056847545219638196,0.08584729981378025,0.05627595988248402,-0.15613560401082283,0.02743986559396805,-0.0005408399155956145,1,1,1,1,0.13602399494843187,0.07491756979228148,0.09415689727074739,0.03530249203858005,0.06735617323852638,0.009943371744033591,0.13651945956846134,0.07538638350365412
20250609,20250606,1,1,0,0,0.060312179237603125,0.0852567121997172,0.053285614872253806,-0.1593315684976836,0.02352564975727245,-0.006626882632246867,1,1,1,1,0.13351413372274945,0.06903811530089254,0.09404690870702725,0.031815846436547,0.07970271655561256,0.01828757388409108,0.1876821449387993,0.12012496715144683
20250610,20250609,1,1,0,0,0.06262182372328717,0.08756685861835778,0.062496887605199,-0.16063386155129278,0.02347498831490813,-0.0001175734539785589,1,1,1,1,0.14705579045065487,0.07945815231944153,0.10078125000000004,0.03591063671458139,0.10315486320198963,0.0381443694960828,0.21538461538461529,0.14376026188326074
20250611,20250610,1,1,0,0,0.034460282337604564,0.05190509008565525,0.03194304132390435,-0.04006133793367839,0.016863680554878524,-0.0024333858502638694,1,1,1,1,0.09356809544426792,0.05713879412856304,0.057839262187088236,0.02260017155675964,0.07337948395217109,0.037622712325522834,0.15528634361233484,0.11680106364421805
20250612,20250611,1,1,0,0,0.02474268965987325,0.03262282045811582,0.023965872597421223,-0.0252798147433424,0.007689862906812284,-0.000758060604179267,1,1,1,1,0.05988023952095811,0.034289144207262146,0.033187172212191474,0.008240588235004731,0.08794326241134764,0.061674577812749876,0.1066016373454104,0.07988244123283983
20250613,20250612,1,1,1,0,0.027502169880358807,0.028881005629675327,0.02901634587484292,-0.03362296939931997,0.001341929768846395,0.0014736474908472186,1,1,1,1,0.05624097956143226,0.027969585392135565,0.036048349207705055,0.008317431902203687,0.10462223386146374,0.0750558648358719,0.07748436414176507,0.048644368573184105
20250616,20250613,1,1,0,0,0.011076110151407415,0.014848338950409268,0.0036515639263920985,0.0591511426925293,0.00373090488552541,-0.0073432120000377354,1,1,1,1,0.03537791106321175,0.024035580178197735,0.020132224354873163,0.008956906520231733,0.0775973188966228,0.06579248394589587,0.09624537281861456,0.08423625265406876
20250617,20250616,1,1,0,0,0.014271289128239495,0.024505762113861573,0.004384083869430677,-0.010418676442214947,0.010090468985293422,-0.00974808748387912,1,1,1,1,0.06714211983296581,0.052126912465567665,0.034697092255949524,0.020138402167792835,0.0550493545937738,0.04020429830029282,0.1123864999143398,0.09673468216815029
20250618,20250617,1,1,0,0,0.004505337480037008,0.013543801842876624,-0.0020098578743359408,0.03335239184295791,0.008997925671071272,-0.006485973853277316,1,1,1,1,0.06509322633939107,0.060316144273905525,0.028863781709656644,0.024249193429600746,0.02985449071751134,0.025235458978313474,0.11341463414634134,0.10842082426313526
20250619,20250618,1,1,0,0,0.007742261954963414,0.01676052818728735,0.002726229194566665,0.015550009598771286,0.00894898087813556,-0.004977495684924227,1,1,1,1,0.07100311997730935,0.06277483877635892,0.03397954380108703,0.026035706585555873,0.015479115479115402,0.007677412981710985,0.1620257570483814,0.15309816896446993
20250620,20250618,1,1,0,0,0.007742261954963414,0.01676052818728735,0.002726229194566665,0.015550009598771286,0.00894898087813556,-0.004977495684924227,1,1,1,1,0.07100311997730935,0.06277483877635892,0.03397954380108703,0.026035706585555873,0.015479115479115402,0.007677412981710985,0.1620257570483814,0.15309816896446993
20250623,20250620,1,1,1,0,0.01959304121058225,0.02687899578980213,0.02952610599872063,-0.039525691699604626,0.007145943807707056,0.009742185741425269,1,1,1,1,0.08397939037896673,0.06314906689823752,0.04911025819958126,0.02894999847581592,0.03844699357115844,0.01849164480192078,0.21641522988505746,0.19303994899845978
20250624,20250623,1,1,1,0,0.029257919017647183,0.03433852140077809,0.04217519685039384,-0.04192377495462796,0.004936180027626191,0.012550088363736167,1,1,1,1,0.10089914945321987,0.06960474057265365,0.05903898142495856,0.028934499173671746,0.038107255520504646,0.008597783256604208,0.22117772259666535,0.18646424771955283
20250625,20250624,1,1,1,0,0.04778021446702696,0.05997172256696248,0.05879739336492884,-0.16397346487497877,0.011635558613918962,0.010514780433705795,1,1,1,1,0.16064375987361768,0.10771681298066982,0.09007539350116844,0.04036646087620177,0.06047570850202422,0.01211656209929024,0.2537899054752988,0.19661536662348844
20250626,20250625,1,1,0,0,0.027015139981392267,0.038256398449790785,0.02055849783341368,-0.08245083207261727,0.0109455625635686,-0.006286803277404052,1,1,1,1,0.13340341153423485,0.10358977916797807,0.07385874246339363,0.04561140401771491,0.05006305170239589,0.022441647473104842,0.19724375538329042,0.16575083343462915
20250627,20250626,1,1,1,0,0.04107328194919435,0.052629550403731074,0.04817283830470531,-0.09497102262105073,0.011100341018165372,0.006819458801419431,1,1,1,1,0.1480503265462927,0.10275649798331776,0.08575505967825636,0.04291895537402013,0.062333375650628575,0.020421322946285958,0.24657774657774656,0.19739673295984295
20250630,20250627,1,1,1,0,0.042132022709939765,0.054161137076145005,0.04541044052008525,-0.09859943977591024,0.011542793143353158,0.003145875703560508,1,1,0,1,0.14237887990817355,0.09619400902541475,0.08263178344773991,0.0388624088457481,0.031692766592095634,-0.010017210766346318,0.23348640056517134,0.18361817282769732
20250701,20250630,1,1,1,0,0.048287212202446694,0.06266494577257231,0.052274832983859154,-0.10737506966375632,0.013715452599977862,0.003803939163804504,1,1,0,1,0.16473114082170381,0.111080176562117,0.09666103676757176,0.046145583006294455,0.04722818537694162,-0.001010244914921632,0.24693986162852588,0.1895021203289422
20250702,20250701,1,1,1,0,0.042077913313424586,0.045450201639876786,0.05979291235234063,-0.09834834834834838,0.0032361191839576087,0.016999687655396833,1,1,0,1,0.1422391001297889,0.09611679274334528,0.0773556557201116,0.03385326754936835,0.022648941408173417,-0.018644452259307887,0.20672151234027636,0.1579954789592899
20250703,20250702,1,1,1,0,0.04086631213407377,0.04456666034515466,0.05740802755585328,-0.08059873344847446,0.0035550657831302512,0.015892257467593707,1,1,0,1,0.13350809849265044,0.08900450065353205,0.07261577500528671,0.030502920981386517,0.02975467573475843,-0.010675373263385968,0.21815671384190538,0.17032965678784984
20250704,20250703,1,1,1,0,0.04935143389324259,0.051912930007375735,0.0702360391479564,-0.0855440215301807,0.002441027887701619,0.01990239359299184,1,1,0,1,0.12241697416974162,0.06962923756192496,0.08513513513513504,0.0341007789060046,0.03346265761396694,-0.015141520529805996,0.2261124525698519,0.16844787453217713
20250707,20250703,1,1,1,0,0.04935143389324259,0.051912930007375735,0.0702360391479564,-0.0855440215301807,0.002441027887701619,0.01990239359299184,1,1,0,1,0.12241697416974162,0.06962923756192496,0.08513513513513504,0.0341007789060046,0.03346265761396694,-0.015141520529805996,0.2261124525698519,0.16844787453217713
20250708,20250707,1,1,1,0,0.04658966360340622,0.05190647687646499,0.05370929842228933,-0.09204073934364398,0.0050801316484943015,0.006802699344813368,1,1,0,1,0.10602621705498172,0.05679069411686699,0.07957481048574944,0.03151679022777221,0.012354651162790553,-0.03271101715522806,0.2498225691980127,0.19418585207011918
20250709,20250708,1,1,1,0,0.03538405047234372,0.042308272946860015,0.04412458706937228,-0.07793741389490261,0.006687588505306152,0.008441830442569742,1,1,0,1,0.11962823226281394,0.08136515310626802,0.075222352743749,0.038476835965582934,0.005340612390220656,-0.029016709373123284,0.15982332733518745,0.12018658854757724
20250710,20250709,1,1,1,0,0.040655016008537936,0.04814396080648198,0.04822834645669283,-0.10055643879173293,0.007196376015817574,0.007277464992387905,1,1,1,1,0.09736581857412574,0.05449529545641729,0.07639961591449906,0.03434817432876125,0.04271982912068362,0.0019841475612785153,0.15958980932542866,0.11428839671870206
20250711,20250710,1,1,1,0,0.037706440273263864,0.039759645083394135,0.04796979161810655,-0.10243610223642163,0.0019785988892866424,0.009890418856935979,1,1,0,1,0.08459440436389243,0.045184227707290026,0.06688255075351845,0.028115957796861712,0.03635084427767343,-0.0013063386165681479,0.1687321258341279,0.1262646934390812
20250714,20250711,1,1,1,0,0.03701609684714646,0.04092710505061903,0.037775593315545475,-0.10512769748564632,0.003771405492511981,0.0007323863831121269,1,1,0,1,0.08655543785310726,0.0477710434356573,0.0645335774319713,0.02653524922948325,0.031409268697404125,-0.005406693460968337,0.1378876121517394,0.09727092531280279
20250715,20250714,1,1,1,0,0.034881987577639606,0.04225536858674084,0.048923771031111896,-0.10340109460516023,0.007124852009802618,0.01356848763629559,1,1,1,1,0.07475646846211492,0.038530461794788806,0.05388135383600612,0.018358968932137287,0.04634898055950676,0.011080483687524678,0.18752015478877793,0.14749330749143685
20250716,20250715,1,1,1,0,0.04211055276381903,0.05647487475330193,0.047536981186270255,-0.1729827742520399,0.01378387537808412,0.005207152358317035,1,1,0,1,0.11450036205648062,0.06946461591879483,0.07835430865075077,0.034779185174555804,0.02763157894736845,-0.013893894249559668,0.16722945811223688,0.12006298661556136
20250717,20250716,1,1,1,0,0.03574035972655487,0.04304778303917356,0.0486312093751482,-0.10489374147007224,0.007055265582725623,0.012446024264224809,1,1,1,1,0.07980126626802675,0.042540493983554306,0.0644749835418037,0.027743076288767154,0.05337651433369306,0.017027582676989006,0.1589403973509933,0.11894876594068848
20250718,20250717,1,1,1,0,0.051060197814335684,0.061843199516141034,0.0736993526732197,-0.15437108078199924,0.010259166624545735,0.021539351319707523,1,1,1,1,0.09258110264137565,0.039503831382238674,0.08180009945300859,0.029246566183931177,0.07332521315468954,0.021183387389850372,0.19292755437333753,0.13497548176023866
20250721,20250718,1,1,1,0,0.0504485806106052,0.061003043535794665,0.06048175530646316,-0.14914933837429112,0.010047576930471314,0.009551323959165803,1,1,0,1,0.08902718926553677,0.03672584205169427,0.079798021605066,0.027939912087272756,0.04367287684490684,-0.006450295512570037,0.16264789576156957,0.10681085892442743
20250722,20250721,1,1,1,0,0.058036615736689834,0.07087675341191635,0.058410209837005844,-0.16086793864571647,0.012135815986185072,0.0003531012960795721,1,1,0,1,0.09701923504064669,0.03684430077763823,0.08601480003325856,0.02644349342965624,0.04236465161446956,-0.014812307900429533,0.13406171563561187,0.07185488551923847
20250723,20250722,1,1,1,0,0.0478380404898775,0.05567572651180286,0.0543041979506067,-0.1541958704300057,0.00747986398571765,0.006170951245200174,1,1,1,1,0.07518431857313135,0.026097809992152055,0.06558794466403173,0.016939549327542824,0.05421174182569599,0.006082716115974218,0.10951343500363109,0.05885966354582761
20250724,20250723,1,0,1,0,0.045205840667128294,0.044518137018785486,0.05693103930619681,-0.12899287894201417,-0.0006579600128371332,0.011218076079238859,0,1,1,1,0.02960442364951099,-0.01492664546120337,0.05278272124251737,0.007249175502648475,0.05249343832021003,0.006972404257165499,0.10014224751066858,0.05256037108295897
20250725,20250724,1,0,1,0,0.04496639873501107,0.04407199349545432,0.05463037222248435,-0.12036273701566369,-0.0008559177028463205,0.009248118886092449,0,1,1,1,0.01833818135829013,-0.02548236709711993,0.04828554241026661,0.0031763161755953284,0.05067851567191073,0.005466316375162261,0.09064748201438855,0.04371536092899886
20250728,20250725,1,0,1,0,0.041234249105202014,0.03688989784335983,0.041641520820760336,-0.1255938855608345,-0.004172309223957615,0.0003911432186449737,0,1,1,1,0.010331702011963095,-0.02967876548413162,0.043493846337674835,0.002170114202845852,0.04696462715105154,0.0055034475198774135,0.08109249612839653,0.038279807889000095
20250729,20250728,1,1,1,0,0.03582638109642078,0.036581583316608546,0.04009652868015601,-0.1475036254402321,0.0007290818557723622,0.00412245494193253,0,1,1,1,0.028845348739847454,-0.0067395776782435135,0.053076524305140094,0.016653508274678153,0.0428863992290085,0.006815831553850238,0.10022909507445599,0.06217520151385303
20250730,20250729,1,1,1,0,0.028178360443473327,0.028315568124138935,0.031975531766995635,-0.1238293444328823,0.00013344735305120814,0.0036931056610496338,1,1,1,1,0.03137829912023471,0.00311224083278816,0.042885913991233204,0.014304476843313818,0.03508983480043404,0.0067220577896422995,0.06330914781618979,0.03416798945035571
20250731,20250730,1,1,0,0,0.02721606087590067,0.03844677233587457,0.01628365671299492,-0.11761032472939215,0.010933154073153206,-0.010642750419598945,1,1,1,1,0.043472771652217856,0.015825989677824115,0.054628043192413545,0.026685702609769102,0.038035628310062464,0.010532903296835094,0.09733101247461562,0.06825725791215587
20250801,20250731,1,1,0,0,0.018744459666371283,0.02579883805374017,-0.007419807265982015,-0.11375495721143802,0.0069245808607187875,-0.02568285567994333,0,1,0,1,-0.008713967126455668,-0.026953203555893923,0.03595930920274437,0.0168981037128888,0.01026064394386128,-0.008327717164016257,0.06729951827713232,0.04766166642679215
20250804,20250801,0,1,0,0,-0.005788850865129369,-0.004206968465715111,-0.03657880580957518,-0.03489594282110586,0.0015910929995011092,-0.03096923120530093,0,1,1,1,-0.025067806361469547,-0.019391208309337604,0.00042808219178080975,0.006253131502618858,0.008094791177850835,0.013964480337060658,0.0009846673231115322,0.006812957382478446
20250805,20250804,1,1,0,0,0.016900818457175948,0.021864753727152575,0.0,-0.10843373493975905,0.004881435022844993,-0.01661992807009216,0,1,1,1,0.006784487813049633,-0.009948197956487825,0.028911030911658697,0.011810603587382618,0.03876525484565674,0.021501051028411045,0.04471890971039194,0.02735575657754019
20250806,20250805,1,1,0,0,0.012299706612502792,0.014357098888365671,-0.0018079096045198195,-0.0768409818569904,0.0020323944207667477,-0.013936204984422496,0,1,1,1,-0.01894468644694669,-0.030864765499146296,0.014944008740098935,0.002612173164057152,0.02526266084287565,0.012805450940760688,0.024400564174894113,0.011953828973125802
20250807,20250806,1,1,0,0,0.013973015415184475,0.019901123595505776,-0.013816230717639155,-0.0735749005744587,0.005846416117783804,-0.027406297515171096,0,1,0,1,-0.029452728166475484,-0.04282731682349439,0.020245898460225842,0.006186439825987655,-0.01980198019801993,-0.03330956060933721,0.024734005803509707,0.010612698981854907
20250808,20250807,1,1,0,0,0.010274519829982953,0.024826717076244398,-0.022064056939501864,-0.06095661846496114,0.014404200997477856,-0.032009692548642166,0,1,0,1,-0.02315960251470295,-0.03309409639501992,0.024554440034243896,0.01413469302053083,-0.03462321792260692,-0.044441126516925,0.010739532354540504,0.00046028333431147317
20250811,20250808,1,1,0,0,0.02174401077579291,0.036719595813785366,-0.006224627875507371,-0.09712389380530972,0.014656885560427213,-0.027373430483888184,0,1,0,1,-0.013405370272575823,-0.03440135755890594,0.03935899941371912,0.017240119298131518,-0.018271661686968366,-0.039164088108897155,0.034167934707428405,0.012159527044550256
20250812,20250811,1,1,0,0,0.017781405547286466,0.02991675805900651,-0.013083023432949425,-0.10616960976673206,0.01192333878923102,-0.03032520422559626,0,1,0,1,-0.005823729647705389,-0.023192735754784866,0.033171647629478995,0.015121362994362286,-0.0352328084286847,-0.05208801584212863,0.02145281737949767,0.0036072695101332375
20250813,20250812,1,1,1,0,0.03303115054489347,0.04190616467883301,0.03651402979617946,-0.13834685376014033,0.008591235733073743,0.0033715142563210954,0,1,0,1,0.015836920328108572,-0.01664444504671092,0.03993641192664099,0.006684465786056082,0.011756489349319166,-0.020594404325903093,0.057721449235431876,0.023900826879726722
20250814,20250813,1,1,1,0,0.033113325430136786,0.041360871359615414,0.046149669713148045,-0.15007623611413623,0.007983195769974971,0.012618503664719949,1,1,0,1,0.033755446068650885,0.0006215394020272491,0.03710718565188831,0.0038658491023613184,0.01935777727169219,-0.013314655633463568,0.035348837209302264,0.00216385920512141
20250815,20250814,1,1,0,0,0.0269250366218714,0.03220007119971524,0.019292604501607746,-0.14547437295528898,0.005136727988633405,-0.007432316720382026,1,0,0,0,0.030868454143511803,0.0038400247155454537,0.02554968206542574,-0.0013392940160169564,0.016454834316840472,-0.010195683162495639,0.010624344176285438,-0.015873303176255127
20250818,20250815,1,1,0,0,0.025271678511106233,0.028649823611160752,0.021589529078396952,-0.13263719173516997,0.0032948780024435464,-0.0035913890043822727,0,0,1,0,0.006444291330604424,-0.018363315377874168,0.018436889110353016,-0.006666320297346484,0.05111858119856283,0.025209808511429177,-0.007986603117351443,-0.03243850613015575
20250819,20250818,1,0,1,0,0.023108608871288405,0.02293634897282737,0.029490132321726925,-0.15069103878733836,-0.00016836912226825262,0.006237386133891354,0,0,1,0,0.008503745697509668,-0.014274988058101679,0.01929334303104535,-0.0037290917182801753,0.050541516245487195,0.02681328955335771,0.0039057414399166213,-0.018769138745256653
20250820,20250819,1,0,0,0,0.01741246064306834,0.014307349665924285,0.013167913288843147,-0.13057110862262034,-0.0030519686924036504,-0.0041719042359107394,0,0,1,0,0.006610823683994571,-0.010616772820185916,0.010857385726981139,-0.006442888375815525,0.023867173988239232,0.006344244438574398,-0.030894096085875122,-0.047479816296343236
20250821,20250820,1,0,0,0,0.00614938269658305,0.003706922544828961,-0.005602611611081776,-0.09670637701471618,-0.0024275323264704163,-0.011680168481710274,1,0,1,0,0.006940427993059606,0.000786210586698699,-0.0016904222213685038,-0.007791889606829749,0.011335298118340553,0.005154220149555355,-0.046030514610809425,-0.05186098426810648
20250822,20250821,1,0,1,0,0.0017811544402761559,-0.0030618927098635673,0.010825318720644184,-0.07989690721649478,-0.004834436272506681,0.009028083868698022,1,0,1,0,0.0033118065904951255,0.0015279306697222328,-0.009487738628103481,-0.011248857116578304,0.027774602811750038,0.025947232343372484,-0.030211081794195183,-0.031935354436115615
20250825,20250822,1,0,1,0,0.01288651703029342,0.009887529353602709,0.04657277832248874,-0.15001181195369717,-0.002960832853697637,0.03325768556082753,1,0,1,0,0.03125776268940972,0.018137516247110685,0.0016412840184740762,-0.011102164776355838,0.03778107521972385,0.024577835493772238,-0.0035160828232844166,-0.01619391667061476
20250826,20250825,1,0,1,0,0.008682136464973178,0.003837082409265502,0.03676601820453329,-0.12174969623329279,-0.004803350709359888,0.027842152373177775,1,0,1,0,0.011230925737538033,0.0025268508090146025,-0.008520145410481628,-0.017054214854782535,0.025643987524546663,0.01681585352449888,-0.01535658511192095,-0.023831810545530407
20250827,20250826,1,0,1,0,0.015584170260995567,0.009431301343299392,0.05204544433966496,-0.14821852731591456,-0.006058452955322147,0.03590177470893363,1,0,1,1,0.018928469880986176,0.0032929812396853553,-0.004013783179976582,-0.019297222243957912,0.04729729729729737,0.03122648812865192,0.020470966015520453,0.004811807723695605
20250828,20250827,1,0,1,0,0.019181666298899724,0.009629942607654707,0.06490341216826145,-0.15050719509318244,-0.00937195399710411,0.044861232674443086,0,0,1,0,0.01367211131276469,-0.005405861553752889,-0.0008689738552214443,-0.01967327397767471,0.04696196660482399,0.02725745686419856,-0.0017184401850629527,-0.02050675279497549
20250829,20250828,1,0,1,0,0.026642197190228867,0.021362453761880396,0.07671270340489555,-0.16509656146961837,-0.005142729806741353,0.04877113599236638,1,0,1,0,0.05216014664833568,0.02485573798539109,0.014462967191900766,-0.01186316910766072,0.05405089890263848,0.026697423686093735,0.009823443515199815,-0.016382293384257673
20250901,20250829,1,0,1,0,0.03752493083703268,0.02982595508052288,0.0942211055276383,-0.2099760400784142,-0.007420521211281672,0.05464560224578441,0,0,1,1,0.03405833754847398,-0.003341214447504237,0.020928151865250655,-0.01599651100276911,0.04561852670778532,0.007800868808254258,0.05340078695896566,0.015301662302345864
20250902,20250829,1,0,1,0,0.03752493083703268,0.02982595508052288,0.0942211055276383,-0.2099760400784142,-0.007420521211281672,0.05464560224578441,0,0,1,1,0.03405833754847398,-0.003341214447504237,0.020928151865250655,-0.01599651100276911,0.04561852670778532,0.007800868808254258,0.05340078695896566,0.015301662302345864
20250903,20250902,1,0,1,0,0.014417668773864412,0.0026945577025350165,0.06448823556182592,-0.1288443616029823,-0.011556493377623545,0.04935892613984372,0,0,1,0,0.010108153078203008,-0.004248265609243851,-0.0094933089328606,-0.023571136862813535,0.06979958534899788,0.054594787019112356,0.011142818317706027,-0.0032283058122565267
20250904,20250903,1,0,1,0,0.025112664617736424,0.017491566566119943,0.058048449173647265,-0.15699421965317917,-0.007434400446567846,0.03212894123027188,0,0,1,1,0.012357056088468266,-0.01244312841849915,0.004728586806089563,-0.01988471951934001,0.07829591249280377,0.05188039296626923,0.029739776951672958,0.0045137597979652
20250905,20250904,1,0,1,0,0.025822560763614666,0.01394274836071352,0.0726786361987668,-0.15621273551156678,-0.01158076733471125,0.04567658894172988,1,0,1,0,0.03055754864305915,0.004615796201557387,-0.0015586390420073704,-0.026691945423036434,0.08522001625449915,0.057902270590217464,0.011596548004314977,-0.013867907865771523
20250908,20250905,1,0,1,0,0.02370897587979437,0.011980886796430168,0.08155931586608456,-0.15967780146884625,-0.011456467960813677,0.05651053311960297,1,0,1,0,0.02578475336322872,0.0020277027283563953,-0.0016331801435679472,-0.02475523475954955,0.11896390060947026,0.09304883221113891,0.013718897108271788,-0.009758709757269557
20250909,20250908,1,0,1,0,0.018283687498038326,0.007518927856583479,0.08138162672476401,-0.1470227885322225,-0.010571474112390344,0.06196499070093098,1,0,1,1,0.02462222588215912,0.006224727413334907,-0.004098977135980841,-0.021980775012721887,0.10534940887276134,0.08550242181395107,0.018325307651150258,4.0872846754691494e-05
20250910,20250909,1,0,1,0,0.022660083029311995,0.013371737802216899,0.07527125800154355,-0.15512195121951222,-0.00908253424694283,0.05144541753931309,1,0,1,0,0.027432861680623866,0.004667023511051527,0.004619112524610003,-0.017641219017037746,0.11531235321747313,0.09059928291491293,0.01807789445699859,-0.0044806565234658535
20250911,20250910,1,0,1,0,0.014812740201341157,0.00112059305232326,0.04241435562805873,-0.12366412213740452,-0.013492289371831667,0.027198727738914075,0,0,1,0,0.013151582986888455,-0.001636910090548671,0.007233138212594525,-0.007468966133833521,0.08030372756557758,0.06453504648674668,-0.015889554571502984,-0.03025414793940484
20250912,20250911,1,0,1,0,0.01975530710663831,0.0064444980528655105,0.041432402041345906,-0.13685289595079453,-0.013052944133764455,0.021257153342219226,0,0,1,0,0.005159918071529823,-0.014312638466692618,0.010249338451790768,-0.009321813368953102,0.06903485254691688,0.04832487273844155,0.005005775895263742,-0.014463794508923433
20250915,20250912,1,0,1,0,0.019319327079618365,0.011674627946679506,0.044251664914125355,-0.14037774374680956,-0.007499807891253596,0.02445979112937935,0,0,1,1,0.005902258597623389,-0.013162772573375392,0.011765584730885514,-0.007410575025958432,0.05079825834542828,0.03088230589720875,0.019727449707981792,0.0004003874129734353
20250916,20250915,1,0,1,0,0.02715093870446328,0.024838050368933162,0.05380178752256426,-0.13140368852459028,-0.0022517511773365584,0.025946380238639044,1,1,1,1,0.03817654639175272,0.010734165030502618,0.028678961234474887,0.0014876319267536076,0.030326422584914026,0.0030915455176001583,0.0351902350344111,0.007826791591202253
20250917,20250916,1,0,1,0,0.025959894295041197,0.024380100847325448,0.04527110019301639,-0.09370078740157484,-0.0015398198862358603,0.018822573869950565,1,0,1,1,0.03826540855249938,0.011994147457307092,0.02290907725241298,-0.002973622126549502,0.039130916749805955,0.012837755674469875,0.05083646738425629,0.02424712040650312
20250918,20250917,1,1,1,0,0.030274612775667675,0.03639685216413713,0.0560541090137483,-0.1416795466254508,0.005942337423976207,0.025021965909290733,1,1,1,1,0.0545788292881908,0.02359003726884512,0.03749713324669379,0.007010286754099093,0.05596846846846848,0.024938841910875365,0.08969336755369439,0.0576727350564783
20250919,20250918,1,1,1,0,0.037846139380357524,0.05198798374271085,0.08619848276473974,-0.14222911817946726,0.013626147292696622,0.04658912487090894,1,1,1,1,0.09776811356363324,0.057736857044197176,0.06261304598807005,0.023863755587605118,0.08361353956512008,0.044098444314768726,0.12713472485768484,0.08603258430063332
20250922,20250919,1,1,1,0,0.04429234521280789,0.06403564834540565,0.07527547904589094,-0.15508021390374338,0.01890591578412293,0.02966902321472964,1,1,1,1,0.09696319524674046,0.050436882234542235,0.0772855432389632,0.031593833065425736,0.06316725978647675,0.01807435883274855,0.15576112093592687,0.10674096792350207
20250923,20250922,1,1,1,0,0.03336380964187757,0.05285242232984255,0.04071030106885831,-0.060589216231239584,0.01885939153870586,0.007109298156596555,1,1,1,1,0.08326307760247298,0.048288189982082175,0.07712826766252578,0.04235145223037673,0.0701715794104707,0.03561937182738095,0.10676947203345533,0.07103564272975382
20250924,20250923,1,1,1,0,0.03228166295702528,0.04888483658297105,0.04940609399208129,-0.05368013281682338,0.016083956754966433,0.016588913326235133,1,1,1,1,0.08450364170455926,0.05058888539968964,0.07023641293969396,0.036767823496878904,0.08987498592183796,0.05579225615597361,0.10467882632831094,0.07013314870274856
20250925,20250924,1,1,1,0,0.024707049414098847,0.04102268559752709,0.03124466450401231,-0.05577244841048523,0.0159222445017404,0.00637998449766819,1,1,1,1,0.07275264102053036,0.046887148511276955,0.05877656541078968,0.033248054667107896,0.08387096774193536,0.057737397592477535,0.09427035531663819,0.06788604210570615
20250926,20250925,1,1,0,0,0.017660795199727852,0.03494393973739718,0.014198525048741084,-0.0474868092196612,0.016983207586647397,-0.0034021848609261385,1,1,1,1,0.06723959576669047,0.04871839497092201,0.05123841936093787,0.03299490785101944,0.06169010964669397,0.04326521632222735,0.08090572033898313,0.06214735345763489
20250929,20250926,1,1,1,0,0.019879183874745854,0.032733763083107936,0.021674710016086784,-0.07362482369534551,0.012604021546478439,0.0017605282760251306,1,1,1,1,0.06446248267669752,0.0437142943074591,0.046146919786898666,0.02575573296079603,0.08483774504374786,0.06369240807740573,0.09241488103062978,0.07112185276721195
20250930,20250929,1,1,0,0,0.02888148205565466,0.0496669004207575,0.02742696772547526,-0.0827129859387924,0.02020195593721308,-0.0014136850118765532,1,1,1,1,0.09624164356758524,0.06546931078723306,0.068127262335683,0.038144121518852714,0.10628825820812482,0.07523390934961238,0.14954642475987212,0.1172777864201957
20251009,20251008,1,1,1,0,0.032044893515892126,0.0529361115894611,0.04352239563507165,-0.03484320557491272,0.020242547785298548,0.011121126795248903,1,1,1,1,0.1502860524758336,0.11456978248022387,0.07603183416620407,0.042621150423467036,0.12289669861554842,0.08803086539205607,0.22458973001588145,0.18656633806310707
20251010,20251009,1,1,0,0,0.020573878928880962,0.04557594850020541,0.017981727574750694,-0.013361045130641402,0.024498049663552957,-0.0025398958445328468,1,1,1,1,0.13715270974567972,0.11422870330480284,0.07061167269239288,0.04902907550017632,0.11306165099268539,0.09062329927635693,0.1706257982120052,0.1470270035135599
20251013,20251010,0,1,1,1,-0.006677720144202204,0.004840964101864742,-0.0023076277586641103,0.11252969121140133,0.01159611988944742,0.004399470820459772,1,1,1,1,0.06395712721013935,0.07110969801723943,0.027724453632604895,0.034633446238416576,0.11549086272843168,0.12298987483736856,0.10118365788468875,0.10858648820858985
20251014,20251013,1,1,1,0,0.003222829129533533,0.01745876149269887,0.02114058909546679,0.020937776467118807,0.01419019977397995,0.0178601995944212,1,1,1,1,0.10500387897595043,0.10145408067989159,0.04335577345236352,0.04000401820765198,0.1267258910414213,0.12310631130578198,0.10097842448569994,0.09744155786505182
20251015,20251014,1,1,1,0,0.00337878787878787,0.01153624953482879,0.04037267080745344,0.04691572545612499,0.008129992137153152,0.036869309353123825,1,1,1,1,0.0790857761621162,0.07545205180525905,0.033557293387671105,0.0300768821041979,0.12139961595903581,0.11762340355007095,0.07194866098975683,0.06833897022671809
20251016,20251015,1,1,1,0,0.009087047543918203,0.020711864406779634,0.04788814935744501,0.09783913565426161,0.011520132867779642,0.03845168948305022,1,1,1,1,0.1125981510849805,0.10257896362162677,0.047415539918211014,0.03798333599423653,0.15570011730830768,0.1452927872984202,0.10697905045246059,0.0970104642080265
20251017,20251016,0,1,1,1,-0.0024461691782683426,0.00784452059396612,0.0008985459892174585,0.205004522158577,0.010315924268224919,0.0033529169696342453,1,1,1,1,0.08001644429495092,0.08266482562178212,0.03038533970737345,0.03291201724782811,0.11615639222176233,0.11889339475778682,0.04232804232804255,0.04488400537686088
20251020,20251017,0,1,1,1,0.001039626337200561,0.007641611746058041,0.0017696929788459936,0.11362266425557577,0.006595128939115291,0.0007293084333903632,1,1,1,1,0.08391634694952232,0.08279064927286384,0.02183421769683047,0.02077299520671061,0.12761506276150625,0.12644398193051054,0.015065913370998052,0.014011720080572276
20251021,20251020,1,1,1,0,0.0066882610521263874,0.015509797409498427,0.015426163099963253,0.00562130177514808,0.008762927609935911,0.008679848952151792,1,1,1,1,0.08575769929214716,0.07854411469682043,0.01956414066369483,0.012790334515385693,0.1322713257965058,0.12474871278734079,0.06281733380564414,0.05575616099352865
20251022,20251021,1,1,1,0,0.012183169735076271,0.022032764961551266,0.012918307086614123,-0.0140350877192984,0.00973104031067118,0.0007262888511871957,1,1,1,1,0.08096174538978151,0.0679507204933143,0.028977232174719703,0.01659192025889844,0.13216906065929535,0.11854167754599532,0.060660445082555636,0.047893777329026
20251023,20251022,1,1,0,0,0.010134624111329593,0.015752390538500194,0.00720198675496686,0.01151801535735375,0.005561403691228817,-0.002903214370007734,1,1,1,1,0.055852842809364533,0.045259530370276746,0.025135552443534825,0.014850424858372069,0.10139573070607555,0.09034548902334016,0.022645578720345005,0.012385432902096927
20251024,20251023,1,1,1,0,0.020834283109186336,0.028726433373207794,0.029796481257052143,-0.024198250728862947,0.007731078779980027,0.00877928797666283,1,1,1,1,0.08507306889352817,0.06292773160858967,0.039892086330935106,0.018668851092759065,0.12205299394950964,0.09915293061283048,0.07717750826901892,0.05519331207042377
20251027,20251024,1,1,1,0,0.023314496388746164,0.035454804772052206,0.03352117344824723,0.0073081607795368875,0.01186371191471336,0.009974135122213568,1,1,1,1,0.10054681397165499,0.07547270937278827,0.052861856261655404,0.028874173069160403,0.1065849923430322,0.08137331802505066,0.0749699157641397,0.05047853769069466
20251028,20251027,1,1,1,0,0.03248553519768582,0.04903712858884646,0.03592417846204787,-0.03817252780282543,0.016030823509785685,0.0033304517565990732,1,1,1,1,0.1307031569553414,0.09512735860154242,0.06660007847893556,0.033041182775231936,0.12263581488933606,0.08731384277881404,0.047348265057444605,0.014395097415978109
20251029,20251028,1,1,0,0,0.031342880302621,0.05421656645068862,0.028930401719292398,-0.006936067551266523,0.022178546616190342,-0.0023391624932928012,1,1,1,1,0.12293449395101796,0.0888081116355035,0.07131199886468442,0.03875444270322159,0.11776447105788423,0.08379520759372006,0.03453070683661652,0.003090947341450656
20251030,20251029,1,1,0,0,0.028334205998952644,0.053907998342312524,0.01793888407769395,0.018198362147406888,0.024869144869606563,-0.010108894424221249,1,1,1,0,0.120358978070493,0.08948916756313174,0.06854753706696637,0.03910531307178444,0.09438800670677572,0.06423378734509444,0.02657616198803492,-0.001709603746196442
20251031,20251030,1,1,0,0,0.01585427811482032,0.03354629950638066,0.00340136054421758,0.01166267942583743,0.017415904793345316,-0.012258566842591079,1,1,1,0,0.08420604210302107,0.06728500874657461,0.04972742521666196,0.03334449421692831,0.09084706111706797,0.07382238242025818,-0.039677202420981716,-0.0546648094437866
20251103,20251031,1,1,0,0,0.01920174534152186,0.04292251069332553,0.001627140706992547,0.022556390977443552,0.023273866494267992,-0.01724349935119107,1,1,1,0,0.09497785397913994,0.07434848790631388,0.05605507164933954,0.036159010202115205,0.08793436293436296,0.0674376961254215,0.007472826086956541,-0.01150794659465093
20251104,20251103,1,1,0,0,0.017465493366686013,0.04010136413749987,-0.005550828572586264,0.01906202723146766,0.022247310516560148,-0.022621230979650964,1,1,1,0,0.06942710500762939,0.051069654921669816,0.049756606397774794,0.031736813918121776,0.060015438054805026,0.04181954569026769,-0.037121956545474455,-0.05365041887714195
20251105,20251104,1,1,0,0,0.009146341463414531,0.02438338489024172,-0.012123197903014415,0.033165531536866855,0.015098943335345227,-0.021076764085162236,1,1,1,0,0.05090277038771229,0.041377971864560825,0.028913469616353993,0.019587969891734502,0.042052469135802406,0.032607884823393274,-0.06295589720570083,-0.0714487440588214
20251106,20251105,1,1,0,0,0.006640816508445946,0.0193641240350646,-0.008268482490272344,0.012635379061371577,0.012639371777859898,-0.014810942248925874,1,1,1,0,0.04778075049735886,0.040868533556594366,0.01513639960094948,0.008439537671411479,0.03575493171471922,0.02892204918459007,-0.08148708526964232,-0.087546521393561
20251107,20251106,0,1,0,0,-0.001266464032421477,0.001588341247748426,-0.019499857218618688,0.05296418898585631,0.002858425373094109,-0.018256514405048496,1,0,1,0,0.025190392501464487,0.026490405679884033,-0.0035837353549275086,-0.002320209784746119,0.026004506196019683,0.027305551727589528,-0.11717215797512537,-0.11605267047572776
20251110,20251107,1,1,0,0,0.027487672659336715,0.03433418150975398,0.016064594810547117,-0.07099012543368022,0.006663348897118393,-0.011117484085453211,1,1,1,0,0.08231920291187178,0.05336465994829931,0.03509465138834034,0.007403474446866287,0.037813125059529495,0.010049222657307899,-0.06668978270920012,-0.09165799052828283
20251111,20251110,1,1,0,0,0.02775096525096532,0.03524858391056629,-0.001554764535002695,-0.051126516464471305,0.007295170632868331,-0.028514426915485225,1,1,1,0,0.060132692105170804,0.03150736700723811,0.03632920713960086,0.008346615258629786,0.04578702384345035,0.01754905536681317,-0.05616953400934255,-0.08165450785036776
20251112,20251111,1,1,0,0,0.03136372559382683,0.03941471571906363,-0.014764017749092306,-0.09322268326417693,0.007806159869159002,-0.044725000693969896,1,1,1,0,0.05777156578145726,0.025604778927458938,0.04085112429398596,0.009198887322410476,0.08457001522070007,0.05158828869634591,-0.055376467879346136,-0.08410242799961831
20251113,20251112,1,1,0,0,0.027376460153043736,0.031317458736010106,-0.026724723365158076,-0.10032804811372342,0.003835982948625638,-0.05265955140741929,1,1,1,0,0.04182311222361301,0.014061692700665152,0.03383749560323612,0.006288868492499766,0.05296668819784078,0.024908326243901824,-0.08891377379619259,-0.11319145265593589
20251114,20251113,1,0,0,0,0.017255994187454604,0.01401690028167124,-0.033746837509181504,-0.11883912934701024,-0.0031841482618841788,-0.05013765658601521,0,0,1,0,0.0013841788359054696,-0.015602577367191395,0.00731081508558562,-0.009776476283939517,0.037067926976183774,0.019475857504830385,-0.11063682510383022,-0.12572333809980718
20251117,20251114,1,0,0,0,0.011348756001746008,0.008163197721590354,-0.02436218725607009,-0.06441136671177272,-0.0031498118341977133,-0.03531021622945896,0,0,1,0,0.0012145608494984472,-0.010020475223909808,0.011017157292726454,-0.00032787770494757673,0.05760667903525052,0.04573884405255013,-0.1080705009276437,-0.11807920484472656
20251118,20251117,0,0,0,0,-0.008386712349173209,-0.012885502174837304,-0.06205673758865249,0.06943218593704037,-0.0045368389892412875,-0.05412394721598146,0,0,1,0,-0.032119329624193727,-0.023933339307346424,-0.01578819528783093,-0.007464082047742848,0.04229826631569389,0.051113654179586465,-0.16131540939895572,-0.1542221135540418
20251119,20251118,0,0,0,1,-0.016699191109654454,-0.024649154372076376,-0.054739058261468077,0.11298932384341653,-0.008084975818736018,-0.03868589022594371,0,0,1,0,-0.04925685648577205,-0.033110585368946066,-0.03228827079142682,-0.015853825747753292,0.051296093464768155,0.06915003421095056,-0.15431472081218278,-0.13995262533936836
20251120,20251119,0,0,0,0,-0.007741838873914331,-0.009281738757039748,-0.040724911646256245,0.07532846715328456,-0.0015519145555606961,-0.03324041470710648,0,0,1,0,-0.008869179600886845,-0.0011361365127934286,-0.015832428456338143,-0.008153714324951489,0.06690272083488646,0.07522695467083751,-0.12841241944932624,-0.12161208171718774
20251121,20251120,0,0,0,1,-0.028626295105394828,-0.04079727472239525,-0.07024592159727283,0.17956378846728405,-0.012529657283981033,-0.04284615311508133,0,0,1,0,-0.07888407888407878,-0.051738876114766796,-0.05859766854612747,-0.030854627101507437,0.05829304574191152,0.08948084594974404,-0.18401000796087807,-0.1599628568001462
20251124,20251121,0,0,0,1,-0.026902916205241878,-0.04380165289256199,-0.05544641783265847,0.1281741233373641,-0.01736593087035121,-0.02933263505025252,0,0,1,0,-0.08460082471439201,-0.059293064864758716,-0.06941889774507803,-0.04369140782339809,0.0762062920933666,0.1059598369121777,-0.17888727191313114,-0.1561862205107022
20251125,20251124,0,0,0,0,-0.02409374817582155,-0.03650750688595594,-0.04155013983220135,0.08687500000000004,-0.012720236894609993,-0.017887365332223237,0,0,1,0,-0.07031044461983682,-0.04735772145902983,-0.06451505016722414,-0.041419246895740724,0.07160139797472898,0.09805772426570258,-0.1491412742382271,-0.1281347730160196
20251126,20251125,0,0,1,0,-0.017523942595988662,-0.037966883650382366,-0.015383997429305962,0.022775584573337282,-0.02080757174725445,0.0021781143169403716,0,0,1,0,-0.06854984398094932,-0.05193602531117747,-0.07120148364021728,-0.054634960963893975,0.08366071428571442,0.10298943787908943,-0.13418458781362008,-0.11874146381325867
20251127,20251126,0,0,1,0,-0.011216340068956554,-0.03381726095915194,0.0018635553394912296,-0.02383080131069404,-0.022857296096267854,0.013228268162683854,0,0,1,0,-0.05881782945736447,-0.04814146037943989,-0.06691217571433272,-0.05632762544767422,0.10715573179524163,0.11971483415538353,-0.12058724644177976,-0.11061156328215471
20251128,20251126,0,0,1,0,-0.011216340068956554,-0.03381726095915194,0.0018635553394912296,-0.02383080131069404,-0.022857296096267854,0.013228268162683854,0,0,1,0,-0.05881782945736447,-0.04814146037943989,-0.06691217571433272,-0.05632762544767422,0.10715573179524163,0.11971483415538353,-0.12058724644177976,-0.11061156328215471
20251201,20251128,1,0,1,0,0.005236603268464091,-0.010861752256209445,0.0159281192566878,-0.05113804315696113,-0.01601449397319077,0.010635820416269093,0,0,1,0,-0.028388068498084618,-0.03344950995339824,-0.04717200972069624,-0.052135599538215116,0.10052720936466808,0.09479420644490322,-0.07002801120448177,-0.07487253670253113
20251202,20251201,0,0,1,0,-0.002624402545230553,-0.018916813709126346,-0.002477358567193222,-0.05705882352941172,-0.016335281518289335,0.00014743089605628867,0,0,1,0,-0.03141412493883544,-0.028865477024978436,-0.047658640415059184,-0.04515273682728227,0.06334841628959276,0.06614641365116736,-0.12868060238255785,-0.12638789254420668
20251203,20251202,0,0,1,0,-0.002648754646296214,-0.015947348436906816,-0.0011000651890482605,-0.05878859857482188,-0.013333912052111985,0.0015528024499520399,0,0,1,0,-0.0179648485634607,-0.0153567702336731,-0.041767414130038816,-0.03922255039634448,0.07828144911705803,0.08114513732286266,-0.1130513663680689,-0.11069581778345217
20251204,20251203,1,0,1,0,0.012810260055683864,0.006895438029874912,0.03495024875621899,-0.09945543135568924,-0.005840009979247052,0.021859956966981953,1,0,1,0,0.044217916694795134,0.031010405283003806,-0.013438116622439877,-0.025916381096574348,0.12763791188448725,0.11337528494477334,-0.03293413173652693,-0.0451658060708191
20251205,20251204,1,0,1,0,0.010050473744797506,-0.000545501219355482,0.02918097106424722,-0.07635175282234097,-0.010490540066644516,0.018940139940257117,0,0,1,0,0.0026516515533439033,-0.007325200456589465,-0.013622962486021128,-0.02343787448863688,0.12855965570918415,0.11732996027912312,-0.027532650900105815,-0.03720915500941513
20251208,20251205,1,0,1,0,0.0229446077188169,0.02257753363741899,0.04335344289577714,-0.1220348671048872,-0.0003588406240455644,0.019951065798638146,1,0,1,0,0.039999999999999813,0.016672840496434027,-0.4930142481671048,-0.5043859188392599,0.1291975478085825,0.10386969078092267,0.01223430548690052,-0.010470070569901568
20251209,20251208,1,1,1,0,0.018868205731999987,0.023846229540459785,0.038326228219030645,-0.10715311692042528,0.004885836833904866,0.01909768346638252,1,0,1,0,0.06243630681432166,0.04276127259366236,-0.4876804553026097,-0.49716799305822157,0.13491189427312777,0.11389469991141499,0.014984520123838996,-0.0038117644522736027
20251210,20251209,1,1,1,0,0.002347969006808892,0.0029202702052211205,0.03016022620169645,-0.049010654490106664,0.000570960600617676,0.027747107845637276,1,0,1,0,0.033708609271523304,0.03128717893825672,-0.4991371434372144,-0.5003103991330746,0.10082659642110992,0.09824794428613437,-0.0037421535490101965,-0.006075856632755672
20251211,20251210,1,1,1,0,0.0066910688140557895,0.009717328699905048,0.04327710448738942,-0.0841976815131178,0.0030061455590486563,0.03634286307559509,1,0,1,1,0.07176012197187864,0.06463656545048946,-0.49240640251185963,-0.4957801720778977,0.07052012981317413,0.06340481501868589,0.013528336380255856,0.006791823011060183
20251212,20251211,1,0,1,0,0.008472592115660316,0.00724544342113731,0.05811853554424573,-0.10422364023093278,-0.0012168389147280134,0.0492288474835334,1,0,1,1,0.049554509960956894,0.04073677179377899,-0.4965636908002178,-0.500793265840145,0.07808255192358238,0.06902513796819054,0.008603736479842805,0.00013004256655824165
20251215,20251212,1,0,1,0,0.014463424796143043,0.008579881656804789,0.07204696144262845,-0.16155593412833613,-0.00579966019033229,0.05676255569101163,1,0,1,1,0.03490220471352545,0.020147379804737353,-0.498621724414669,-0.5057699830961544,0.10025913680636234,0.08457250395938098,0.042807108574393515,0.027939581738933628
20251216,20251215,1,0,1,0,0.013096602324647044,0.0027592550011497075,0.06084722924035724,-0.1449233439398323,-0.010203713347549881,0.04713334030154859,1,0,1,1,0.032892000554554324,0.019539497205384837,-0.506159986118341,-0.5125440034558444,0.0774493465485484,0.06352083708131873,0.02977119084763391,0.016459031137529445
20251217,20251216,1,0,1,0,0.019829645319753064,0.01340158367292843,0.07363808214469847,-0.18762035763411278,-0.00630307392643914,0.052762181479902415,1,0,1,1,0.044576103822824065,0.02426528647861792,-0.49739105908898595,-0.5071638256275359,0.06252721414264562,0.04186735404176778,0.06159756259107185,0.04095577870578859
20251218,20251217,1,0,1,0,0.01714943643194755,0.006875618386409821,0.05897974043774368,-0.20090594191313627,-0.010100598474081846,0.04112503286884994,1,0,1,1,0.029785544082605142,0.012423059186842611,-0.5004479805038884,-0.5088705733854731,0.05000868206285802,0.03230522915706202,0.036414565826330625,0.018940313688776245
20251219,20251218,1,0,1,0,0.020886467561082478,0.015403337389767735,0.06545859572462831,-0.21422753190333965,-0.005370949998400709,0.0436602203867289,1,0,1,1,0.03703703703703698,0.01582014258112241,-0.4962451507278358,-0.5065515458583321,0.048122270742358086,0.02667858184695371,0.057803468208092346,0.03616171025873771
20251222,20251219,1,1,1,0,0.04300185432087433,0.05357966090119004,0.09462703504866643,-0.2943262411347517,0.010141694893920583,0.04949672957332085,1,0,1,1,0.11827676240208862,0.0721714038852097,-0.4686753628513687,-0.4905813110997864,0.0843362909602039,0.03963026189080332,0.11916376306620213,0.07302183445773336
20251223,20251222,1,1,1,0,0.039148445442544366,0.04938397139322448,0.07631578947368434,-0.27679528403001075,0.009849917011925058,0.0357671170025291,1,0,1,1,0.12188457704094824,0.07961916505891375,-0.46866764275256223,-0.48868483653347705,0.07938276896699525,0.03871855238864952,0.11097477845944104,0.06912037768223556
20251224,20251223,1,0,1,0,0.028756000179444685,0.028009121554630312,0.05077115464776982,-0.22081656124209315,-0.0007260017192454171,0.02139978232397688,1,0,1,1,0.07874071453837983,0.04858753130014937,-0.47820957420185195,-0.4927947679458172,0.04440541896638228,0.015211983001030216,0.04844380778747226,0.019137489943770625
20251225,20251224,1,1,1,0,0.02275488133684922,0.024700684852764887,0.030922367723248856,-0.19655581947743472,0.0019025120793088046,0.007985771112354767,1,0,1,1,0.07955427039988727,0.05553568122676178,-0.47835698495329093,-0.4899628204513029,0.04061959298014339,0.017467246521417623,0.043337645536869474,0.02012482616862843
20251226,20251224,1,1,1,0,0.02275488133684922,0.024700684852764887,0.030922367723248856,-0.19655581947743472,0.0019025120793088046,0.007985771112354767,1,0,1,1,0.07955427039988727,0.05553568122676178,-0.47835698495329093,-0.4899628204513029,0.04061959298014339,0.017467246521417623,0.043337645536869474,0.02012482616862843
20251229,20251226,1,1,1,0,0.015639712806026385,0.015660865743077235,0.016659927213910075,-0.17699115044247804,2.0827205537532478e-05,0.0010045042499029488,1,0,1,1,0.05027626205429159,0.03410318522556666,-0.48364930580026777,-0.49160052754027317,0.0173382173382175,0.0016723494668187122,0.015674780170765956,3.452736664133482e-05
20251230,20251229,1,0,0,0,0.006526288063916752,0.0026160678239806057,0.004542713567839085,-0.16915887850467293,-0.0038848664821834467,-0.0019707130549893037,1,0,0,0,0.028914200984026417,0.022242750324160454,-0.4903570679896584,-0.49366157838693414,0.0018674894446248924,-0.004628591100440338,-0.013428714859437862,-0.01982561524720694
20251231,20251230,1,0,0,0,0.009907830714275256,0.003661875982306384,0.009811904568031826,-0.18028696194635063,-0.006184677989427456,-9.498505044325256e-05,1,0,1,0,0.026943284386366617,0.016868325161953468,-0.49219486642221066,-0.49717675402255745,0.015185648727576107,0.005226039300604501,0.004385399200309559,-0.005468252989047406
20260105,20260102,0,0,0,0,-0.001052800889031924,-0.01667949704901206,-0.003405039458398429,-0.1693189051559516,-0.015643165298313444,-0.0023547176181683005,1,0,0,0,0.01399663822084296,0.015065299870972604,-0.5023966343667023,-0.5018722049812551,-0.0025445292620864812,-0.001493300521170804,-0.030216718266253828,-0.02919465353441797
20260106,20260105,1,0,0,0,0.0048656467803445125,-0.00794619064436386,0.0036136923199110438,-0.15149565776777096,-0.0127498013946028,-0.0012458923881465411,1,0,0,0,0.03846153846153855,0.03343321745433081,-0.5031435737107912,-0.505549395701635,-0.02515212981744419,-0.02987242791508271,-0.015849969751966175,-0.020615309716960573
20260107,20260106,1,0,1,0,0.00892531610494518,-0.0032934706145680837,0.021174781672448795,-0.15299479166666663,-0.012110694938932798,0.012141102390803127,1,0,0,0,0.06124757595345853,0.051859398325446504,0.00034106412005474596,-0.008508312605367885,-0.010696053804391759,-0.019447792216263693,-0.0006104260774020265,-0.00945138557842995
20260108,20260107,1,0,1,0,0.008703538463789018,-0.0004164797847119317,0.018376051341332023,-0.14929214929214918,-0.009041326713684628,0.009589054175693557,1,0,1,0,0.03878373193503015,0.029820648311645437,-0.007451060082638961,-0.016015209554068544,0.022400129387029066,0.013578410703405819,-0.01000488042947767,-0.018546994413996765
20260109,20260108,1,0,1,0,0.00947235886624509,-0.007327413806895278,0.027367834838299077,-0.159731113956466,-0.01664213242253454,0.017727554216692587,1,0,1,0,0.023704273175731982,0.014098369494208729,-0.025537089582488903,-0.034680938156695595,0.020793794867563387,0.011215201587127632,-0.02399127589967287,-0.0331496295782695
20260112,20260109,1,0,1,0,0.009453582907922087,-0.0015296123388729432,0.02127075075546503,-0.142238507661559,-0.010880337078160496,0.01170649948410829,1,0,1,0,0.03935763285176863,0.029623997031842153,-0.017346870167417316,-0.026549465502054836,0.020073740270381002,0.010520699061630445,-0.03451178451178438,-0.04355362957161035
20260113,20260112,1,0,1,0,0.008691614550836446,0.0025416413568206675,0.014352211016291694,-0.12347354138398914,-0.006096980588813916,0.005611820683148805,1,0,0,0,0.050330662596973275,0.041280255972662605,-0.007974589443806246,-0.01652259595918637,0.007397171191676266,-0.0012832895014563972,0.005849378503534064,-0.0028177452913278334
20260114,20260113,1,1,1,0,0.017616169913165836,0.020566474365242282,0.02954500689383499,-0.10159160176092108,0.002899231104324995,0.011722334347032959,1,1,0,1,0.11292907706691602,0.09366292514974783,0.019416800055675365,0.0017694590512089547,0.005847478274993989,-0.011564961314614597,0.03507898992411973,0.01716051742028024
20260115,20260114,1,1,1,0,0.014146577938389582,0.014757427850754956,0.044694954947802845,-0.0822056833558863,0.000602329017968195,0.030122250248592053,1,1,1,1,0.113721016073286,0.09818545001385948,0.016865776528460774,0.0026812678257999156,0.03239986974926734,0.017998672191926968,0.05037242772377226,0.03572052657222846
20260116,20260115,1,0,1,0,0.01969449231811682,0.01639558643236616,0.06246498599439776,-0.10870301388418557,-0.003235190452241521,0.041944419626165574,1,1,0,1,0.13848750844024327,0.11649863465680665,0.020342312008978736,0.0006353076296303772,0.019178755839685202,-0.0005057754869884912,0.022335912153730986,0.0025904031604695454
20260119,20260116,1,1,1,0,0.03017575215966639,0.03472627038190579,0.074906972981718,-0.11903967989329767,0.004417225131439606,0.043420960674212195,1,1,0,1,0.20068015285909624,0.16551001160916812,0.04469474137312579,0.014093701179649809,0.026790143872994943,-0.0032864375613325114,0.05122265122265124,0.020430396482213897
20260120,20260116,1,1,1,0,0.03017575215966639,0.03472627038190579,0.074906972981718,-0.11903967989329767,0.004417225131439606,0.043420960674212195,1,1,0,1,0.20068015285909624,0.16551001160916812,0.04469474137312579,0.014093701179649809,0.026790143872994943,-0.0032864375613325114,0.05122265122265124,0.020430396482213897
20260121,20260120,1,0,1,0,0.0016408709920616715,-0.00172382656663006,0.055767761650114434,0.01520387007601931,-0.0033591855685356498,0.05403822090890076,1,1,1,1,0.1551499794548692,0.15325763245939283,0.002119542178889544,0.0004778870358530529,0.04399633363886335,0.042286076650258186,0.0068623713305375755,0.005212946565672949
20260122,20260121,1,0,1,0,0.007067397405192466,-0.0012478729438456515,0.06778579688185338,-0.03948312993539116,-0.008256915446238522,0.06029228990344415,1,0,1,0,0.16120209465995128,0.1530530108033501,-0.0054633471645919585,-0.01244280631273642,0.0384833508871425,0.03119548260910454,-0.0001245330012452639,-0.007141458878490603
20260123,20260122,1,0,1,0,0.006059898076894887,0.002503189547972351,0.06392459973184006,-0.03668025194516478,-0.0035352850617754727,0.05751615959005507,1,0,1,1,0.1475447604002107,0.14063264284141241,-0.0019289060347202902,-0.007940684373650142,0.044952744023508906,0.03865857889869018,0.00908086881825998,0.003002774235549621
20260126,20260123,1,0,1,0,0.0018460375603233103,0.000980533989165977,0.05049984132021579,-0.02103321033210337,-0.0008639087631319153,0.04856415251027335,1,0,1,1,0.13034496327387202,0.12826214896898436,-0.005892428914011538,-0.0077242072975397535,0.02522219553206817,0.02333308422187308,0.0023599552850577243,0.0005129707614415224
20260127,20260126,1,0,1,0,0.003403922477476229,0.0024521981632557033,0.04459657314708565,-0.018107908351810753,-0.0009484957083590873,0.04105290974735443,1,0,1,0,0.12063108381786103,0.11682948283772165,-0.0015037593984962294,-0.004891033178199167,0.01235154394299287,0.00891726777729196,-0.009051456912585243,-0.012413126071212033
20260128,20260127,1,1,1,0,0.007503875070620447,0.011604609786981746,0.05293930474902564,-0.0011123470522802492,0.004070192500325476,0.045097027220089236,1,1,1,0,0.14717030453535473,0.13862619580986157,0.010373302395414008,0.002848055869355548,0.028404544727156367,0.02074500175502636,0.0008782936010036657,-0.006576234229523359
20260129,20260128,1,1,1,0,0.01100530638947439,0.019891442653051428,0.05370577877381155,0.007499062617172925,0.008789406155850443,0.04223565604895807,1,1,1,0,0.18059740600026197,0.1677460034472409,0.02303420854185223,0.01189796144130617,0.020666180403598355,0.009555710492386238,0.004197939193486766,-0.006733265545655898
20260130,20260129,1,1,1,0,0.01023274770381799,0.016143874206932196,0.06184735717453527,0.03614916286149161,0.005851252116455097,0.05109179997187141,1,0,1,0,0.18434343434343425,0.1723471022250631,0.010040574926071244,-0.0001902262406198174,0.041670091230377126,0.031118911555791495,-0.0029536406831899287,-0.013052822151112808
20260202,20260130,1,0,1,0,0.014737799155326137,0.01230649020852681,0.054801754956125937,0.03891197582168493,-0.0023959972209799396,0.039482076881485195,1,0,1,0,0.1499252864021252,0.13322405783970015,-0.0006251302354657318,-0.015139802029233818,0.023128024276223957,0.00826836758015892,-0.02665106604264167,-0.04078774362443216
20260203,20260202,1,1,1,0,0.017916477597084146,0.021235647181628403,0.05386285071147201,0.0007662835249042654,0.003260748457849294,0.03531367642190397,1,0,1,0,0.1243265644426026,0.10453714935110625,0.006652806652806431,-0.011065417637080577,0.04797564186965109,0.029530089092894007,-0.05044055676158854,-0.06715387348875401
20260204,20260203,1,0,1,0,0.002631885069504847,-0.002378679266654804,0.039765757923475586,0.03373768006065214,-0.004997411722860168,0.037036397312854685,1,0,1,0,0.08671319876752803,0.08386060223109149,-0.017563269257364067,-0.02014214252269564,0.062421972534332015,0.05963313989429153,-0.09712318662404729,-0.09949321698126223
20260205,20260204,0,0,1,0,-0.0081236177563202,-0.028343652754162507,0.01733833177132138,0.0626441199077632,-0.020385640146106998,0.025670486749614252,1,0,1,0,0.006182427287954928,0.014423213719348738,-0.05816570064780091,-0.05045193512752333,0.02621017282332705,0.03461498952317266,-0.14500366479354998,-0.13800111534826498
20260206,20260205,0,0,1,1,-0.01734389048406282,-0.04325181885195983,0.001369970252074637,0.11006051437216335,-0.026365203571226403,0.019044160571449753,1,0,0,0,0.018283111206869984,0.03625581863881466,-0.07438749744079709,-0.05805042720879661,-0.045163331487779845,-0.028310454424815168,-0.18252403253635696,-0.1680955732658732
20260209,20260206,1,0,1,0,0.0016098388710823475,-0.017438393475913472,0.02613543965617371,0.05219047619047612,-0.019017617047836888,0.02448618197753949,1,0,1,0,0.09052506414669259,0.08877231615039527,-0.021561286744315122,-0.02313388379003334,0.01455015762670775,0.012919520409474528,-0.1258845437616387,-0.1272894671007031
20260210,20260209,0,0,1,0,-0.00017289322402636031,-0.019676055214234323,0.02555431733466529,0.03300970873786424,-0.01950653453785378,0.025731659388242845,1,0,1,0,0.07296672546991911,0.07315226622509807,-0.01915839890523441,-0.01898878871410903,0.012931726907630559,0.013106886223473113,-0.0977705816415495,-0.09761456531443213
20260211,20260210,0,0,1,0,-0.004373093963979446,-0.02503308512843394,0.01782026768642453,0.05147058823529416,-0.02075073608316791,0.02229084159523609,1,0,1,0,0.06381110942939294,0.06848368900037105,-0.028884801416990125,-0.02461937027254646,0.01137739046235775,0.015819665309213082,-0.12454567482432766,-0.1207004151171468
20260212,20260211,0,0,1,0,-0.0026089337965030657,-0.020966402657128236,0.013774631719915664,0.022238974745571127,-0.018405487559159384,0.016426420961220156,1,0,1,0,0.08070807080708065,0.08353494173626852,-0.023962315674494805,-0.021409237160376682,0.006459426725878181,0.00909208116020066,-0.14829948323518793,-0.14607164067876233
20260213,20260212,0,0,0,0,-0.0131670432817661,-0.030522153175691957,-0.013868308066415813,0.061186877994839683,-0.01758667439689221,-0.0007106215696138785,1,0,0,0,0.059053931907200985,0.07318459998452198,-0.03794056668970269,-0.025104069781295424,-0.02870209746096819,-0.015742334174635553,-0.17728365384615385,-0.16630637378606228
20260224,20260223,0,0,0,1,-0.00992411821888195,-0.03422083761562189,-0.016313583323892544,0.10968714662646062,-0.024540259836479228,-0.00645351050620091,1,0,1,0,0.03513097966406553,0.045506711871310834,-0.04528223861051761,-0.03571253581899936,-0.008356763511402687,0.0015830652340098617,-0.13258983890954157,-0.12389527201691597
20260225,20260224,0,0,1,0,-0.007766373623200984,-0.028123301250279842,-0.0024623077505873114,0.07226194956718102,-0.020516264603340884,0.005345581656995391,1,0,1,0,0.05529483778820654,0.06355480174732575,-0.03943044906900339,-0.03191191530307802,0.010167370561551703,0.018074114510953088,-0.0982232232232233,-0.09116487004207974
20260226,20260225,0,0,1,0,-0.0033645343570720687,-0.022895441509673153,-0.0005666150417408256,0.01633259094283579,-0.019596841398777487,0.0028073647906221577,1,0,1,0,0.048194143784892285,0.051732734705265404,-0.03404255319148952,-0.03078158453314428,-0.0019450711896055184,0.0014242551227603428,-0.07809953616647847,-0.07498729915375324
20260227,20260226,0,0,1,0,-0.0088004371458974,-0.03786993461987942,0.010216483099126483,0.03163379233345731,-0.029327593113820716,0.01918576334947697,0,0,1,0,-0.010153692504022538,-0.0013652703338856709,-0.05508275815854724,-0.046693241953600584,0.013736700015880565,0.02273723476721856,-0.05485178616670883,-0.04646021926019539
20260302,20260227,0,0,1,0,-0.011598755114978876,-0.035174681855011714,-0.007442001746592153,0.06132941608520004,-0.023852587056155783,0.0042055323077525575,0,0,1,0,-0.024478719574668295,-0.013031109103052274,-0.05521890106897265,-0.04413202247541492,0.004970806375256487,0.016764003056433774,-0.060922205048943856,-0.0499022539573013
20260303,20260302,0,0,1,0,-0.008078384901079594,-0.022158972132439225,0.016021567494704403,0.06400000000000006,-0.014195262021742927,0.02429622666643949,1,0,1,0,0.016604100490903884,0.024883503914290506,-0.03016402557686959,-0.022265510035878733,0.014428857715430787,0.022690545577299215,-0.00868171497261927,-0.0006082436982477457
20260304,20260303,0,0,1,1,-0.02168504910772051,-0.039224454594818936,-0.01121366999771145,0.16692189892802456,-0.017928178927554383,0.010703484701382271,0,0,0,0,-0.05078113924409544,-0.0297410257400621,-0.05342145119096786,-0.03243986208562166,-0.030231645072634428,-0.008736037364162619,-0.02824098977945122,-0.00670125777567987
20260305,20260304,0,0,1,0,-0.006381158180209678,-0.009358982676961003,-0.0038815739401780736,0.08067473414008064,-0.002996948499182639,0.0025156369171237536,0,0,0,1,-0.011862053003124595,-0.005516093890567397,-0.015765765765765827,-0.009444876838656135,-0.009635722679200986,-0.003275465764146168,0.020288671023965366,0.026841106550807625
20260306,20260305,0,1,0,1,-0.007111732901966095,0.005216673545191952,-0.014432673115307826,0.13453887884267646,0.012416710777730211,-0.007373377706173301,1,1,0,1,0.02233791391730744,0.02966058497734836,0.014914567043150972,0.0221840671050475,-0.01109426131375213,-0.004011053956177735,0.057151021574510574,0.0647230475029188
20260309,20260306,0,1,0,1,-0.007732947669785384,0.004555884963904688,-0.01930969784622616,0.21533219761499156,0.012384602113746812,-0.011666970246824282,0,1,1,1,-0.022126167518060624,-0.014505389264386603,0.01223918012239178,0.020127774821581568,0.02717031146454607,0.03517526763824885,0.09151213628825583,0.10001852195432326
20260310,20260309,0,1,0,1,-0.017882482407112432,-0.0031001394242597957,-0.04301562146253102,0.16871832005792897,0.015051501188048544,-0.025590765468697096,0,1,1,1,-0.03483400763249256,-0.017260180092222743,-0.009707362006660558,0.008323973713948885,0.012827663134411527,0.03126931858092985,0.05510580883397265,0.07431726848735498
20260311,20260310,0,1,0,1,-0.02416600619641196,-0.010662195598385327,-0.05065947242206226,0.2672932330827067,0.013838225234798163,-0.02714956272673441,0,0,1,1,-0.039572526008447406,-0.015788054023394116,-0.025043599581444087,-0.0008993265151702179,0.010467052573150504,0.03549072792040198,0.006212037548315896,0.031130339727478473
20260312,20260311,0,1,0,1,-0.02281396289660742,-0.006181824128738911,-0.050007514277126686,0.18733897681266098,0.017020442511817002,-0.02782842810681907,0,1,1,1,-0.026577127735253225,-0.003851021909605401,-0.014871974745703342,0.008127406501269752,0.008297430987713295,0.0318377388777904,0.011209521173539905,0.03481781644260984
20260313,20260312,0,1,0,1,-0.03742990924330902,-0.02585180473324533,-0.06620117003208148,0.2702802359882006,0.012028323569623911,-0.029890042361647717,0,1,1,1,-0.08331482509716825,-0.04766916850469405,-0.03588165349373995,0.0016084602715547014,-0.01628559967910148,0.021966514196992915,-0.0032453788627063718,0.03551380902945955
20260316,20260313,0,1,0,1,-0.027859732558310202,-0.011521044219499177,-0.04989596979271027,0.219173324070858,0.016806924767974518,-0.022667754821422137,0,1,1,1,-0.057411095305832216,-0.030398249858829662,-0.01731197471446011,0.010850036972141819,-0.010959571358986953,0.01738448839671891,0.02629656683710735,0.05570831824293898
20260317,20260316,0,1,0,1,-0.018657865786578687,-0.0025584795321637044,-0.053392150897474844,0.10974358974358966,0.016405477450857964,-0.035394674191521314,0,1,1,1,-0.047453899509389386,-0.029343521203124334,-0.005588993981083368,0.013317345041921058,0.008546312876444695,0.02772140083929897,0.025622775800711706,0.04512253172822622
20260318,20260317,0,1,0,1,-0.017661272607454093,0.003342757359055426,-0.0493841240875913,0.13158825610187463,0.021381657243893182,-0.03229319031770239,0,1,1,1,-0.03911324484608869,-0.02183765298103979,0.0004301691998853663,0.01841670424147912,-0.003530450132391838,0.014384877721934197,0.03926031294452348,0.057944967417773
20260319,20260318,0,1,0,1,-0.03622375380669984,-0.017976526519090763,-0.06807076025607028,0.227176220806794,0.01893305355852193,-0.033043983575190894,0,1,1,1,-0.0548446580241394,-0.019320775222452125,-0.020935348804201226,0.015863023251386776,-0.03574840764331211,0.0004932121592178262,0.00028015128169212034,0.037875912829947955
20260320,20260319,0,1,0,1,-0.03605656848994865,-0.01731651946244228,-0.06413454270597141,0.1652864044168394,0.01944102570225459,-0.029128238544078755,0,1,1,1,-0.04395233812949639,-0.008191113068926281,-0.012695242850010668,0.024235162434108393,-0.034795644626794964,0.0013080890661587574,-0.016196013289036526,0.02060344471646003
20260323,20260320,0,1,0,1,-0.05926635046342621,-0.04393817447151005,-0.08461509391179478,0.2678886147338737,0.016293853206449382,-0.026945717803180447,0,1,1,1,-0.07489636368694885,-0.016614706225532072,-0.03967915956842705,0.02082118663943633,-0.035823048565475246,0.024920233170674377,-0.03273185060847661,0.028206177027919832
20260324,20260323,0,1,0,1,-0.03958147100631604,-0.022297600638499504,-0.05005950324388664,0.16610054347826075,0.017996185877344972,-0.010909860567298035,0,1,0,1,-0.05669525250826757,-0.017819087184712146,-0.011334103378573657,0.02941151880663906,-0.04150586752776242,-0.0020037061586709592,0.013142857142857123,0.05489724173107868
20260325,20260324,0,1,0,1,-0.049712664581363364,-0.03930116636780889,-0.055253863972961614,0.22885222885222878,0.010956158022423557,-0.005831077806753404,0,1,0,1,-0.05805988288586905,-0.008783888823298391,-0.0297177879133409,0.021040874610008364,-0.07448126354908635,-0.026064326067032684,-0.04259747467739683,0.0074874089538738975
20260326,20260325,0,1,1,1,-0.05241289764120305,-0.046798988129986174,-0.04822737924257314,0.2509130752373996,0.005924425836149938,0.004417027614887381,0,1,1,1,-0.06182065217391308,-0.009928115852665731,-0.0437032375358366,0.009191408455946348,-0.03398815091986285,0.019443855531039,-0.04949687245036716,0.0030773162525927766
20260327,20260326,0,1,0,1,-0.06413753082837648,-0.058187249688136156,-0.06973946388961993,0.32106782106782106,0.006358072191427144,-0.005985850748136179,0,1,1,0,-0.07833520179372189,-0.015170680984688212,-0.060350329763846466,0.00404674959118978,-0.029529255110832597,0.03698008720039536,-0.09676986999061787,-0.03486873364109344
20260330,20260327,0,1,1,1,-0.07565707954926448,-0.07362215745360523,-0.07004322711449462,0.36366782006920406,0.0022014796139369075,0.006073343897124772,0,1,1,0,-0.08177921598682902,-0.006623230731922725,-0.06370712020755265,0.012928058491414207,-0.06108188741461884,0.01576816548509763,-0.11356466876971616,-0.04101030946606554
20260331,20260330,0,0,0,1,-0.07927095777849003,-0.08191221694157125,-0.09173268640309307,0.33834586466165395,-0.0028686606395172953,-0.013534631854921986,0,0,1,0,-0.12003976707853992,-0.04427883495635587,-0.08628350293822551,-0.007616296258903588,-0.06139865665744759,0.019411032238019432,-0.14416599299380217,-0.07048222901575396
20260401,20260331,0,1,1,1,-0.04408154866020908,-0.040559859037867074,-0.04335750655763004,0.17125984251968518,0.0036840900156345224,0.0007574308264102214,1,1,1,0,-0.018280661927235653,0.02699067760101448,-0.033454545454545404,0.011117060446703464,0.034251012145749105,0.08194481516301844,-0.06462773318571824,-0.02149365826835148
20260402,20260401,0,1,0,1,-0.04362675696583129,-0.04329103561195258,-0.0466075794621027,0.1784865965388529,0.00035103591231133713,-0.0031167982981356035,1,1,1,0,-0.008783744217368383,0.036432442043151214,-0.03525457665903897,0.008754092994311291,0.016848599905078476,0.06323405355742362,-0.08714800480448415,-0.04550655108310897
20260403,20260402,0,0,1,1,-0.037398541045926104,-0.039299732308551216,-0.0213039414238978,0.10615237488045914,-0.001975055455131991,0.016719899468587984,1,1,1,0,0.005477261961155833,0.04454159362449883,-0.029890141246968205,0.0078001126313649305,0.040839386602098404,0.08127759097003118,-0.07338829571563721,-0.03738801176222617
20260407,20260406,0,1,1,0,-0.02000356941015502,-0.01875781575656521,0.005859141456415307,-0.05018222596019062,0.0012711818275092934,0.02639061741378379,1,1,1,0,0.06364563692003355,0.08535664388067343,-0.003714764367397372,0.01662129017444869,0.03870967741935494,0.05991169457032752,-0.04972375690607744,-0.030326832392679415
20260408,20260407,0,0,1,0,-0.028086160378610225,-0.031542056074766234,-0.0027994637646873155,0.08488228004956633,-0.003555763438354176,0.02601742621935843,1,1,1,0,0.033861521538781636,0.0637378329148226,-0.016671436748711965,0.011744583896803773,0.013609188168659525,0.0429002519024857,-0.07443801319154664,-0.04769131884261757
20260409,20260408,0,0,1,0,-0.0017277533299860925,-0.0027642035638481,0.02806283549100108,-0.06081281518837145,-0.00103824406350006,0.029842148692764914,1,1,1,0,0.09323809804905392,0.09513021292119683,0.013809387521465322,0.015564031658978239,0.025268775013733036,0.027043252413129437,-0.0347098367402936,-0.033039166941009834
20260410,20260409,1,0,1,0,0.005293273993464576,0.004113939673188627,0.03602926636345649,-0.057966522008679355,-0.0011731246500746861,0.03057415499050853,1,1,1,0,0.10681399631675892,0.1009861748303651,0.011678416292814742,0.006351521953375627,0.043044785567336596,0.03755273466011211,-0.056794854249349824,-0.061761209240138726
20260413,20260410,1,1,1,0,0.02011830765997069,0.023122258312962662,0.056141627258397,-0.10682148040638617,0.0029447081092806027,0.03531288413111566,1,1,1,0,0.17084103092159064,0.14775023850651192,0.03467788740568767,0.01427244235927394,0.055618985483607775,0.03480054965886392,-0.019110985277463133,-0.0384556307272057
20260414,20260413,1,1,1,0,0.035951018436032545,0.03986727750454744,0.07494221176852256,-0.15726495726495737,0.003780351579196539,0.03763806650950996,1,1,1,0,0.18719063141373904,0.14599108479668432,0.06440058479532174,0.027462269791711957,0.0838873840597556,0.04627281094437441,0.024341637010676154,-0.011206496464362892
20260415,20260414,1,1,1,0,0.03801025365080801,0.0470035644092075,0.07954362847501217,-0.09981515711645106,0.008663990289853984,0.040012489932663264,1,1,1,1,0.18769795459254657,0.14420637986500506,0.06600374693759914,0.026968416919133986,0.09531111290452743,0.05520259462966326,0.03858431644691196,0.0005530415466368233
20260416,20260415,1,1,1,0,0.043456223259142446,0.056504947705160014,0.07734453109378103,-0.08315098468271331,0.01250529169806569,0.032476980901787744,1,1,1,1,0.18107274063188838,0.13188528115047626,0.07711050594811542,0.03225270206722897,0.09871970367984528,0.05296195392662706,0.060361346838215146,0.016201085586773578
20260417,20260416,1,1,1,0,0.06082276280180832,0.07660110943015641,0.09726851475489795,-0.1551326412918108,0.014873687840817995,0.0343561179407863,1,1,1,1,0.20000591208726237,0.13120301917150434,0.10191359814438972,0.03873487332988024,0.1184873255717942,0.05435833844447724,0.08304159081361173,0.02094490125110049
20260420,20260417,1,1,1,0,0.07629584722643235,0.0941452227580859,0.11367766425715775,-0.1418418714835653,0.01658407916155258,0.03473191606848314,1,1,1,1,0.2219576719576719,0.1353362322326188,0.11500397312721211,0.03596420631049457,0.13357312188342996,0.053217035822073155,0.11481637821865776,0.03578990952301009
20260421,20260420,1,1,1,0,0.09274249502752197,0.11120846648111882,0.14503344067376767,-0.18459827634139558,0.01689874013102388,0.04785294420615416,1,1,1,1,0.25575170671558767,0.149174405159342,0.14243476975386216,0.04547482591046159,0.14529133072895006,0.048088946792633536,0.14707158351409966,0.04971810717877245
20260422,20260421,1,1,1,0,0.07430803503311068,0.09579931972789124,0.10935542533845233,-0.12933294494611125,0.02000476957627728,0.03262322272797813,1,1,1,1,0.24988858849044848,0.16343594921723392,0.12953632712668872,0.0514082463246921,0.12070665571076411,0.043189308061186926,0.09108855047941344,0.01561983611691553
20260423,20260422,1,1,1,0,0.08884227931045063,0.12180211651083939,0.11134335557520703,-0.15595544130248495,0.030270533966831215,0.020665138277883743,1,1,1,1,0.2661134244325847,0.16280700014183647,0.161145795078957,0.0664040303562563,0.14865317048686633,0.054930720741568795,0.14927536231884053,0.05550214586327562
20260424,20260423,1,1,1,0,0.07860601077920881,0.10819638664897391,0.09411484393614478,-0.13868613138686137,0.02743390596200035,0.014378589588734059,1,1,1,1,0.277335264301231,0.18424638054673537,0.13951447791751992,0.056469615902019044,0.08529696578437718,0.00620333554449104,0.09442060085836901,0.014662063738857922
20260427,20260424,1,1,1,0,0.10672929358694128,0.15700866170550198,0.11804881991593907,-0.18651010376843247,0.045430593018464194,0.010227908843282618,1,1,0,1,0.40367948912878204,0.2683133059389946,0.20920754716981138,0.0925955915115746,0.07570621468926553,-0.0280313163096364,0.13518326161151495,0.025709961947743887
20260428,20260427,1,1,1,0,0.127868283682127,0.18068541363006152,0.14002468120115186,-0.2669373255518903,0.046829164993897665,0.010778206724049388,1,1,0,1,0.4078459255595399,0.2482361158019053,0.2359144088669951,0.09579675813928601,0.1124675976252194,-0.013654684930610284,0.1844344731548817,0.05015318746980291
20260429,20260428,1,1,1,0,0.12614522841274112,0.1778140001432973,0.14314928425357887,-0.27655771195097034,0.04588109102356297,0.015099345459025804,1,1,0,1,0.41615287775589893,0.2575224243074872,0.2380392156862745,0.0993601752690847,0.10422630072402761,-0.019463677628512865,0.18781486146095716,0.05476170523329138
20260430,20260429,1,1,1,0,0.09416612848663775,0.1462108874181367,0.09709677419354823,-0.18711484593837546,0.04756568273913131,0.002678428467680627,1,1,0,0,0.3691657031582789,0.25133256048786534,0.1972159518434915,0.0941811491636868,0.009159946762702598,-0.07769037946870894,0.08788282290279614,-0.005742551720671618
